project_id,location,plot_area_sqft,builtup_area_sqft,floors,bedrooms,bathrooms,construction_quality,material_quality,parking,material_cost,labour_cost,other_cost,total_construction_cost,estimated_days
CP00001,Mumbai,1460,1707,2,4,4,Standard,Standard,No,3227297,1652094,787432,5666822,153
CP00002,Kochi,4372,2209,1,4,5,Premium,Basic,Yes,2236329,1753658,640208,4792998,145
CP00003,Bengaluru,3692,5119,2,8,8,Economy,Basic,Yes,6011557,3358281,1820434,11387631,197
CP00004,Delhi,1066,1557,3,3,3,Economy,Standard,Yes,2389312,1127697,705647,4427088,183
CP00005,Delhi,4044,8282,3,8,7,Standard,Premium,Yes,17113175,7011639,3272013,27636215,259
CP00006,Hyderabad,3771,2074,1,4,4,Standard,Standard,Yes,2469366,1342200,688241,4601377,114
CP00007,Delhi,3519,7314,4,8,8,Premium,Basic,Yes,9946543,8605235,3181665,21901308,300
CP00008,Chennai,730,1135,2,2,2,Standard,Standard,No,1166117,635513,330104,2131734,142
CP00009,Delhi,2285,2086,2,4,4,Premium,Standard,No,2967906,2386473,944653,6299033,201
CP00010,Chennai,1369,2477,3,4,5,Economy,Standard,Yes,2711729,1326678,658539,4853726,188
CP00011,Bengaluru,2991,4105,3,7,6,Economy,Standard,Yes,5087937,2617721,1600869,9476794,224
CP00012,Chennai,3033,7512,4,8,7,Standard,Premium,Yes,10508357,4511750,2431601,17641096,300
CP00013,Bengaluru,1784,2231,2,4,4,Premium,Standard,Yes,2731378,2030974,760732,5636239,201
CP00014,Bengaluru,3985,6725,3,8,7,Standard,Standard,No,8218533,4678525,2261242,15158300,245
CP00015,Bengaluru,4717,2340,1,4,4,Economy,Standard,Yes,3037636,1328224,805633,5384992,123
CP00016,Chennai,3504,6115,3,8,8,Standard,Premium,No,7684917,3956886,1751741,13393544,265
CP00017,Kochi,1074,2208,3,4,4,Standard,Standard,No,2361654,1288820,620737,4271211,204
CP00018,Bengaluru,1682,2434,2,4,4,Standard,Standard,Yes,3045013,1675045,881094,5796555,146
CP00019,Kochi,3158,4015,2,7,6,Economy,Standard,Yes,4437471,2053578,1095651,7822041,172
CP00020,Chennai,2647,5212,3,8,8,Premium,Standard,Yes,5794274,3978249,1651809,11510661,269
CP00021,Mumbai,3347,1741,1,3,4,Standard,Premium,Yes,3707263,1498210,823295,6110670,102
CP00022,Bengaluru,1575,867,1,2,3,Standard,Premium,No,1319044,610844,318735,2248623,106
CP00023,Chennai,2406,3657,3,7,7,Economy,Standard,Yes,3838876,1965222,1186809,7071599,234
CP00024,Chennai,789,847,2,2,2,Economy,Standard,Yes,941563,428896,238867,1802477,138
CP00025,Kochi,3334,5288,3,8,7,Standard,Premium,No,6691554,2911812,1316293,10919659,233
CP00026,Chennai,3605,4555,2,8,8,Premium,Basic,Yes,4529358,3513041,1380066,9599195,219
CP00027,Hyderabad,2499,1616,1,3,2,Standard,Basic,Yes,1727029,955240,516874,3301340,120
CP00028,Kochi,1867,4372,3,7,7,Premium,Standard,Yes,4472259,3476144,1154574,9232087,270
CP00029,Kochi,2128,2206,2,4,4,Premium,Standard,Yes,2223384,1766942,691628,4794793,202
CP00030,Hyderabad,3802,2564,1,5,5,Economy,Premium,Yes,3518611,1436050,790112,5926126,130
CP00031,Bengaluru,4156,9176,3,8,8,Standard,Standard,Yes,12308786,6333741,3287208,22046406,263
CP00032,Delhi,4490,5801,2,8,8,Standard,Standard,Yes,9586321,4591172,2329294,16594196,220
CP00033,Mumbai,1246,1343,2,2,1,Standard,Standard,Yes,2479011,1243194,586893,4549418,138
CP00034,Delhi,3488,3780,2,7,7,Standard,Standard,Yes,5756788,3270240,1698830,10928502,185
CP00035,Bengaluru,3035,4222,3,8,8,Standard,Standard,No,5329366,2762087,1375666,9467120,227
CP00036,Pune,1200,2004,3,4,5,Standard,Standard,Yes,2491339,1315905,692498,4667208,201
CP00037,Pune,2963,6316,3,8,8,Premium,Standard,Yes,7687186,5341259,1980791,15144236,275
CP00038,Mumbai,2661,1241,1,3,4,Economy,Standard,No,1911931,977374,587819,3477124,104
CP00039,Kochi,841,1328,3,2,3,Standard,Basic,No,1294853,713363,374868,2383083,178
CP00040,Mumbai,2641,3682,2,6,6,Standard,Standard,No,6796285,3537597,1764590,12098473,174
CP00041,Mumbai,3424,4957,2,8,7,Standard,Basic,Yes,8188509,4410602,2287636,14980849,199
CP00042,Hyderabad,3212,3914,2,7,7,Standard,Premium,Yes,5983191,2372073,1286154,9790165,193
CP00043,Hyderabad,1963,4088,3,7,7,Premium,Standard,Yes,4902586,3624805,1360555,9992250,253
CP00044,Pune,2078,3651,3,8,8,Standard,Premium,No,5418460,2536025,1293124,9247609,251
CP00045,Mumbai,3156,1596,1,3,3,Standard,Standard,Yes,2798448,1583548,745554,5351695,119
CP00046,Chennai,1375,1620,2,3,3,Standard,Premium,Yes,2254640,1040789,453374,3969956,149
CP00047,Delhi,4614,9038,3,8,8,Standard,Basic,Yes,13253914,7091004,3844657,24279748,281
CP00048,Pune,634,495,1,1,1,Standard,Basic,Yes,543022,325208,166982,1227453,91
CP00049,Mumbai,3752,7114,4,8,8,Premium,Basic,Yes,11196895,9254544,3491820,24147300,331
CP00050,Chennai,2555,3206,2,6,5,Premium,Standard,No,3383011,2850295,1050298,7283604,198
CP00051,Mumbai,2185,2469,2,4,5,Standard,Basic,No,3745184,2342098,1192997,7280279,153
CP00052,Kochi,4543,5705,2,8,8,Standard,Standard,Yes,5692589,3382137,1830646,10993717,199
CP00053,Bengaluru,3673,1683,1,4,4,Economy,Standard,No,2192452,1070666,611277,3874395,127
CP00054,Chennai,1621,3628,4,6,6,Economy,Standard,Yes,4086253,1862334,1147854,7195537,234
CP00055,Kochi,4061,5985,2,8,8,Economy,Standard,Yes,6316894,2831716,1714685,10943912,216
CP00056,Delhi,3213,6206,3,8,8,Economy,Basic,Yes,8873719,4346328,2557800,15933093,242
CP00057,Bengaluru,4443,5400,2,8,8,Standard,Standard,Yes,6610900,3407161,1794775,11962293,210
CP00058,Kochi,2100,1154,1,2,2,Standard,Standard,Yes,1116997,642678,332504,2317470,102
CP00059,Hyderabad,761,421,1,1,1,Standard,Premium,Yes,649409,246381,139585,1116989,97
CP00060,Pune,4897,5720,2,8,8,Standard,Standard,No,6905627,3922852,1865304,12693782,237
CP00061,Mumbai,2581,7665,4,8,8,Standard,Premium,No,18121763,6783650,3597383,28502796,315
CP00062,Pune,1595,2515,2,4,5,Standard,Standard,Yes,3095016,1692454,778605,5776535,170
CP00063,Delhi,3942,4758,2,8,8,Standard,Premium,Yes,9497500,4224072,2059754,15880234,201
CP00064,Mumbai,4398,5169,2,8,7,Premium,Basic,Yes,8255027,6943191,2322068,17648749,239
CP00065,Bengaluru,1875,2798,2,5,5,Economy,Standard,Yes,3738967,1601395,988360,6431636,165
CP00066,Chennai,1616,1937,2,4,3,Premium,Premium,Yes,2737766,1628893,590976,5139345,178
CP00067,Chennai,937,1808,3,4,4,Standard,Basic,Yes,1842670,1085325,537879,3626212,168
CP00068,Mumbai,1478,1569,2,3,3,Standard,Standard,Yes,2795581,1471799,807583,5156227,144
CP00069,Bengaluru,1676,2380,2,5,4,Economy,Premium,Yes,3651730,1370506,899436,6022379,171
CP00070,Mumbai,4593,2922,1,6,7,Economy,Standard,Yes,4872408,2437154,1225292,8632923,151
CP00071,Mumbai,979,2871,4,5,6,Standard,Basic,No,4540458,2541642,1255124,8337223,242
CP00072,Kochi,1092,789,1,1,1,Standard,Standard,No,808091,438395,232753,1479240,84
CP00073,Mumbai,2662,1398,1,3,2,Standard,Basic,Yes,2130276,1367226,739212,4361766,105
CP00074,Chennai,4484,6281,2,8,8,Standard,Premium,Yes,9366518,3672000,1730351,14899573,224
CP00075,Delhi,664,969,2,2,3,Standard,Basic,No,1262699,761386,417272,2441357,115
CP00076,Mumbai,3168,3618,2,6,5,Standard,Basic,Yes,5685376,3318489,1554763,10741250,176
CP00077,Chennai,2627,2681,2,5,6,Premium,Standard,Yes,2845999,2190298,714880,5902358,200
CP00078,Hyderabad,3295,4457,3,8,8,Premium,Standard,Yes,5453159,3882199,1578205,11141504,263
CP00079,Bengaluru,2095,1273,1,2,2,Standard,Premium,Yes,2304260,926003,449431,3888977,84
CP00080,Hyderabad,991,1704,3,3,3,Standard,Basic,Yes,1749257,1115429,487239,3486881,194
CP00081,Mumbai,4161,5361,2,8,8,Economy,Basic,Yes,8780077,4542798,2539946,16018788,222
CP00082,Chennai,2878,2969,2,6,6,Premium,Standard,Yes,3431775,2173830,848968,6612953,197
CP00083,Bengaluru,3699,5555,2,8,8,Standard,Premium,No,9463599,3977260,1867369,15308227,171
CP00084,Pune,800,864,2,2,2,Premium,Standard,Yes,1078520,749917,279760,2227323,189
CP00085,Bengaluru,3704,5881,3,8,8,Standard,Standard,Yes,6911907,3765409,2054650,12909545,241
CP00086,Bengaluru,3054,3776,2,7,8,Premium,Standard,Yes,5001391,3615462,1337841,10045080,210
CP00087,Mumbai,4245,5302,2,8,8,Standard,Standard,Yes,9465623,5135454,2440181,17160924,207
CP00088,Kochi,1404,1474,2,2,1,Standard,Standard,Yes,1526218,877348,401511,2990730,143
CP00089,Hyderabad,3331,7263,4,8,8,Standard,Standard,Yes,8362558,4453420,2343351,15287948,281
CP00090,Hyderabad,3373,3436,2,7,7,Premium,Premium,Yes,5212366,2921484,1040076,9390247,221
CP00091,Pune,2170,6088,4,8,8,Premium,Premium,Yes,9479126,4935989,1929676,16427403,311
CP00092,Mumbai,3290,4734,2,8,8,Standard,Standard,No,8213557,4990232,2286722,15490511,197
CP00093,Bengaluru,4440,2716,1,6,5,Standard,Standard,No,3301377,1748636,938738,5988751,123
CP00094,Kochi,1628,1139,1,2,1,Standard,Standard,Yes,1214544,622927,315963,2246778,118
CP00095,Delhi,1102,1559,2,3,3,Standard,Basic,Yes,2146809,1242068,696122,4192013,154
CP00096,Hyderabad,1470,732,1,1,1,Premium,Standard,No,818645,628996,237413,1685054,112
CP00097,Hyderabad,806,635,1,1,1,Standard,Standard,Yes,736293,383086,224245,1583821,96
CP00098,Chennai,2084,4609,3,8,8,Standard,Premium,No,6602161,2914485,1362094,10878739,229
CP00099,Bengaluru,1463,2289,3,4,5,Standard,Standard,Yes,2954171,1604270,823124,5618900,194
CP00100,Mumbai,3390,5239,3,8,8,Standard,Standard,Yes,9209619,4654710,2734663,16756294,250
CP00101,Hyderabad,1163,574,1,1,1,Premium,Standard,Yes,679327,507223,171122,1570733,126
CP00102,Kochi,4791,2387,1,4,4,Standard,Standard,No,2467167,1422627,665660,4555454,120
CP00103,Mumbai,2357,1677,1,4,5,Standard,Standard,Yes,2927773,1551277,864185,5531150,131
CP00104,Bengaluru,2278,4198,3,8,8,Standard,Premium,No,6980258,2730882,1506821,11217961,237
CP00105,Bengaluru,3842,11126,4,8,7,Standard,Premium,No,18580047,7829968,3833204,30243219,304
CP00106,Hyderabad,1659,2359,2,4,3,Standard,Standard,Yes,2856694,1535114,681486,5178329,180
CP00107,Pune,2322,1536,1,3,3,Premium,Basic,Yes,1742805,1299910,467406,3695911,129
CP00108,Mumbai,3914,5403,2,8,8,Standard,Premium,Yes,12340504,5426400,2522922,20481759,213
CP00109,Mumbai,3757,3429,2,5,4,Premium,Standard,Yes,5694629,4316511,1566638,11815037,221
CP00110,Chennai,3225,3606,2,6,7,Economy,Standard,No,4075129,1947858,1031209,7054196,162
CP00111,Kochi,3329,4482,2,8,8,Premium,Basic,Yes,4304317,3176468,1136892,8708438,253
CP00112,Bengaluru,2197,2987,3,5,5,Standard,Basic,Yes,3430221,1985461,946639,6495227,226
CP00113,Bengaluru,3660,1689,1,3,3,Economy,Basic,Yes,1982399,980276,551900,3721158,107
CP00114,Hyderabad,3293,2463,1,4,4,Standard,Standard,No,2802824,1474789,781308,5058921,129
CP00115,Hyderabad,4227,11656,4,8,8,Premium,Standard,Yes,12603748,9897738,3595852,26236582,334
CP00116,Hyderabad,1963,1065,1,2,3,Economy,Basic,No,1068349,560418,336652,1965419,92
CP00117,Chennai,2581,1782,1,3,3,Standard,Standard,No,1733058,1057991,535081,3326129,100
CP00118,Kochi,2263,1646,1,3,3,Premium,Standard,No,1750607,1241013,421244,3412865,163
CP00119,Pune,2129,1186,1,2,2,Economy,Basic,Yes,1288143,622412,416359,2488342,99
CP00120,Hyderabad,2638,2440,2,5,6,Standard,Basic,Yes,2623703,1535434,802405,5167387,151
CP00121,Hyderabad,3902,9089,3,8,8,Standard,Basic,Yes,9732801,5690123,2870376,18535252,276
CP00122,Delhi,2837,3238,2,6,7,Standard,Standard,Yes,4888823,2582705,1316759,8896178,189
CP00123,Kochi,1906,1857,2,4,3,Standard,Basic,No,1688908,1124595,572436,3385939,161
CP00124,Hyderabad,4629,5759,2,8,8,Economy,Standard,Yes,6442052,3132503,1703521,11524081,203
CP00125,Chennai,3275,4709,2,8,8,Standard,Basic,Yes,5019028,2927066,1495692,9671895,200
CP00126,Mumbai,1882,2978,3,6,5,Economy,Basic,Yes,4688597,2331789,1354941,8497793,239
CP00127,Pune,1309,2137,3,4,4,Standard,Standard,Yes,2557486,1247588,760908,4734297,198
CP00128,Mumbai,4348,2325,1,4,3,Standard,Basic,Yes,3725734,2426628,1147109,7470414,118
CP00129,Delhi,1263,3020,3,5,4,Standard,Basic,Yes,3920095,2558193,1336522,8057750,215
CP00130,Bengaluru,2598,2697,2,5,5,Standard,Standard,Yes,3357499,1894765,942305,6333485,180
CP00131,Bengaluru,4045,10540,4,8,8,Premium,Standard,Yes,12876230,9975391,3733817,26804180,359
CP00132,Hyderabad,4343,6721,2,8,8,Premium,Standard,Yes,7431646,5830262,2121081,15612477,247
CP00133,Delhi,2095,4201,4,7,7,Premium,Basic,Yes,5761532,4510562,1656805,12092075,303
CP00134,Mumbai,3904,9250,3,8,7,Standard,Premium,Yes,21203992,8423226,4731481,34592370,271
CP00135,Chennai,4363,3410,1,6,7,Premium,Premium,No,4631522,2620406,1006677,8258604,168
CP00136,Pune,2453,3726,2,6,6,Premium,Standard,No,4442530,3411378,1236777,9090684,197
CP00137,Kochi,1891,3971,4,8,7,Standard,Standard,Yes,4162971,2126156,1023997,7423078,278
CP00138,Mumbai,4181,8427,3,8,8,Standard,Premium,Yes,19629261,7471536,4001901,31344965,269
CP00139,Delhi,4057,2906,1,4,4,Economy,Basic,Yes,3983759,2008227,1249602,7338308,98
CP00140,Delhi,2236,5333,3,8,8,Standard,Basic,No,7489116,4418737,2471799,14379651,249
CP00141,Kochi,4296,4408,2,8,8,Premium,Basic,No,4087310,3383531,1251390,8722231,232
CP00142,Mumbai,3599,2584,1,4,4,Standard,Premium,Yes,6215245,2420327,1214830,10098534,131
CP00143,Pune,3752,4266,2,7,7,Standard,Standard,No,5274186,2883743,1352118,9510047,188
CP00144,Mumbai,1298,663,1,1,2,Economy,Premium,Yes,1476219,572575,306129,2511952,109
CP00145,Mumbai,2760,4947,3,8,8,Economy,Standard,Yes,8534213,4046673,2628976,15404525,253
CP00146,Pune,4697,6837,2,8,8,Standard,Premium,No,10923355,4774589,2112076,17810020,200
CP00147,Chennai,1454,2672,3,4,4,Premium,Premium,Yes,3740715,2223829,781670,6873923,215
CP00148,Kochi,4074,2599,1,5,5,Standard,Premium,Yes,3258160,1410691,803979,5636860,135
CP00149,Delhi,2307,3683,2,8,8,Premium,Standard,No,5738911,3999702,1653841,11392455,222
CP00150,Pune,3377,1991,1,4,4,Economy,Premium,Yes,3083825,1066842,748334,5094709,136
CP00151,Hyderabad,2333,1552,1,2,1,Standard,Premium,No,2393700,968426,520350,3882477,92
CP00152,Hyderabad,4110,2374,1,4,5,Standard,Standard,Yes,2746449,1474766,758802,5174469,138
CP00153,Hyderabad,802,471,1,1,1,Premium,Standard,Yes,558060,412497,153882,1263525,91
CP00154,Hyderabad,3855,5346,2,8,7,Economy,Standard,Yes,6796794,2840328,1581773,11388989,203
CP00155,Kochi,4818,7499,2,8,8,Economy,Standard,Yes,8238333,3678258,2124351,14167620,237
CP00156,Bengaluru,1366,1748,2,3,4,Standard,Standard,No,2180201,1135691,568129,3884021,148
CP00157,Chennai,4989,7173,2,8,8,Premium,Basic,No,7221471,5880323,2336529,15438323,249
CP00158,Bengaluru,2927,4225,3,7,7,Economy,Standard,Yes,5369768,2418691,1329182,9321204,238
CP00159,Mumbai,3531,5549,3,8,8,Economy,Basic,Yes,8883981,4403173,2624236,16054281,251
CP00160,Mumbai,797,997,2,2,2,Standard,Standard,No,1644693,926182,448415,3019290,135
CP00161,Pune,2530,2312,2,4,5,Standard,Standard,No,2915510,1641224,809133,5365867,175
CP00162,Hyderabad,4182,2252,1,4,3,Premium,Premium,No,3069577,1802350,716614,5588541,156
CP00163,Pune,1208,3049,4,6,6,Premium,Basic,Yes,3318086,2808585,1004374,7239592,286
CP00164,Mumbai,3872,1762,1,3,4,Standard,Premium,Yes,3748182,1687577,785807,6436880,125
CP00165,Hyderabad,1747,1895,2,3,3,Premium,Standard,No,2127136,1502098,648001,4277236,150
CP00166,Kochi,4882,6150,2,8,8,Standard,Standard,No,6480644,3453352,1655055,11589051,204
CP00167,Delhi,3997,5200,2,8,8,Standard,Standard,Yes,8286238,3857696,2130928,14374433,200
CP00168,Chennai,3111,2407,1,5,6,Premium,Standard,Yes,2755937,2117302,721915,5701218,171
CP00169,Mumbai,2394,4854,3,8,8,Standard,Standard,Yes,8477077,4574086,2405012,15584246,261
CP00170,Delhi,1259,749,1,1,1,Standard,Basic,No,1079245,664251,309140,2052636,69
CP00171,Pune,3411,5291,2,8,8,Standard,Standard,No,6386075,3727031,1896562,12009668,203
CP00172,Delhi,1969,1426,1,2,3,Standard,Premium,No,2773524,1163817,600915,4538256,117
CP00173,Pune,2586,1344,1,2,1,Economy,Basic,Yes,1485471,755090,487860,2968376,82
CP00174,Mumbai,746,1109,3,2,3,Standard,Standard,Yes,1880208,1074509,502938,3691179,176
CP00175,Bengaluru,3819,2621,1,5,5,Premium,Premium,No,4287271,2673432,932895,7893598,170
CP00176,Kochi,3511,6803,3,8,7,Standard,Premium,Yes,9064911,3840623,1852892,14894477,258
CP00177,Kochi,2334,3390,2,6,6,Standard,Premium,Yes,4319778,1927106,957099,7368199,168
CP00178,Chennai,2443,1731,1,3,3,Premium,Premium,Yes,2507962,1304029,477787,4428635,143
CP00179,Kochi,1088,2910,4,5,5,Economy,Standard,No,3058465,1346870,897762,5303097,226
CP00180,Delhi,3576,2843,1,5,5,Standard,Premium,Yes,5953620,2328453,1292517,9815893,149
CP00181,Kochi,2559,4888,3,8,7,Standard,Premium,Yes,6144057,2967447,1495545,10690977,228
CP00182,Delhi,2985,1461,1,3,3,Economy,Standard,Yes,2185745,1141898,649026,4064168,112
CP00183,Mumbai,3519,7811,3,8,8,Standard,Standard,Yes,14367640,7686437,4366974,26577788,282
CP00184,Kochi,2402,1292,1,2,3,Standard,Standard,Yes,1378740,749362,372893,2600486,116
CP00185,Mumbai,4661,6731,2,8,7,Premium,Standard,Yes,12189813,9022089,3557771,24878248,225
CP00186,Kochi,3969,9346,3,8,8,Premium,Standard,No,10333714,6945551,2662034,19941298,292
CP00187,Pune,862,2392,4,4,4,Premium,Standard,Yes,2805819,2279388,818263,6149541,261
CP00188,Hyderabad,1223,2416,3,4,5,Standard,Standard,Yes,2694018,1413172,798641,5041825,193
CP00189,Hyderabad,1616,2962,3,6,6,Standard,Standard,No,3538241,1823626,831538,6193405,219
CP00190,Hyderabad,4243,7351,3,8,8,Premium,Basic,Yes,7835077,6456252,2299906,16819960,292
CP00191,Pune,2649,1519,1,3,3,Standard,Standard,Yes,1828785,978419,494598,3506191,134
CP00192,Hyderabad,4323,5816,2,8,7,Standard,Basic,Yes,6008563,4116313,1829293,12071628,205
CP00193,Mumbai,3708,5287,2,8,8,Standard,Basic,No,8049349,5244944,2428451,15722744,217
CP00194,Bengaluru,4690,6448,2,8,8,Standard,Standard,No,8671724,4667913,2246623,15586260,212
CP00195,Bengaluru,2656,2759,2,5,4,Standard,Standard,Yes,3773039,1831471,972238,6773310,189
CP00196,Kochi,3770,4696,2,8,8,Standard,Basic,Yes,4613939,2805869,1257687,8889169,209
CP00197,Bengaluru,2282,1659,1,3,4,Standard,Standard,No,2153444,1191073,573644,3918161,113
CP00198,Hyderabad,2855,3520,2,6,7,Standard,Standard,Yes,4161529,2391077,1092281,7830234,179
CP00199,Bengaluru,1754,1118,1,2,2,Standard,Standard,No,1432995,686866,413608,2533470,91
CP00200,Delhi,3791,5458,2,8,8,Premium,Standard,Yes,7812709,5947805,2371951,16299164,249
CP00201,Hyderabad,2296,3129,2,5,6,Premium,Basic,Yes,3190693,2705971,940140,6973467,192
CP00202,Delhi,4591,8171,3,8,8,Standard,Standard,Yes,12995966,6989339,3633167,23855532,236
CP00203,Mumbai,2248,5148,3,8,8,Economy,Premium,Yes,11379577,4191309,2463421,18190885,231
CP00204,Delhi,2045,2073,2,3,3,Standard,Standard,Yes,3212267,1608290,873959,5888489,152
CP00205,Mumbai,4799,3831,1,7,6,Standard,Premium,Yes,9170972,3713895,1736962,14755201,142
CP00206,Pune,4523,4446,2,8,7,Economy,Standard,Yes,5632071,2532680,1484981,9869230,194
CP00207,Pune,853,388,1,1,2,Standard,Standard,Yes,487079,256042,135298,1021898,67
CP00208,Kochi,3783,5761,2,8,7,Premium,Premium,Yes,7915128,4424922,1618181,14084517,231
CP00209,Delhi,3157,3382,2,6,6,Standard,Standard,Yes,5374484,2974713,1555135,10048052,202
CP00210,Chennai,698,492,1,1,1,Standard,Premium,No,696767,292926,155598,1145290,83
CP00211,Mumbai,2800,4109,2,8,7,Standard,Standard,No,7724497,3698080,1873577,13296155,200
CP00212,Hyderabad,3561,10692,4,8,8,Standard,Premium,Yes,15032506,7208639,3420810,25907030,335
CP00213,Chennai,4377,13954,4,8,8,Standard,Standard,Yes,15391116,8936312,3840425,28288808,330
CP00214,Mumbai,3469,3836,2,8,7,Standard,Premium,Yes,8611358,3675257,1734529,14116176,203
CP00215,Hyderabad,3834,2678,1,5,5,Economy,Basic,Yes,2859768,1496815,755487,5304181,123
CP00216,Mumbai,4391,2153,1,4,3,Standard,Standard,Yes,3737823,1909381,933854,6772488,126
CP00217,Mumbai,1556,1843,2,3,4,Standard,Premium,Yes,4624653,1756500,868913,7355059,170
CP00218,Hyderabad,4667,13941,4,8,7,Standard,Basic,No,15022483,8030054,4341396,27393933,311
CP00219,Mumbai,760,439,1,1,1,Standard,Standard,Yes,741778,445138,213593,1633158,88
CP00220,Mumbai,1900,3744,3,7,6,Standard,Premium,Yes,7652749,3325395,1700456,12852602,212
CP00221,Mumbai,4587,2872,1,5,5,Economy,Standard,No,4824639,2295352,1447522,8567514,155
CP00222,Kochi,2127,5752,4,8,7,Standard,Standard,Yes,6145837,3314005,1618298,11297934,266
CP00223,Pune,1818,2874,2,5,4,Standard,Standard,Yes,3440918,1974983,966073,6492443,162
CP00224,Bengaluru,3704,5217,3,8,7,Economy,Standard,Yes,6448055,3140433,1451928,11201326,229
CP00225,Mumbai,3335,4341,2,8,8,Economy,Basic,No,6677179,3744695,2084057,12505931,186
CP00226,Kochi,1554,2337,2,4,5,Standard,Basic,Yes,2270905,1385632,697502,4477170,161
CP00227,Hyderabad,4046,2502,1,4,5,Standard,Basic,Yes,2566382,1679388,680486,5009345,121
CP00228,Delhi,1645,785,1,1,2,Standard,Standard,No,1187859,601535,330352,2119746,96
CP00229,Mumbai,2293,5926,4,8,7,Standard,Standard,Yes,10844655,5551113,2709804,19321444,289
CP00230,Kochi,4036,6855,3,8,8,Premium,Standard,No,7611052,5393970,2134268,15139291,261
CP00231,Pune,1162,1757,3,3,4,Premium,Standard,Yes,2031248,1688669,535031,4415188,217
CP00232,Kochi,3085,4609,2,8,8,Standard,Standard,No,5043381,2560790,1483892,9088063,193
CP00233,Pune,3954,7503,3,8,8,Premium,Basic,No,8134661,7342037,2667969,18144666,287
CP00234,Delhi,825,640,1,1,1,Standard,Standard,Yes,1021799,547090,270632,1921588,95
CP00235,Mumbai,1559,2282,2,4,4,Premium,Standard,Yes,4121641,2852241,1001012,8212564,186
CP00236,Chennai,3667,5079,2,8,8,Standard,Premium,No,7268789,2871485,1481755,11622029,223
CP00237,Delhi,1415,1278,2,3,2,Standard,Standard,Yes,1973029,1113009,558859,3790236,128
CP00238,Bengaluru,3720,4462,2,8,8,Standard,Premium,Yes,7533904,2980239,1549577,12298492,190
CP00239,Hyderabad,616,319,1,1,1,Standard,Basic,No,317057,198235,93862,609153,92
CP00240,Kochi,1843,2833,2,6,6,Standard,Standard,Yes,2825155,1627894,861058,5440782,204
CP00241,Hyderabad,2805,4300,3,8,7,Standard,Standard,Yes,5379894,2736025,1346695,9704818,226
CP00242,Hyderabad,3124,3437,2,7,6,Economy,Premium,Yes,5401699,2016512,1101020,8744695,189
CP00243,Hyderabad,1669,1052,1,2,3,Standard,Standard,Yes,1263295,675811,351159,2483983,116
CP00244,Pune,4044,2192,1,4,4,Premium,Standard,Yes,2635753,1894013,761651,5458817,165
CP00245,Kochi,3165,1656,1,3,2,Standard,Basic,Yes,1455369,908692,502543,2996472,120
CP00246,Bengaluru,1660,2190,2,4,4,Standard,Standard,No,2711594,1637069,787221,5135884,150
CP00247,Mumbai,2927,2816,2,5,6,Standard,Standard,Yes,5037453,2633681,1297371,9090546,170
CP00248,Mumbai,4020,3781,2,8,8,Economy,Basic,Yes,6264799,3175504,1810274,11444844,200
CP00249,Chennai,901,1045,2,2,3,Standard,Basic,No,1052275,633025,338885,2024186,149
CP00250,Mumbai,4876,6848,2,8,7,Standard,Premium,Yes,15954192,6712331,3021002,25889818,215
CP00251,Bengaluru,1206,2330,3,5,6,Premium,Standard,Yes,2927241,2322137,749444,6164343,249
CP00252,Mumbai,3770,2254,1,4,3,Economy,Premium,No,5291183,1865266,1117054,8273503,123
CP00253,Pune,1299,1683,2,3,3,Standard,Premium,Yes,2551092,1156182,552383,4364314,150
CP00254,Delhi,1739,3014,3,5,4,Economy,Premium,Yes,6064014,2184894,1138627,9589060,205
CP00255,Mumbai,790,614,1,1,2,Standard,Premium,Yes,1391942,576073,307080,2445044,89
CP00256,Hyderabad,2900,1360,1,3,4,Standard,Premium,Yes,2160103,877966,440042,3644025,110
CP00257,Hyderabad,1580,3250,3,5,6,Standard,Standard,No,3324970,1980865,1185565,6491401,208
CP00258,Delhi,3575,5447,2,8,8,Standard,Basic,Yes,7503734,4309275,2314336,14342929,189
CP00259,Hyderabad,1784,2609,2,6,6,Standard,Standard,Yes,3043436,1691464,926374,5768516,174
CP00260,Hyderabad,3927,2020,1,3,3,Standard,Standard,No,2160120,1302125,673852,4136098,135
CP00261,Pune,3994,4421,2,7,6,Premium,Basic,Yes,4957076,4010280,1294192,10423425,203
CP00262,Pune,727,1019,2,2,1,Standard,Standard,Yes,1226500,671767,336887,2335417,133
CP00263,Pune,2665,1277,1,2,2,Standard,Standard,Yes,1486209,839776,419786,2895069,96
CP00264,Mumbai,2416,3547,2,8,8,Standard,Premium,Yes,8446165,3220654,1693463,13600584,202
CP00265,Delhi,1169,820,1,1,1,Premium,Standard,Yes,1225228,843291,326541,2639122,128
CP00266,Hyderabad,2495,3519,2,8,7,Standard,Standard,Yes,4195898,2315383,1161818,7767549,200
CP00267,Chennai,3333,1616,1,3,2,Premium,Standard,Yes,1790871,1366185,474788,3857577,118
CP00268,Delhi,4463,3129,1,6,6,Economy,Standard,Yes,4739638,2206078,1406899,8520875,121
CP00269,Chennai,4614,6348,2,8,8,Standard,Premium,Yes,8711139,4089091,2021971,15050672,182
CP00270,Hyderabad,3501,2593,1,6,6,Standard,Basic,No,2618498,1674426,805092,5098016,140
CP00271,Bengaluru,2286,3185,3,6,6,Standard,Standard,Yes,4170813,2234781,1058833,7563107,195
CP00272,Delhi,3609,1653,1,3,3,Standard,Standard,Yes,2663028,1528587,671001,5104857,85
CP00273,Mumbai,754,875,2,2,3,Standard,Standard,Yes,1582806,787292,420679,2898478,124
CP00274,Chennai,3137,1575,1,3,3,Standard,Standard,Yes,1730478,942770,481634,3289807,104
CP00275,Delhi,2009,2593,2,5,5,Economy,Standard,Yes,4103893,1772527,1059779,7178735,168
CP00276,Delhi,4657,14363,4,8,8,Standard,Standard,No,22398937,11843099,5882262,40124298,328
CP00277,Pune,1384,812,1,1,2,Economy,Standard,No,958863,454000,272546,1685409,93
CP00278,Bengaluru,3775,11260,4,8,8,Economy,Premium,Yes,17838620,6589309,4125499,28738084,321
CP00279,Pune,4941,2223,1,4,3,Standard,Standard,Yes,2656090,1388437,744297,5004307,120
CP00280,Bengaluru,3406,5200,3,8,8,Standard,Standard,Yes,6411016,3600201,1790998,11957529,251
CP00281,Bengaluru,1137,1047,2,2,2,Standard,Standard,Yes,1331334,692633,366354,2540352,132
CP00282,Mumbai,2441,4136,3,8,8,Standard,Basic,Yes,6972340,4208128,1771358,13053458,232
CP00283,Delhi,3055,4691,2,8,8,Standard,Premium,Yes,9496518,4091071,1942820,15634862,198
CP00284,Pune,1124,1087,2,2,2,Standard,Standard,Yes,1392565,729756,331663,2546603,136
CP00285,Pune,3550,2350,1,4,5,Premium,Premium,Yes,3696627,2044028,750131,6672382,162
CP00286,Chennai,4731,2876,1,5,5,Standard,Standard,Yes,3142370,1738952,815439,5783985,143
CP00287,Delhi,4715,11011,3,8,8,Standard,Premium,No,20708128,9576115,4366997,34651240,282
CP00288,Hyderabad,2968,2925,2,5,5,Standard,Standard,No,3464833,1811389,866918,6143140,174
CP00289,Hyderabad,4447,4662,2,8,7,Standard,Basic,Yes,4718968,2703564,1673420,9232243,191
CP00290,Chennai,3301,4558,3,8,7,Standard,Basic,Yes,4357079,2833132,1362767,8651474,272
CP00291,Bengaluru,1571,1891,2,3,4,Standard,Standard,Yes,2295171,1339346,699540,4449972,133
CP00292,Chennai,1766,3865,4,6,6,Standard,Standard,No,4311683,2356243,1212419,7880344,255
CP00293,Chennai,3374,7636,3,8,8,Standard,Standard,No,8205428,4407777,2385427,14998632,292
CP00294,Pune,2582,3417,2,5,5,Economy,Premium,No,5728980,2008938,1164400,8902319,184
CP00295,Chennai,1453,2898,3,5,5,Standard,Standard,Yes,3330488,1838683,978212,6367596,197
CP00296,Kochi,4746,3019,1,5,5,Standard,Standard,Yes,3087449,1745056,882486,5946976,151
CP00297,Bengaluru,4336,4181,2,8,8,Standard,Premium,Yes,6222705,2827736,1288355,10531358,204
CP00298,Hyderabad,4369,5293,2,8,8,Standard,Standard,Yes,6142363,3272022,1649869,11300526,198
CP00299,Mumbai,1174,938,1,2,1,Standard,Premium,Yes,2119528,882678,421975,3609960,103
CP00300,Delhi,3861,8598,3,8,8,Economy,Standard,Yes,13712257,6003603,3307822,23200944,257
CP00301,Chennai,1748,3999,3,7,7,Standard,Standard,No,4401269,2356935,1230771,7988974,225
CP00302,Delhi,2315,3417,2,7,7,Standard,Basic,No,4953996,2916662,1256525,9127183,190
CP00303,Chennai,4454,4329,2,8,7,Standard,Premium,Yes,6312614,2713823,1307166,10523968,211
CP00304,Kochi,3091,6548,4,8,7,Standard,Premium,No,8441191,4003164,1681703,14126059,296
CP00305,Delhi,3260,2941,2,6,7,Standard,Premium,Yes,5711966,2357651,1222218,9473858,170
CP00306,Pune,3724,4142,2,8,8,Premium,Standard,No,4920715,3552205,1430546,9903466,236
CP00307,Pune,3651,3563,2,6,6,Standard,Premium,No,5566834,2450840,1129722,9147397,179
CP00308,Delhi,604,1115,3,2,2,Standard,Standard,Yes,1698580,893846,435070,3234878,181
CP00309,Chennai,1476,2028,2,3,3,Standard,Standard,Yes,2294907,1146318,595968,4250083,138
CP00310,Kochi,1591,3608,3,7,7,Standard,Premium,Yes,5000047,1959624,1066488,8143577,225
CP00311,Kochi,4742,10132,3,8,7,Standard,Basic,No,9368622,5724371,2940190,18033183,248
CP00312,Chennai,4964,7728,2,8,8,Premium,Standard,Yes,8726157,6771622,2308433,17963232,260
CP00313,Bengaluru,1235,1158,2,2,3,Standard,Standard,No,1396248,793913,379455,2569615,159
CP00314,Hyderabad,2293,3124,3,7,7,Standard,Standard,Yes,3709126,1995108,960032,6910047,241
CP00315,Hyderabad,2282,3110,2,6,5,Economy,Standard,Yes,3716904,1565636,1020189,6544250,190
CP00316,Kochi,719,1189,3,2,3,Standard,Standard,No,1256197,714133,336146,2306477,179
CP00317,Mumbai,1430,3081,4,5,6,Premium,Premium,Yes,7197558,4166974,1500356,13109717,296
CP00318,Hyderabad,4275,4837,2,8,8,Standard,Standard,Yes,5733584,2975879,1490729,10354208,199
CP00319,Mumbai,1969,3215,3,6,7,Standard,Standard,Yes,5895537,2980353,1438557,10451345,212
CP00320,Pune,1340,2528,3,5,5,Premium,Standard,Yes,3149646,2360336,934478,6628907,250
CP00321,Mumbai,716,1297,3,3,3,Economy,Premium,Yes,3110868,1046402,651851,5049645,179
CP00322,Mumbai,3438,4327,2,8,8,Standard,Basic,Yes,6422733,4016052,2111517,12698945,191
CP00323,Hyderabad,1750,1199,1,2,3,Premium,Standard,Yes,1392181,1001060,373960,2950138,114
CP00324,Kochi,2531,2963,2,5,4,Standard,Basic,No,2781580,1709062,916488,5407130,161
CP00325,Chennai,1612,1734,2,3,3,Economy,Standard,Yes,1919016,916700,495340,3502327,169
CP00326,Kochi,2264,2300,2,4,5,Economy,Standard,No,2490116,1132355,681844,4304315,158
CP00327,Pune,1681,2886,3,5,4,Standard,Standard,Yes,3510078,1930618,954540,6521690,196
CP00328,Bengaluru,1112,1578,2,3,3,Economy,Standard,Yes,2003241,914370,535835,3553368,146
CP00329,Mumbai,3449,4931,2,8,8,Standard,Premium,Yes,11492894,4768220,2327478,18692567,210
CP00330,Mumbai,1159,792,1,1,1,Economy,Standard,Yes,1309917,633624,409946,2474034,70
CP00331,Delhi,4272,6816,3,8,8,Standard,Premium,Yes,14494951,5648204,2541308,22890908,241
CP00332,Mumbai,3943,5171,2,8,8,Standard,Standard,Yes,9062826,5317021,2730066,17240753,189
CP00333,Kochi,4670,3034,1,5,5,Standard,Basic,No,3022062,1733026,917807,5672895,154
CP00334,Chennai,2070,2564,2,4,3,Standard,Standard,Yes,2723986,1510127,770926,5204073,159
CP00335,Bengaluru,1180,2274,3,5,5,Standard,Premium,Yes,3603119,1516180,773370,6002962,200
CP00336,Kochi,2894,3600,2,7,6,Economy,Standard,Yes,3727756,1552273,1025352,6407608,188
CP00337,Delhi,3747,2427,1,4,4,Economy,Premium,No,4865814,1913671,1048979,7828465,112
CP00338,Kochi,4849,13585,4,8,8,Economy,Basic,Yes,12517204,7304529,4158484,24138145,330
CP00339,Hyderabad,2279,3338,3,6,6,Standard,Standard,No,3731321,2168941,1081998,6982260,238
CP00340,Pune,4106,11699,4,8,7,Economy,Standard,Yes,14365581,6223416,3925057,24691374,306
CP00341,Chennai,3344,3327,2,6,6,Standard,Standard,Yes,3871933,2269142,999685,7272531,192
CP00342,Bengaluru,3956,3744,2,6,5,Standard,Standard,Yes,5050492,2402017,1148830,8838609,182
CP00343,Pune,4645,11031,3,8,8,Premium,Standard,No,13190883,10021878,3277660,26490421,296
CP00344,Hyderabad,1843,2893,2,6,7,Standard,Standard,Yes,3197151,1666476,971460,5921156,189
CP00345,Pune,3718,5255,3,8,7,Standard,Standard,Yes,6291692,3091602,1783298,11330355,223
CP00346,Delhi,2741,3317,2,7,6,Standard,Basic,Yes,4912096,2818612,1462301,9355461,172
CP00347,Mumbai,3659,3770,2,7,7,Standard,Standard,Yes,6908239,3684170,1897440,12675984,213
CP00348,Mumbai,3559,2206,1,4,3,Standard,Standard,Yes,3942458,2130360,1097830,7349586,119
CP00349,Chennai,2865,2121,1,4,4,Premium,Standard,Yes,2289514,1846269,669470,5045500,168
CP00350,Pune,3079,2409,1,4,4,Standard,Standard,Yes,3021222,1586124,754157,5594762,123
CP00351,Kochi,2235,1501,1,3,2,Premium,Premium,No,2223659,1201930,442321,3867909,111
CP00352,Mumbai,2357,5410,4,8,7,Standard,Standard,Yes,9467240,4990354,2667362,17222296,287
CP00353,Chennai,2670,1765,1,3,4,Premium,Premium,Yes,2325037,1522221,571532,4575978,148
CP00354,Chennai,3449,3857,2,6,6,Standard,Standard,Yes,4068553,2473923,905810,7547725,175
CP00355,Delhi,3851,8877,3,8,8,Standard,Standard,No,13704763,7361773,4262962,25329498,276
CP00356,Chennai,4330,6535,2,8,7,Standard,Standard,Yes,7143735,3994560,2060192,13282695,226
CP00357,Hyderabad,3089,1993,1,4,4,Standard,Standard,Yes,2427191,1211720,637447,4458319,114
CP00358,Kochi,2231,3772,3,6,6,Standard,Standard,Yes,3848465,2126338,1013572,7167604,231
CP00359,Mumbai,3416,3775,2,6,5,Standard,Standard,Yes,6597641,3757600,1780290,12334057,186
CP00360,Mumbai,1615,2236,3,4,3,Standard,Standard,Yes,3833441,2198597,1095617,7261657,195
CP00361,Bengaluru,1948,4298,3,7,8,Premium,Standard,Yes,5606383,3657451,1631424,11030669,251
CP00362,Hyderabad,3687,8961,4,8,8,Standard,Standard,Yes,9993716,5324412,3081109,18520491,287
CP00363,Mumbai,3439,3877,2,7,6,Premium,Standard,No,6759425,4876873,1930043,13566341,239
CP00364,Delhi,935,1149,2,2,3,Standard,Standard,No,1661632,975767,503738,3141137,141
CP00365,Mumbai,1495,2202,2,4,5,Economy,Premium,Yes,4931642,1714398,1069570,7944650,170
CP00366,Bengaluru,4146,2046,1,3,2,Economy,Standard,Yes,2760332,1115148,662844,4759715,109
CP00367,Pune,1451,3265,3,6,6,Standard,Basic,No,3808151,1871599,1026851,6706602,222
CP00368,Pune,2287,1747,1,4,3,Standard,Premium,No,2822109,1273290,609876,4705275,117
CP00369,Hyderabad,2531,3955,2,8,8,Standard,Standard,Yes,4648639,2516813,1298649,8580376,208
CP00370,Chennai,4346,7680,3,8,7,Standard,Standard,Yes,8235364,4275622,2218795,14928818,239
CP00371,Bengaluru,3027,3184,2,6,6,Standard,Basic,No,3653843,2310436,1048633,7012913,164
CP00372,Bengaluru,2168,2518,2,5,6,Standard,Basic,Yes,2885744,1867168,902431,5782819,155
CP00373,Mumbai,4600,5211,2,8,8,Premium,Basic,No,8259966,6825501,2456098,17541565,237
CP00374,Delhi,3338,5123,3,8,8,Standard,Standard,Yes,8143957,4437376,2049656,14716245,215
CP00375,Mumbai,4098,5430,2,8,8,Standard,Basic,Yes,8276534,5553918,2659873,16704621,214
CP00376,Delhi,4513,8351,3,8,8,Premium,Basic,Yes,12760660,9756780,3649736,26263779,297
CP00377,Bengaluru,1666,1254,1,3,3,Standard,Standard,Yes,1689406,892627,404012,3218639,89
CP00378,Chennai,4980,6890,3,8,8,Standard,Standard,Yes,7332841,3816865,2025002,13335006,247
CP00379,Pune,3044,6167,3,8,8,Premium,Premium,No,9742429,4744983,2124400,16611812,300
CP00380,Hyderabad,4707,3375,1,6,6,Standard,Premium,Yes,4946180,2217834,1163556,8408771,141
CP00381,Kochi,3973,5687,2,8,8,Standard,Standard,No,6094145,3205237,1649216,10948598,198
CP00382,Delhi,4569,3473,1,7,6,Standard,Premium,Yes,6928134,2850976,1414067,11344547,150
CP00383,Pune,3146,6655,3,8,8,Standard,Standard,Yes,7446449,4606029,2086811,14299663,265
CP00384,Hyderabad,1353,2096,2,3,2,Economy,Standard,Yes,2331700,1068822,660162,4253945,136
CP00385,Chennai,2682,3038,2,6,6,Premium,Standard,No,3519114,2456287,909307,6884709,216
CP00386,Bengaluru,3374,2112,1,3,4,Premium,Standard,Yes,2648291,1972940,634280,5437863,150
CP00387,Chennai,3496,1590,1,3,4,Premium,Standard,Yes,1733049,1332320,428451,3734203,142
CP00388,Delhi,4785,2164,1,4,3,Standard,Standard,No,3421762,1848778,784334,6054874,119
CP00389,Bengaluru,1375,1468,2,2,1,Economy,Basic,Yes,1734157,875694,506906,3350614,150
CP00390,Mumbai,2225,2159,2,4,3,Economy,Basic,No,3407669,1726101,1101754,6235524,145
CP00391,Hyderabad,3669,5955,3,8,8,Premium,Basic,No,5653902,4968885,1978401,12601188,281
CP00392,Mumbai,1017,1041,2,2,2,Standard,Premium,Yes,2305298,1016362,461318,3947493,118
CP00393,Bengaluru,714,656,2,1,2,Standard,Premium,Yes,986276,441312,213870,1791351,138
CP00394,Kochi,1216,3736,4,8,8,Standard,Standard,No,3685554,2041302,981584,6708440,278
CP00395,Hyderabad,4574,6214,3,8,8,Standard,Standard,Yes,7199300,4166593,1967858,13581018,243
CP00396,Hyderabad,3867,10945,4,8,8,Standard,Standard,Yes,12664849,6662754,3639061,23180109,307
CP00397,Mumbai,1425,1434,2,2,1,Standard,Premium,Yes,3448376,1345072,735299,5718290,144
CP00398,Hyderabad,2116,3255,2,6,6,Standard,Standard,Yes,3754600,2176413,983511,7136435,164
CP00399,Bengaluru,3746,2856,1,5,5,Premium,Premium,No,4531720,2568603,991844,8092167,162
CP00400,Kochi,1012,2061,3,4,5,Economy,Standard,No,2257376,1014589,561158,3833123,193
CP00401,Delhi,1328,910,1,2,1,Standard,Premium,No,1949431,780036,382729,3112196,80
CP00402,Delhi,3948,3567,2,6,6,Standard,Standard,No,5694576,2982766,1441123,10118465,193
CP00403,Bengaluru,3408,5416,2,8,8,Premium,Standard,Yes,6832808,4947035,1805776,13719481,264
CP00404,Mumbai,1275,1930,2,4,4,Standard,Standard,No,3354948,1748450,852907,5956305,186
CP00405,Chennai,4065,6205,2,8,7,Standard,Premium,Yes,8450230,3839876,1525736,14044367,190
CP00406,Bengaluru,3104,2113,1,4,4,Standard,Premium,Yes,3365008,1538353,712282,5775972,137
CP00407,Delhi,3567,4071,2,7,8,Standard,Standard,No,6156906,3589977,1744574,11491456,186
CP00408,Bengaluru,3386,5165,2,8,8,Premium,Standard,Yes,6187626,4900420,1803741,13113331,236
CP00409,Hyderabad,1722,3802,4,7,8,Premium,Premium,No,5632223,2914145,1090078,9636445,280
CP00410,Hyderabad,4679,9081,3,8,8,Standard,Premium,Yes,13481532,5941130,2473255,22014282,271
CP00411,Bengaluru,2171,4210,4,8,7,Standard,Standard,No,5597128,2889155,1445499,9931783,242
CP00412,Mumbai,2743,6358,3,8,8,Economy,Basic,Yes,9418855,5034545,2839506,17427519,234
CP00413,Chennai,2287,2283,2,5,5,Standard,Basic,Yes,2275758,1414836,666393,4586757,140
CP00414,Hyderabad,4732,2501,1,5,6,Standard,Premium,Yes,3550818,1593436,732557,5998519,126
CP00415,Delhi,4451,5744,2,8,8,Standard,Basic,Yes,7338306,5068367,2187252,14830464,207
CP00416,Kochi,4040,5796,2,8,8,Standard,Standard,Yes,5937075,3360030,1767866,11161226,192
CP00417,Hyderabad,4366,5822,2,8,8,Premium,Standard,No,6729485,4885533,1884537,13499555,247
CP00418,Delhi,2926,3108,2,6,6,Standard,Standard,Yes,5029891,2565175,1303414,9105614,185
CP00419,Kochi,3514,3164,2,6,6,Standard,Standard,Yes,3270771,1858603,949817,6310072,190
CP00420,Chennai,4552,6509,2,8,8,Economy,Standard,Yes,7005678,3097520,1954748,12246948,232
CP00421,Kochi,1195,1899,2,3,4,Standard,Standard,Yes,1928735,1055284,528925,3625587,146
CP00422,Hyderabad,1328,974,1,2,2,Premium,Standard,Yes,1101683,737506,337331,2311887,134
CP00423,Kochi,1965,3602,3,6,6,Standard,Premium,Yes,4203984,2096394,1132702,7646831,205
CP00424,Mumbai,1298,994,1,2,2,Standard,Basic,Yes,1522898,985018,448230,3129034,102
CP00425,Delhi,995,590,1,1,1,Standard,Basic,No,843959,476536,251855,1572350,92
CP00426,Hyderabad,4771,6047,2,8,7,Standard,Standard,Yes,6298828,3601312,1921228,11953767,230
CP00427,Hyderabad,4960,6120,2,8,7,Premium,Premium,Yes,9036594,5453133,2027604,16658071,249
CP00428,Bengaluru,3102,3763,2,8,7,Standard,Standard,Yes,4705223,2503751,1215743,8661744,206
CP00429,Mumbai,2419,3489,2,6,7,Premium,Standard,Yes,6316604,4667187,1802933,12870762,208
CP00430,Mumbai,1317,1670,2,3,4,Premium,Premium,No,3838794,2162789,757123,6758706,139
CP00431,Bengaluru,3382,3793,2,7,8,Premium,Standard,Yes,4879091,3439727,1298000,9762613,222
CP00432,Kochi,4177,9028,4,8,8,Premium,Basic,Yes,8237484,7148534,2397540,17880218,323
CP00433,Delhi,743,1376,4,3,2,Economy,Standard,Yes,1970004,984025,559370,3680009,203
CP00434,Pune,3740,4892,2,8,8,Premium,Premium,No,7531974,4684468,1514125,13730567,245
CP00435,Chennai,3538,3753,2,8,8,Economy,Standard,Yes,4104740,1843676,1061387,7125897,211
CP00436,Mumbai,4236,6377,3,8,7,Economy,Premium,Yes,15266378,4858945,3202791,23438331,237
CP00437,Pune,3822,2594,1,4,4,Economy,Standard,Yes,2959494,1454057,853771,5459658,126
CP00438,Delhi,1767,2432,2,5,5,Standard,Standard,Yes,4058205,2091533,1143654,7523783,167
CP00439,Chennai,3216,4587,2,8,8,Standard,Basic,Yes,4572466,2726377,1358081,8904122,218
CP00440,Mumbai,1662,4163,4,8,7,Standard,Basic,No,6393418,4355842,1904027,12653287,277
CP00441,Hyderabad,2756,2102,1,3,3,Economy,Standard,Yes,2348850,1193881,641302,4311177,124
CP00442,Mumbai,3582,5571,2,8,7,Standard,Basic,No,8768099,5207626,2649310,16625035,205
CP00443,Chennai,3894,8557,3,8,8,Standard,Basic,Yes,8448499,5150703,2615146,16308539,266
CP00444,Kochi,1756,2361,2,4,4,Standard,Premium,Yes,3209116,1224302,656722,5231486,170
CP00445,Pune,1332,740,1,2,2,Standard,Premium,No,1193706,514080,225321,1933107,127
CP00446,Kochi,4930,15658,4,8,7,Standard,Standard,Yes,15929859,8621397,4712526,29474513,329
CP00447,Hyderabad,1553,1695,2,3,3,Standard,Standard,Yes,1966052,1078473,572973,3796262,144
CP00448,Chennai,3139,3270,2,7,7,Standard,Basic,No,3193922,1936749,955936,6086607,180
CP00449,Delhi,3924,2373,1,5,5,Standard,Standard,No,3895132,1844882,1085518,6825533,127
CP00450,Kochi,3901,3666,2,8,8,Standard,Standard,No,3553927,2176711,1013165,6743803,215
CP00451,Chennai,2142,3394,2,6,6,Standard,Standard,No,4053749,1928611,1081892,7064252,171
CP00452,Mumbai,1791,1174,1,2,2,Standard,Basic,Yes,1793890,1097777,531409,3625604,107
CP00453,Delhi,3593,2317,1,4,3,Standard,Standard,Yes,3413249,2029278,1111721,6717526,136
CP00454,Bengaluru,3281,6688,3,8,7,Premium,Standard,No,8360092,5927327,2063917,16351336,295
CP00455,Bengaluru,1817,1133,1,2,2,Standard,Premium,No,1879322,840046,365080,3084448,119
CP00456,Kochi,2140,987,1,2,1,Premium,Standard,Yes,1016428,722017,318391,2201709,137
CP00457,Hyderabad,3836,5096,2,8,8,Standard,Standard,Yes,6026549,3022729,1440387,10712391,211
CP00458,Chennai,2986,6276,3,8,8,Economy,Basic,Yes,6101533,3208205,1854852,11280914,242
CP00459,Pune,4319,2573,1,5,6,Premium,Standard,Yes,3033173,2479857,822170,6545877,140
CP00460,Hyderabad,1988,2843,2,5,6,Standard,Standard,Yes,3162226,1790560,897216,6075192,163
CP00461,Delhi,2456,1300,1,3,3,Standard,Premium,No,2733820,1145583,554349,4433752,113
CP00462,Kochi,1965,1036,1,2,2,Standard,Standard,Yes,1099266,550930,291030,2181044,113
CP00463,Hyderabad,1099,556,1,1,2,Standard,Premium,Yes,796200,343862,182923,1560183,109
CP00464,Kochi,2280,3968,3,7,7,Standard,Standard,Yes,4071536,2227525,1226683,7744964,228
CP00465,Mumbai,1110,828,1,2,2,Economy,Standard,Yes,1380111,633036,383585,2638390,114
CP00466,Delhi,4912,3633,1,6,7,Premium,Standard,Yes,6204825,3792035,1362215,11550134,180
CP00467,Pune,1924,2247,2,4,4,Premium,Standard,Yes,2738784,1977890,711504,5565526,191
CP00468,Chennai,1755,3454,3,7,7,Economy,Premium,Yes,4546108,1900679,1054843,7697528,221
CP00469,Delhi,2427,3408,2,6,5,Standard,Standard,Yes,4962825,2894002,1445277,9426613,176
CP00470,Chennai,3741,3998,2,7,6,Standard,Standard,Yes,4177836,2316883,1262874,7851394,186
CP00471,Chennai,4086,2079,1,5,4,Economy,Basic,Yes,2082303,952291,693428,3835968,124
CP00472,Hyderabad,2410,3808,2,7,7,Standard,Basic,No,3689587,2354412,1214753,7258753,184
CP00473,Mumbai,3523,4693,2,8,8,Standard,Standard,No,7808507,4406222,2197686,14412415,215
CP00474,Hyderabad,2814,4465,2,8,8,Standard,Standard,No,5105235,2867033,1345129,9317397,219
CP00475,Bengaluru,4786,5438,2,8,8,Premium,Standard,Yes,6856255,5001235,1855106,13899084,230
CP00476,Bengaluru,1313,1827,2,3,2,Economy,Standard,Yes,2259925,1105386,662509,4275194,138
CP00477,Chennai,4202,2218,1,4,3,Standard,Basic,Yes,2159347,1381870,641296,4362463,122
CP00478,Mumbai,4734,5126,2,8,8,Standard,Standard,No,8503875,4903776,2548538,15956190,197
CP00479,Delhi,4122,2593,1,5,6,Standard,Premium,Yes,5283826,2172042,1018192,8699323,122
CP00480,Chennai,4868,8205,3,8,8,Economy,Standard,No,8302892,4191715,2458751,14953358,255
CP00481,Delhi,1843,3749,4,8,8,Standard,Standard,Yes,5735465,2874432,1428222,10270830,272
CP00482,Chennai,4309,9342,4,8,8,Premium,Standard,Yes,11008068,7839575,2707150,21693750,333
CP00483,Hyderabad,1681,2332,3,4,4,Standard,Basic,Yes,2388620,1593838,799721,4963273,191
CP00484,Chennai,1055,1469,2,2,2,Standard,Standard,No,1525472,884013,447589,2857075,132
CP00485,Chennai,1494,2788,3,6,6,Premium,Standard,Yes,3052489,2169904,829709,6253411,250
CP00486,Mumbai,1984,1916,2,4,3,Economy,Premium,Yes,4329764,1562910,934601,6915553,162
CP00487,Mumbai,2558,2609,2,4,3,Premium,Standard,No,4625722,3307731,1290972,9224425,193
CP00488,Kochi,3672,3568,2,6,7,Standard,Basic,Yes,3378294,2036546,1036670,6686647,176
CP00489,Delhi,2596,3449,2,5,5,Economy,Standard,Yes,5515892,2424169,1468436,9518351,190
CP00490,Mumbai,4885,7077,3,8,8,Standard,Standard,Yes,12205396,6062604,3193685,21609668,237
CP00491,Chennai,1104,1576,2,3,2,Economy,Basic,Yes,1508079,807595,430847,2848606,141
CP00492,Mumbai,1814,1658,2,3,3,Economy,Premium,Yes,3670521,1503397,830541,6197560,136
CP00493,Mumbai,2131,4579,4,8,8,Standard,Premium,No,10201559,4102173,2025338,16329069,274
CP00494,Pune,4040,3077,1,6,7,Standard,Standard,Yes,3765845,2142228,1037666,7140507,137
CP00495,Pune,1423,1996,2,3,3,Premium,Standard,No,2281455,1814061,698508,4794024,181
CP00496,Bengaluru,1528,2179,3,4,5,Standard,Standard,Yes,2652213,1434428,705265,4947774,200
CP00497,Hyderabad,733,1081,2,2,2,Standard,Standard,Yes,1251067,635288,327106,2402878,152
CP00498,Kochi,2705,3368,2,6,6,Standard,Basic,No,3320263,1944974,951035,6216272,184
CP00499,Kochi,4227,3154,1,6,6,Standard,Basic,Yes,2861392,1830221,851046,5674365,147
CP00500,Hyderabad,2452,3237,2,5,4,Standard,Basic,No,3411865,1885516,964411,6261792,178
CP00501,Mumbai,4775,9864,3,8,8,Economy,Standard,No,17215882,8421838,4583232,30220953,241
CP00502,Bengaluru,3533,5636,2,8,8,Premium,Standard,Yes,7273154,5120147,1854489,14458497,241
CP00503,Bengaluru,3884,4127,2,6,5,Standard,Standard,Yes,5233070,2917787,1465357,9762469,172
CP00504,Delhi,4898,3273,1,5,5,Economy,Standard,Yes,5045874,2419090,1381113,9034198,130
CP00505,Kochi,3411,2084,1,5,5,Standard,Standard,No,2400136,1241087,542388,4183611,130
CP00506,Pune,1850,3432,4,6,6,Standard,Standard,Yes,4639383,2153054,1249992,8215047,263
CP00507,Bengaluru,4112,3742,2,8,8,Standard,Standard,Yes,4683829,2841657,1267876,8912895,178
CP00508,Chennai,1856,1825,2,4,4,Premium,Standard,Yes,1933827,1410193,545226,4005367,190
CP00509,Delhi,3976,2692,1,5,4,Standard,Standard,Yes,4185817,2362416,1095137,7750969,136
CP00510,Kochi,4086,5299,2,8,8,Standard,Premium,Yes,7372611,2945036,1509215,11987205,213
CP00511,Mumbai,4184,10772,4,8,8,Standard,Standard,Yes,19960271,10368001,4889313,35385084,335
CP00512,Chennai,1996,1840,2,3,3,Premium,Basic,No,1658021,1481103,507172,3646297,197
CP00513,Hyderabad,4237,2602,1,4,4,Standard,Premium,Yes,3842729,1677535,803291,6559472,129
CP00514,Kochi,3930,6080,2,8,8,Standard,Standard,Yes,6224493,3647207,1881938,11883052,219
CP00515,Pune,3303,5837,3,8,7,Standard,Basic,Yes,6151304,3734492,1991295,12075476,245
CP00516,Chennai,1070,1431,2,2,2,Standard,Basic,No,1331866,820950,460679,2613496,148
CP00517,Mumbai,1953,4235,3,7,7,Economy,Standard,Yes,7386653,3099356,1962658,12605458,229
CP00518,Chennai,3383,4901,2,8,8,Economy,Standard,Yes,5543031,2522039,1398271,9661831,211
CP00519,Chennai,3431,6502,3,8,8,Premium,Standard,Yes,6796146,5222100,1890304,14115246,272
CP00520,Bengaluru,957,1436,2,2,2,Standard,Standard,Yes,1822918,996227,510691,3550733,141
CP00521,Pune,3619,2124,1,4,4,Standard,Standard,Yes,2613199,1394723,743824,4999688,140
CP00522,Hyderabad,1267,1928,2,3,3,Standard,Standard,Yes,2373226,1260730,597246,4454126,156
CP00523,Mumbai,1745,931,1,2,1,Standard,Basic,Yes,1512172,871128,409222,2922072,102
CP00524,Delhi,4785,7867,3,8,8,Standard,Standard,Yes,12073817,6723644,3497258,22533029,222
CP00525,Delhi,4319,6071,3,8,8,Economy,Standard,No,9465812,4327778,2719619,16513209,252
CP00526,Mumbai,3345,4873,2,8,8,Premium,Standard,Yes,8838145,6011943,2410812,17376520,235
CP00527,Hyderabad,1139,1357,2,2,3,Standard,Premium,No,2047383,825568,464099,3337051,125
CP00528,Mumbai,3379,1791,1,4,4,Standard,Basic,Yes,2926222,1798464,760857,5594307,121
CP00529,Bengaluru,4736,7546,3,8,7,Premium,Basic,No,8476879,7318664,2459126,18254669,285
CP00530,Delhi,4375,6698,2,8,8,Standard,Basic,Yes,9729196,5834177,2816648,18580417,216
CP00531,Kochi,3108,2305,1,4,3,Standard,Standard,Yes,2359622,1302760,615234,4507481,133
CP00532,Delhi,3379,4350,2,8,8,Standard,Standard,No,6515243,3244148,1927565,11686956,200
CP00533,Kochi,1524,1014,1,2,1,Standard,Standard,Yes,1039788,529895,268597,2086523,98
CP00534,Chennai,3556,4381,2,8,8,Premium,Standard,Yes,4632036,3501959,1420330,9663413,229
CP00535,Bengaluru,2181,2560,2,5,6,Economy,Standard,No,3336131,1387498,838212,5561841,172
CP00536,Delhi,3924,3023,1,6,7,Standard,Standard,No,4362596,2684665,1376294,8423555,151
CP00537,Bengaluru,855,1689,4,4,3,Premium,Standard,Yes,2099543,1509655,553887,4350650,271
CP00538,Bengaluru,2438,1454,1,3,3,Economy,Standard,Yes,1863178,841059,430520,3363562,118
CP00539,Hyderabad,2544,1451,1,3,2,Standard,Basic,Yes,1509045,993440,460937,3083815,124
CP00540,Delhi,609,380,1,1,1,Standard,Standard,No,584218,335649,166122,1085990,100
CP00541,Kochi,3471,6353,3,8,8,Standard,Standard,Yes,6601016,3683916,1697857,12069147,251
CP00542,Pune,1397,1764,2,4,4,Standard,Standard,No,2148481,1177112,637482,3963075,148
CP00543,Kochi,1615,1611,2,3,3,Economy,Standard,Yes,1615977,751018,496837,3018000,152
CP00544,Hyderabad,2424,1526,1,3,2,Standard,Premium,Yes,2247350,997970,475592,3887715,131
CP00545,Hyderabad,3736,1998,1,4,4,Standard,Basic,Yes,2055528,1272127,641396,4123359,136
CP00546,Bengaluru,2793,2874,2,4,4,Standard,Basic,Yes,3331709,1969628,992456,6536949,178
CP00547,Pune,823,1167,3,2,2,Standard,Standard,Yes,1465332,794907,400260,2840126,150
CP00548,Hyderabad,4758,10233,3,8,8,Standard,Standard,Yes,11756676,6659195,3388044,21901607,247
CP00549,Pune,4525,2713,1,5,4,Standard,Standard,Yes,3379151,1703620,806308,6091344,129
CP00550,Delhi,4600,6157,2,8,8,Standard,Premium,Yes,12370536,5408937,2846132,20718530,218
CP00551,Bengaluru,2233,4720,3,8,8,Standard,Standard,Yes,5953931,3242868,1744384,11135231,235
CP00552,Hyderabad,2752,3785,2,8,8,Standard,Premium,Yes,5861497,2394474,1117438,9530676,197
CP00553,Pune,1110,2046,3,4,4,Standard,Standard,No,2332313,1261531,734005,4327850,175
CP00554,Mumbai,984,576,1,1,1,Economy,Premium,Yes,1341199,439811,308180,2276211,83
CP00555,Kochi,1004,2335,4,4,4,Standard,Standard,Yes,2373153,1234135,597001,4359654,219
CP00556,Hyderabad,2600,5257,3,8,8,Standard,Standard,No,6324085,3708190,1724249,11756523,232
CP00557,Hyderabad,3356,8365,4,8,7,Premium,Premium,Yes,12229529,7921321,2780251,23037537,316
CP00558,Hyderabad,2268,3389,2,6,7,Standard,Basic,No,3479113,1953400,1090907,6523421,168
CP00559,Pune,2060,3115,2,6,6,Standard,Premium,Yes,4593203,1900236,1100134,7753387,151
CP00560,Chennai,4236,8636,4,8,8,Standard,Standard,Yes,9639170,5048874,2621812,17406248,313
CP00561,Delhi,3324,3308,2,6,7,Economy,Premium,Yes,6511989,2492659,1430601,10619023,179
CP00562,Kochi,4778,6408,2,8,8,Premium,Standard,Yes,6552469,5085097,1618073,13408094,236
CP00563,Hyderabad,2648,4412,3,8,8,Premium,Standard,Yes,5101444,4159064,1335010,10692104,266
CP00564,Mumbai,4746,6499,3,8,8,Economy,Basic,Yes,9606758,5222429,3356362,18328161,254
CP00565,Mumbai,1316,4006,4,8,8,Standard,Standard,No,6855059,3711671,1842568,12409299,272
CP00566,Bengaluru,2423,1282,1,3,2,Standard,Standard,Yes,1609646,887053,440790,3095839,102
CP00567,Chennai,2681,6235,3,8,8,Standard,Standard,Yes,7260327,3708489,1743766,12880076,260
CP00568,Chennai,4019,8453,3,8,7,Standard,Basic,Yes,8429859,5064883,2434858,16078668,253
CP00569,Pune,2174,1558,1,2,2,Standard,Standard,No,1915045,1033775,524578,3473398,101
CP00570,Bengaluru,849,883,2,2,2,Standard,Standard,Yes,1119763,673854,302099,2216625,156
CP00571,Kochi,1273,1354,2,2,3,Economy,Basic,Yes,1447120,659956,343792,2645391,163
CP00572,Pune,2765,3497,2,6,7,Standard,Standard,No,4383502,2185322,1101671,7670495,196
CP00573,Bengaluru,1370,2796,4,5,4,Standard,Premium,No,4224097,1901215,1045265,7170577,232
CP00574,Delhi,4562,5081,2,8,7,Standard,Standard,Yes,7894318,4422903,2270985,14799081,202
CP00575,Chennai,4963,8375,3,8,8,Standard,Standard,No,9614273,5175845,2517323,17307441,251
CP00576,Kochi,2584,5228,4,8,8,Standard,Premium,Yes,6690067,3061294,1520023,11361601,275
CP00577,Delhi,1677,1750,2,3,2,Standard,Basic,No,2435681,1345124,706491,4487296,155
CP00578,Kochi,835,1818,3,3,4,Standard,Standard,Yes,1858922,955460,561206,3612100,161
CP00579,Pune,988,1004,2,2,2,Standard,Standard,No,1173310,658288,326098,2157696,124
CP00580,Bengaluru,3637,5018,3,8,8,Standard,Standard,No,6686987,3539645,1603289,11829921,243
CP00581,Chennai,2448,1640,1,4,5,Standard,Standard,Yes,1756151,943112,441760,3331780,119
CP00582,Chennai,3414,10810,4,8,8,Standard,Standard,Yes,11579972,6970579,2904180,21650481,303
CP00583,Kochi,3974,2248,1,4,5,Standard,Basic,Yes,2038024,1316007,610207,4119053,107
CP00584,Kochi,3878,3812,2,6,7,Economy,Standard,Yes,3810135,1799064,1193781,7019623,177
CP00585,Kochi,1852,3609,3,8,7,Economy,Standard,Yes,3688966,1991628,1193558,7015263,228
CP00586,Hyderabad,4581,7029,2,8,7,Standard,Basic,No,7132468,4325192,2356105,13813765,202
CP00587,Pune,2722,3943,2,7,7,Economy,Basic,Yes,4089903,2171167,1165100,7541982,182
CP00588,Hyderabad,2750,3673,2,6,6,Standard,Premium,Yes,5508971,2265853,1079589,8956666,181
CP00589,Kochi,1929,3242,3,7,7,Premium,Standard,Yes,3045063,2499930,862451,6502161,259
CP00590,Kochi,1958,1252,1,3,3,Economy,Standard,Yes,1313655,573997,350693,2378184,121
CP00591,Chennai,3082,1485,1,3,3,Premium,Premium,Yes,2206480,1247185,423017,3961052,129
CP00592,Pune,2617,3599,2,6,5,Economy,Standard,Yes,4262338,2107353,1232057,7706844,178
CP00593,Pune,1931,2718,2,4,5,Standard,Premium,No,4335969,1853718,881577,7071264,159
CP00594,Delhi,4944,3894,1,6,6,Standard,Premium,No,7717041,3196855,1721322,12635218,147
CP00595,Mumbai,4861,5260,2,8,8,Premium,Standard,No,10128528,6664057,2614979,19407565,235
CP00596,Bengaluru,1958,1787,2,4,5,Economy,Standard,No,2348556,1080204,665000,4093760,142
CP00597,Mumbai,3777,2420,1,5,4,Standard,Standard,Yes,4111588,2348248,1110729,7785284,139
CP00598,Mumbai,2728,3804,2,8,8,Economy,Premium,No,9153190,2979616,1930373,14063179,196
CP00599,Kochi,2780,6060,3,8,8,Standard,Standard,Yes,6943476,3104616,1649000,11816060,248
CP00600,Chennai,737,381,1,1,1,Premium,Basic,Yes,373923,302519,113923,926404,121
CP00601,Delhi,4072,4410,2,7,7,Standard,Standard,Yes,6923645,3801089,1759420,12633041,188
CP00602,Bengaluru,3432,4320,2,8,7,Standard,Standard,Yes,5686212,3054558,1522077,10474532,212
CP00603,Kochi,4179,4728,2,8,8,Standard,Premium,Yes,6135384,2490884,1454605,10233681,199
CP00604,Kochi,3631,8182,3,8,7,Premium,Premium,Yes,10299750,6559635,2495618,19482046,291
CP00605,Mumbai,4764,5867,2,8,8,Standard,Standard,Yes,10391828,6153594,2876905,19543292,212
CP00606,Mumbai,3193,4660,2,8,8,Economy,Standard,Yes,7931849,3735790,2217941,13998208,207
CP00607,Pune,4900,3200,1,6,5,Premium,Premium,No,4989663,2822191,1054867,8866721,188
CP00608,Chennai,4418,6367,2,8,8,Standard,Standard,Yes,7290808,3720261,2085171,13331393,205
CP00609,Mumbai,4738,5367,2,8,8,Economy,Basic,No,8693458,4302139,2446075,15441671,208
CP00610,Bengaluru,4423,3277,1,6,6,Economy,Standard,Yes,4237953,2038386,1162186,7530513,145
CP00611,Hyderabad,4642,5069,2,8,8,Standard,Premium,Yes,7571944,3068231,1704486,12516051,203
CP00612,Kochi,2506,6426,4,8,8,Standard,Standard,Yes,6542079,3707184,1830418,12324076,290
CP00613,Hyderabad,1360,1427,2,3,3,Standard,Standard,No,1601457,886647,474499,2962602,132
CP00614,Chennai,4045,4986,2,8,8,Standard,Basic,Yes,5280433,3020128,1694795,10079697,223
CP00615,Hyderabad,1499,2524,3,4,4,Standard,Standard,Yes,3178305,1567378,790651,5624842,213
CP00616,Pune,3547,5781,3,8,8,Premium,Premium,Yes,9485924,5362248,1878576,16913997,268
CP00617,Pune,2319,3656,2,7,6,Standard,Standard,Yes,4374064,2538545,1222480,8300726,190
CP00618,Bengaluru,880,1335,3,2,2,Standard,Standard,Yes,1613602,938378,474124,3182977,151
CP00619,Delhi,3866,8415,3,8,8,Standard,Basic,No,12932674,6992451,3816991,23742116,252
CP00620,Chennai,2487,3951,2,6,6,Standard,Premium,Yes,5752339,2463855,1274768,9694300,212
CP00621,Chennai,3866,3533,2,7,7,Standard,Standard,Yes,3953433,2040390,1080849,7209539,197
CP00622,Kochi,1266,1758,2,4,5,Standard,Standard,Yes,1793191,1023580,441886,3448091,164
CP00623,Hyderabad,4788,10313,4,8,8,Economy,Premium,Yes,15911211,5380552,2966062,24500371,300
CP00624,Mumbai,1271,1179,2,2,2,Standard,Premium,No,2675132,1144007,598846,4417985,136
CP00625,Mumbai,2569,1518,1,3,4,Standard,Standard,No,2558886,1387349,701118,4647352,111
CP00626,Delhi,4756,11090,3,8,8,Economy,Standard,Yes,16847299,8386937,4949324,30326135,258
CP00627,Kochi,3722,3380,2,5,5,Economy,Standard,Yes,3589036,1534701,1010970,6349943,175
CP00628,Mumbai,4500,2950,1,5,5,Standard,Basic,No,4959395,2813788,1400272,9173456,145
CP00629,Delhi,1123,1404,2,3,4,Standard,Basic,Yes,1823366,1092263,560492,3688578,167
CP00630,Kochi,2993,4523,2,7,8,Premium,Standard,Yes,4492324,3682759,1275952,9574012,229
CP00631,Bengaluru,3717,5345,3,8,8,Standard,Basic,No,5981447,3974645,1866442,11822534,242
CP00632,Chennai,3193,2198,1,4,5,Standard,Premium,Yes,3025463,1240268,604681,4972399,122
CP00633,Hyderabad,2568,5300,3,8,8,Standard,Basic,Yes,5509903,3393137,1762517,10807437,247
CP00634,Bengaluru,2353,3219,2,6,5,Economy,Standard,Yes,3991930,1860018,1157303,7249914,190
CP00635,Pune,2896,2258,1,4,5,Economy,Standard,No,2745805,1299171,753505,4798481,137
CP00636,Pune,2861,8446,4,8,7,Standard,Standard,Yes,10288122,6013722,2819077,19300802,270
CP00637,Pune,2886,2682,2,5,6,Standard,Standard,Yes,3069472,1804232,960579,5978823,182
CP00638,Delhi,4802,5905,2,8,8,Standard,Premium,No,11723066,4770330,2371127,18864523,197
CP00639,Delhi,3478,4099,2,7,7,Standard,Standard,No,6110790,3324293,1684768,11119850,181
CP00640,Kochi,4743,7947,3,8,7,Economy,Standard,Yes,8682700,3782190,2273383,14933701,255
CP00641,Chennai,4244,5160,2,8,8,Standard,Standard,Yes,5521690,2983346,1494143,10204792,213
CP00642,Pune,2655,1551,1,3,3,Standard,Basic,Yes,1655594,1062571,507911,3433763,96
CP00643,Delhi,1876,1128,1,2,3,Standard,Standard,Yes,1674046,987574,428975,3180641,95
CP00644,Kochi,3366,5336,2,8,8,Standard,Standard,Yes,5569458,3233079,1486021,10502109,212
CP00645,Delhi,902,1301,3,2,2,Premium,Premium,No,2588751,1444001,542470,4575222,209
CP00646,Mumbai,1238,1913,2,4,4,Premium,Premium,Yes,4636376,2622332,876993,8360435,193
CP00647,Delhi,655,404,1,1,1,Premium,Basic,Yes,559265,496694,182856,1321778,131
CP00648,Pune,1125,751,1,1,1,Economy,Basic,Yes,861851,393368,254330,1691144,105
CP00649,Bengaluru,4723,6995,2,8,7,Economy,Standard,Yes,9393142,4002616,2397422,16035464,219
CP00650,Pune,2725,6280,4,8,8,Economy,Premium,No,9738670,3504030,1998067,15240766,283
CP00651,Kochi,3887,4669,2,7,6,Standard,Basic,No,4360454,2770749,1207737,8338941,187
CP00652,Kochi,964,2287,4,4,4,Standard,Standard,Yes,2335063,1390939,625107,4550112,222
CP00653,Kochi,2246,2610,2,4,3,Standard,Standard,Yes,2593509,1358972,746811,4819610,145
CP00654,Mumbai,1518,1174,1,2,1,Standard,Standard,Yes,2261172,1089308,561098,4153121,119
CP00655,Pune,3397,7542,3,8,8,Premium,Standard,Yes,8918292,7104807,2376863,18491775,285
CP00656,Hyderabad,2131,2080,2,4,3,Premium,Standard,Yes,2315749,1693678,720910,4860106,197
CP00657,Mumbai,3945,5773,3,8,8,Economy,Standard,Yes,9729343,4898778,2953289,17755867,278
CP00658,Chennai,2506,6011,4,8,7,Premium,Basic,Yes,5802027,5008541,1755920,12664857,339
CP00659,Pune,3686,1785,1,3,4,Standard,Basic,Yes,1920258,1223885,609717,3931905,127
CP00660,Delhi,2675,1783,1,3,3,Standard,Basic,Yes,2594073,1556883,807113,5053379,109
CP00661,Bengaluru,1313,1970,3,3,2,Standard,Standard,Yes,2672747,1330304,693829,4796613,194
CP00662,Pune,1662,2103,2,4,4,Economy,Standard,Yes,2332769,1164102,687079,4381434,158
CP00663,Bengaluru,2576,1165,1,2,1,Premium,Standard,No,1567314,1066455,358197,2991966,121
CP00664,Kochi,1896,1063,1,2,2,Standard,Standard,Yes,1185378,612734,301733,2272442,90
CP00665,Kochi,725,498,1,1,1,Premium,Standard,No,507506,342377,135482,985364,130
CP00666,Hyderabad,4196,7797,3,8,8,Premium,Standard,Yes,8677390,6791309,2368501,18056981,296
CP00667,Chennai,3883,3076,1,5,5,Standard,Standard,Yes,3454235,2004551,905069,6553623,151
CP00668,Delhi,2203,3330,2,5,5,Economy,Standard,Yes,4997298,2401080,1380088,8871629,170
CP00669,Mumbai,666,766,2,2,2,Economy,Basic,Yes,1286044,621233,359368,2448063,129
CP00670,Mumbai,832,775,2,1,2,Standard,Premium,No,1808016,746736,342221,2896973,114
CP00671,Chennai,2756,2055,1,4,3,Economy,Basic,Yes,1973060,1075859,551810,3814096,103
CP00672,Hyderabad,1769,4080,3,6,6,Premium,Premium,Yes,6197756,3668415,1348705,11374089,240
CP00673,Hyderabad,2758,2033,1,4,4,Standard,Premium,Yes,3061131,1276444,705673,5145069,115
CP00674,Kochi,4806,7133,3,8,8,Premium,Standard,Yes,6881422,5443044,2045630,14488542,269
CP00675,Pune,2093,5018,3,8,8,Standard,Premium,Yes,7581672,3084366,1547124,12322021,235
CP00676,Hyderabad,4607,4980,2,8,8,Economy,Basic,Yes,5040506,2673047,1661878,9550920,229
CP00677,Pune,3072,4322,2,8,7,Standard,Basic,Yes,4778103,2681100,1603491,9181386,194
CP00678,Bengaluru,3260,5006,2,8,8,Standard,Standard,No,6476056,3359613,1852818,11688487,184
CP00679,Chennai,3339,3555,2,6,5,Standard,Standard,Yes,4099228,2226587,1152602,7622598,184
CP00680,Bengaluru,2361,5438,3,8,8,Standard,Standard,Yes,6685168,3943749,1744654,12583101,251
CP00681,Bengaluru,4114,6890,3,8,8,Economy,Standard,Yes,8199144,4134585,2296632,14756404,241
CP00682,Bengaluru,2575,4077,2,6,6,Standard,Basic,No,4484401,2983951,1508429,8976780,194
CP00683,Bengaluru,2962,3248,2,6,6,Standard,Standard,No,3992680,2056226,1039373,7088279,202
CP00684,Mumbai,1476,4626,4,8,8,Standard,Standard,Yes,7880641,4802467,2146720,14957975,271
CP00685,Hyderabad,4412,8272,4,8,8,Premium,Standard,Yes,9545906,6736743,2635237,19142008,333
CP00686,Chennai,4048,5652,2,8,8,Standard,Premium,Yes,8308091,3442204,1750340,13684462,221
CP00687,Chennai,1912,2432,2,4,4,Economy,Standard,Yes,2631129,1199049,717560,4774965,165
CP00688,Delhi,2060,2543,2,6,7,Standard,Standard,Yes,3994716,2169230,1068720,7454393,188
CP00689,Bengaluru,3309,6991,4,8,8,Premium,Standard,Yes,9186766,6517935,2435803,18350056,324
CP00690,Chennai,2924,2037,1,3,2,Standard,Standard,No,2239755,1291713,602777,4134244,103
CP00691,Kochi,2333,2411,2,4,4,Standard,Basic,Yes,2164378,1543647,666424,4490423,133
CP00692,Pune,2205,2837,2,5,4,Economy,Premium,Yes,4412786,1661730,929365,7111165,173
CP00693,Chennai,3163,3407,2,6,6,Standard,Standard,Yes,3900669,2031981,988905,7004264,179
CP00694,Kochi,4021,6308,2,8,8,Standard,Standard,No,6758044,3871134,1894097,12523275,194
CP00695,Bengaluru,4117,7575,4,8,8,Standard,Premium,Yes,11925261,4783248,2661295,19564241,288
CP00696,Chennai,2997,1558,1,3,3,Standard,Premium,Yes,2332872,907664,465346,3821345,111
CP00697,Hyderabad,4335,4636,2,8,7,Standard,Standard,Yes,5283770,2886965,1439429,9780885,208
CP00698,Bengaluru,3470,2064,1,4,3,Economy,Basic,Yes,2249034,1193751,756646,4300234,136
CP00699,Mumbai,1760,935,1,2,3,Standard,Standard,Yes,1643500,864436,438897,3066958,91
CP00700,Kochi,842,1047,2,2,3,Premium,Standard,Yes,1027376,833703,311377,2255231,142
CP00701,Hyderabad,3190,4819,2,8,8,Standard,Standard,Yes,5710709,3035641,1625923,10582119,200
CP00702,Chennai,1663,2325,2,5,4,Premium,Basic,Yes,2407137,1870387,718105,5087059,207
CP00703,Mumbai,4924,6430,2,8,8,Standard,Standard,Yes,10863549,6607776,2787762,20471440,230
CP00704,Delhi,3195,1537,1,3,2,Standard,Standard,Yes,2351042,1262262,629127,4356616,105
CP00705,Hyderabad,1519,2105,2,4,5,Economy,Standard,Yes,2516040,1185147,629081,4411008,165
CP00706,Delhi,605,1229,4,2,2,Standard,Premium,Yes,2329477,1018214,479145,4016888,194
CP00707,Pune,1067,3095,4,5,5,Standard,Basic,No,3205790,2016918,1088234,6310943,242
CP00708,Hyderabad,4770,5127,2,8,8,Standard,Basic,No,5278988,3107180,1651682,10037850,173
CP00709,Mumbai,603,718,2,1,2,Standard,Standard,No,1249582,639124,291605,2180311,123
CP00710,Delhi,1245,2138,3,4,4,Standard,Premium,Yes,4288632,1736528,897356,7166825,197
CP00711,Pune,717,538,1,1,2,Economy,Premium,Yes,842717,275013,170474,1391615,85
CP00712,Delhi,3528,5231,3,8,7,Premium,Standard,Yes,7627240,6007825,2319183,16077209,256
CP00713,Chennai,3151,8167,4,8,7,Standard,Basic,Yes,7563013,4823030,2352958,14848501,295
CP00714,Bengaluru,4889,2443,1,5,5,Standard,Premium,Yes,3805691,1777044,858860,6679961,155
CP00715,Delhi,1446,1007,1,2,3,Standard,Premium,Yes,2056568,815214,430699,3443140,91
CP00716,Chennai,3362,10311,4,8,8,Standard,Basic,Yes,10596228,6106894,2940942,19779004,297
CP00717,Bengaluru,1741,2096,2,3,3,Economy,Standard,Yes,2642002,1304157,679417,4823839,147
CP00718,Bengaluru,2410,1496,1,3,3,Standard,Standard,No,1946226,1078176,578897,3603298,132
CP00719,Mumbai,1323,2049,2,4,5,Standard,Standard,Yes,3518510,1980447,1006643,6734201,142
CP00720,Kochi,824,1042,2,2,1,Standard,Premium,Yes,1394769,563211,297867,2464480,127
CP00721,Pune,4808,5968,2,8,8,Economy,Basic,Yes,6739404,3446277,2112413,12488964,220
CP00722,Kochi,2648,5182,3,8,8,Economy,Standard,No,5515958,2474496,1632599,9623054,227
CP00723,Pune,2173,6008,4,8,7,Economy,Standard,No,7321016,3282862,2161208,12765086,272
CP00724,Hyderabad,2428,2366,2,4,3,Standard,Standard,Yes,2716616,1589799,683815,5098488,181
CP00725,Chennai,2517,3712,2,6,7,Premium,Standard,Yes,3894033,3227164,1115779,8330507,234
CP00726,Mumbai,4834,5824,2,8,7,Standard,Standard,No,10285298,5343179,2749040,18377516,218
CP00727,Delhi,2626,2496,2,4,4,Standard,Standard,Yes,3891494,2276540,1167532,7468686,164
CP00728,Chennai,4344,3150,1,6,6,Standard,Premium,No,4902359,1881526,985388,7769273,138
CP00729,Delhi,1501,3493,4,5,5,Standard,Standard,Yes,5362234,3048953,1353067,9861513,244
CP00730,Kochi,2639,3840,3,7,6,Economy,Standard,Yes,3953465,2030832,973485,7045966,218
CP00731,Delhi,609,818,2,2,1,Economy,Standard,No,1273923,579295,376988,2230206,153
CP00732,Kochi,860,1303,2,2,1,Standard,Standard,Yes,1440519,752437,371079,2760517,139
CP00733,Kochi,2273,1729,1,4,4,Premium,Standard,Yes,1832251,1378592,491650,3853458,149
CP00734,Delhi,2819,4426,2,8,7,Standard,Premium,Yes,8797398,4011605,1820573,14834710,204
CP00735,Hyderabad,2660,4009,2,8,8,Economy,Standard,No,4484992,2148960,1199866,7833819,193
CP00736,Kochi,4313,3888,2,6,6,Standard,Standard,Yes,3927658,2305846,1110691,7437806,190
CP00737,Hyderabad,2219,5175,4,8,8,Economy,Basic,Yes,5547494,2663930,1709033,10028276,275
CP00738,Mumbai,920,1355,2,2,2,Economy,Basic,Yes,2121612,1023774,649304,3967730,173
CP00739,Hyderabad,1942,2245,2,4,5,Standard,Standard,No,2801136,1366370,751618,4919124,154
CP00740,Mumbai,2976,5897,3,8,8,Standard,Standard,Yes,10413594,5468289,2947372,18942178,256
CP00741,Hyderabad,3432,2272,1,4,4,Standard,Basic,Yes,2407852,1501148,754444,4744559,146
CP00742,Pune,3424,3956,2,8,8,Standard,Standard,Yes,4680654,2601368,1319826,8838676,167
CP00743,Mumbai,2594,3976,2,7,7,Standard,Standard,No,6767563,3700380,1889742,12357686,187
CP00744,Pune,3558,4455,2,8,8,Standard,Standard,No,5555245,2809854,1368642,9733741,222
CP00745,Kochi,2638,4848,3,8,8,Standard,Standard,Yes,5308452,2705648,1463363,9569750,213
CP00746,Pune,4090,6536,2,8,7,Standard,Standard,No,7594189,4511598,2190009,14295797,229
CP00747,Mumbai,4277,7990,3,8,7,Economy,Standard,Yes,13648985,6229694,3776575,23904296,262
CP00748,Chennai,1718,1760,2,3,3,Standard,Standard,Yes,1884976,1049276,492007,3591727,167
CP00749,Kochi,2204,2775,2,5,6,Premium,Standard,No,2978362,2094555,851046,5923962,196
CP00750,Kochi,4627,10201,3,8,8,Economy,Standard,Yes,10814293,5029917,2904884,18859201,273
CP00751,Bengaluru,835,602,1,1,1,Premium,Premium,Yes,986058,612379,231151,1935582,107
CP00752,Hyderabad,2569,1865,1,3,2,Economy,Standard,No,2086877,966151,514463,3567490,111
CP00753,Delhi,2508,3500,2,7,7,Standard,Standard,Yes,5736666,2986656,1497594,10319382,181
CP00754,Hyderabad,975,1051,2,2,2,Standard,Standard,Yes,1261374,661623,304107,2419803,129
CP00755,Delhi,4130,3104,1,5,4,Standard,Premium,No,5718219,2546595,1246390,9511204,139
CP00756,Chennai,3235,4934,2,8,8,Economy,Basic,Yes,5052051,2522683,1455622,9115278,197
CP00757,Bengaluru,2170,2247,2,4,4,Standard,Basic,Yes,2528670,1691504,804252,5197197,132
CP00758,Chennai,3160,3132,2,6,6,Premium,Premium,Yes,4371000,2528162,954937,7970160,213
CP00759,Bengaluru,3991,12634,4,8,8,Economy,Basic,Yes,14824658,7384215,4215392,26657438,321
CP00760,Mumbai,3565,5375,2,8,8,Premium,Basic,Yes,8633535,6834074,2476465,18056771,247
CP00761,Mumbai,4243,9707,3,8,7,Standard,Standard,Yes,17145138,9512269,4179772,31003642,267
CP00762,Delhi,4450,3383,1,7,6,Premium,Standard,Yes,5022405,3644529,1368697,10140859,171
CP00763,Pune,1472,1882,2,3,3,Economy,Standard,No,2369649,1062213,593336,4025198,167
CP00764,Pune,1852,3757,3,7,7,Standard,Standard,Yes,4321143,2534894,1328389,8332512,222
CP00765,Delhi,1914,2453,2,4,4,Economy,Premium,Yes,5062973,1677170,1005663,7944168,148
CP00766,Mumbai,3498,4910,3,8,8,Premium,Standard,No,8672611,6871754,2301713,17846077,288
CP00767,Delhi,677,962,2,2,2,Standard,Premium,No,1923172,871160,409127,3203459,156
CP00768,Pune,3221,2019,1,4,4,Standard,Standard,Yes,2389131,1482296,720906,4811476,90
CP00769,Delhi,4827,6532,2,8,8,Economy,Basic,Yes,9112990,4797085,2965050,17054981,204
CP00770,Mumbai,1200,1502,2,3,2,Premium,Premium,Yes,3247479,1987041,824396,6196542,175
CP00771,Chennai,1665,3107,3,5,6,Standard,Basic,Yes,3227837,1856935,853780,6158896,210
CP00772,Hyderabad,2736,1395,1,2,2,Standard,Standard,Yes,1585252,881846,443745,2995819,111
CP00773,Mumbai,3049,6677,4,8,7,Standard,Basic,Yes,10284555,6707025,3184935,20419340,316
CP00774,Delhi,2943,5951,4,8,8,Premium,Standard,Yes,9092399,6754233,2225973,18273115,298
CP00775,Mumbai,2463,1277,1,3,4,Standard,Premium,No,2878110,1216675,570042,4664827,112
CP00776,Mumbai,1918,3032,2,5,5,Economy,Standard,No,5601728,2543254,1534829,9679811,154
CP00777,Pune,4197,6340,3,8,8,Premium,Standard,Yes,7139507,5472032,2158317,14931465,281
CP00778,Delhi,4362,9495,4,8,8,Standard,Standard,Yes,14578898,8606018,4112116,27530041,321
CP00779,Pune,2790,3664,2,7,7,Standard,Standard,No,4714120,2419257,1241582,8374959,157
CP00780,Delhi,1592,2112,2,4,3,Standard,Basic,No,2935227,1841917,797386,5574530,141
CP00781,Pune,3312,3337,2,7,7,Premium,Standard,No,4068207,2854096,1028665,7950968,228
CP00782,Pune,2792,4064,2,7,6,Standard,Standard,Yes,4911897,2676412,1297968,9064455,203
CP00783,Chennai,1848,2678,2,5,6,Standard,Standard,Yes,2869318,1575172,843393,5386193,159
CP00784,Mumbai,3654,5843,3,8,7,Premium,Standard,No,10505882,7439440,2826806,20772128,286
CP00785,Chennai,4633,2552,1,5,5,Economy,Standard,Yes,2785676,1227498,807135,4994429,149
CP00786,Pune,2597,2021,1,3,3,Premium,Basic,No,2213262,1895817,745196,4854275,151
CP00787,Chennai,4287,6336,2,8,8,Standard,Standard,Yes,7122663,3893692,1719582,12867971,231
CP00788,Kochi,2751,3819,2,8,7,Standard,Premium,No,5279829,2022409,1080619,8382857,204
CP00789,Kochi,4618,4422,2,8,8,Standard,Standard,Yes,4638896,2493760,1251578,8608102,200
CP00790,Mumbai,3710,4425,2,8,8,Standard,Basic,Yes,7261128,4201798,2018384,13569863,207
CP00791,Mumbai,2570,3319,2,6,6,Standard,Standard,Yes,6077827,3249790,1635190,11194521,191
CP00792,Pune,797,410,1,1,2,Economy,Basic,No,460505,228341,158481,847327,70
CP00793,Mumbai,3226,3915,2,7,7,Premium,Basic,Yes,6463132,5349612,1772304,13745270,225
CP00794,Chennai,1802,4759,4,8,8,Economy,Standard,Yes,5518791,2544086,1479284,9749348,273
CP00795,Bengaluru,2635,2975,2,5,6,Premium,Standard,Yes,3581777,3076994,961999,7833000,195
CP00796,Mumbai,1077,1558,2,2,1,Economy,Basic,No,2740101,1129779,666844,4536724,126
CP00797,Chennai,1854,2759,2,5,6,Standard,Premium,Yes,3970066,1768577,797224,6647071,147
CP00798,Kochi,1522,3429,4,6,6,Premium,Standard,Yes,3548461,2743485,993268,7513614,275
CP00799,Kochi,1019,757,1,2,1,Standard,Premium,Yes,1035319,427712,220912,1801824,93
CP00800,Chennai,2804,2726,2,4,4,Premium,Basic,Yes,2539440,2179727,905016,5823721,203
CP00801,Kochi,3197,7128,3,8,8,Standard,Premium,Yes,9774046,4045029,2065435,16060437,267
CP00802,Chennai,1720,1731,2,3,4,Standard,Standard,Yes,1843694,1051472,519724,3499693,138
CP00803,Mumbai,3668,1757,1,3,3,Standard,Basic,No,2791175,1641105,885507,5317787,103
CP00804,Bengaluru,1550,2091,2,4,4,Standard,Standard,Yes,2660438,1327105,732136,4929229,151
CP00805,Pune,2936,1806,1,3,4,Standard,Premium,Yes,2773496,1160991,595131,4625073,127
CP00806,Pune,2843,4365,2,8,8,Standard,Basic,No,4410536,2842619,1424863,8678019,195
CP00807,Mumbai,3245,5618,3,8,8,Standard,Standard,No,9995934,5547027,2799550,18342512,268
CP00808,Mumbai,2457,1352,1,2,1,Standard,Standard,No,2379420,1220826,669531,4269777,105
CP00809,Kochi,2465,4623,3,8,7,Premium,Standard,Yes,4868204,3671701,1296663,9965723,274
CP00810,Hyderabad,3512,2140,1,4,3,Premium,Standard,Yes,2430026,1710442,732399,5083667,148
CP00811,Delhi,3453,5910,3,8,8,Standard,Basic,Yes,7976020,5063003,2607648,15857367,266
CP00812,Bengaluru,3828,5304,2,8,7,Standard,Basic,Yes,5986649,3760836,1935544,11898855,213
CP00813,Chennai,4319,3091,1,6,6,Standard,Standard,Yes,3419025,1842511,876485,6230498,139
CP00814,Delhi,3828,2865,1,5,6,Standard,Premium,No,5890290,2412152,1166241,9468684,120
CP00815,Chennai,2971,9394,4,8,8,Standard,Standard,Yes,9998525,5832958,3074639,19129138,309
CP00816,Delhi,3491,1896,1,4,4,Premium,Standard,Yes,3012241,2087489,846002,6089348,144
CP00817,Pune,4356,3051,1,6,6,Economy,Basic,Yes,3409436,1738040,921369,6160712,142
CP00818,Delhi,4825,5674,2,8,8,Standard,Standard,Yes,8919923,4682573,2431016,16147892,199
CP00819,Mumbai,694,953,2,2,2,Premium,Standard,Yes,1800074,1330817,483731,3807717,155
CP00820,Bengaluru,3274,4037,2,8,8,Standard,Standard,Yes,4747410,2861189,1307020,9131219,194
CP00821,Pune,2555,2038,1,4,4,Premium,Premium,Yes,3455902,1721051,713324,6089685,152
CP00822,Kochi,1393,1964,2,3,4,Standard,Basic,Yes,1798846,1221230,561466,3817400,135
CP00823,Delhi,2434,1906,1,4,5,Standard,Standard,No,2963600,1681233,872838,5517671,119
CP00824,Bengaluru,2716,2015,1,3,2,Premium,Premium,Yes,3319507,1763749,689855,5899778,136
CP00825,Mumbai,4706,7209,2,8,7,Standard,Basic,No,10807816,6392509,3160238,20360563,217
CP00826,Kochi,3925,8655,3,8,8,Standard,Standard,Yes,9235859,4630467,2544888,16498367,273
CP00827,Chennai,3519,2149,1,4,4,Economy,Standard,No,2445574,1042171,601232,4088977,126
CP00828,Kochi,3197,3440,2,6,6,Standard,Standard,Yes,3655510,1975632,946720,6817790,174
CP00829,Hyderabad,3805,4410,2,8,8,Standard,Standard,No,4792654,2789725,1237702,8820081,202
CP00830,Bengaluru,1414,2585,4,4,5,Standard,Standard,Yes,3107810,1849182,848589,6013395,238
CP00831,Chennai,945,2394,4,4,3,Standard,Standard,Yes,2559951,1414082,776099,4972682,238
CP00832,Bengaluru,2949,5545,3,8,8,Standard,Basic,Yes,6634379,3776191,1929929,12586895,247
CP00833,Bengaluru,962,609,1,1,1,Economy,Standard,Yes,773347,359188,207175,1505800,112
CP00834,Bengaluru,3043,2406,1,5,4,Standard,Standard,Yes,2800021,1753596,786415,5452185,122
CP00835,Mumbai,2865,4406,2,8,8,Standard,Standard,No,8394877,3829506,2141195,14365578,209
CP00836,Pune,2788,2824,2,5,6,Standard,Standard,Yes,3622096,1839943,919554,6496747,169
CP00837,Bengaluru,3605,4175,2,7,7,Standard,Premium,Yes,6567334,3070692,1646869,11483216,206
CP00838,Mumbai,3881,6966,3,8,7,Standard,Standard,Yes,12059447,6710024,3348175,22216395,252
CP00839,Hyderabad,1584,2738,3,5,4,Standard,Standard,Yes,3126172,1699507,885945,5802101,230
CP00840,Pune,2239,4899,3,8,8,Standard,Premium,Yes,7867388,3101640,1555078,12745927,242
CP00841,Mumbai,1427,1807,2,3,4,Standard,Standard,Yes,3205620,1813000,866464,6099938,157
CP00842,Kochi,3330,4330,2,8,8,Premium,Premium,No,5722001,3251751,1268308,10242060,230
CP00843,Hyderabad,4131,6184,2,8,7,Economy,Basic,Yes,6765393,3230529,1840164,12021614,217
CP00844,Kochi,3535,2587,1,5,5,Standard,Premium,No,3759604,1575138,763542,6098283,127
CP00845,Pune,4476,6663,3,8,8,Economy,Standard,Yes,8046283,3542284,2215893,14008064,256
CP00846,Mumbai,726,508,1,1,2,Standard,Premium,No,1135631,527460,210539,1873630,67
CP00847,Hyderabad,3777,4550,2,8,8,Standard,Premium,Yes,7267728,2890732,1504105,11755094,197
CP00848,Mumbai,3656,4044,2,7,7,Standard,Standard,No,6492683,3887005,1997974,12377662,185
CP00849,Hyderabad,1203,1124,2,2,2,Standard,Standard,Yes,1251777,718225,359118,2507104,160
CP00850,Bengaluru,4049,7537,3,8,7,Premium,Standard,Yes,9907808,7028010,2501255,19614249,277
CP00851,Bengaluru,4746,5452,2,8,8,Standard,Basic,Yes,6552600,3662555,2159159,12556220,203
CP00852,Pune,4133,6671,3,8,8,Premium,Standard,Yes,7968742,6046146,2123750,16220295,271
CP00853,Hyderabad,3967,5499,2,8,7,Economy,Basic,Yes,6237597,2872589,1421441,10731320,214
CP00854,Bengaluru,3968,5708,2,8,8,Standard,Premium,Yes,8468934,4022812,2030387,14653157,206
CP00855,Pune,4397,7066,3,8,8,Standard,Standard,Yes,8924252,5202787,2312818,16644268,247
CP00856,Chennai,2392,2235,2,4,4,Standard,Standard,No,2466998,1385264,612458,4464720,185
CP00857,Bengaluru,3461,10342,4,8,7,Economy,Basic,No,11545167,6008361,3513853,21067381,308
CP00858,Bengaluru,4076,1848,1,3,2,Premium,Standard,Yes,2419800,1743409,634991,4915836,152
CP00859,Delhi,4017,6250,2,8,8,Standard,Standard,Yes,9474770,5166042,2505980,17241620,218
CP00860,Mumbai,2245,3006,2,6,7,Standard,Standard,Yes,5060519,2859236,1452449,9550857,169
CP00861,Chennai,1805,3046,3,5,6,Standard,Basic,No,3029466,1817391,933294,5780150,199
CP00862,Hyderabad,3630,1946,1,4,4,Standard,Premium,No,2915585,1255114,611289,4781989,109
CP00863,Pune,3472,4720,3,8,7,Standard,Basic,No,4979595,3256442,1471378,9707415,225
CP00864,Chennai,3672,3910,2,7,8,Standard,Standard,No,4202395,2593410,1205984,8001789,193
CP00865,Hyderabad,2454,2445,2,5,5,Standard,Standard,No,2777318,1590292,695401,5063011,169
CP00866,Bengaluru,4621,6139,2,8,8,Standard,Standard,No,7260668,4003603,2169601,13433872,211
CP00867,Kochi,3308,3362,2,5,5,Standard,Standard,Yes,3275695,1793603,975900,6187049,178
CP00868,Delhi,4102,5209,2,8,8,Premium,Standard,No,8321265,5887177,2159366,16367807,235
CP00869,Kochi,1932,3805,3,8,8,Premium,Standard,No,3749776,3074407,1051192,7875376,280
CP00870,Pune,801,888,2,2,3,Standard,Basic,Yes,966343,579986,271455,1971800,129
CP00871,Pune,4107,3797,2,6,6,Economy,Standard,Yes,4250839,2109619,1213007,7708164,195
CP00872,Chennai,4812,4456,2,7,7,Premium,Basic,Yes,4677210,3771761,1271552,9926173,234
CP00873,Mumbai,1174,539,1,1,2,Economy,Basic,No,844566,439235,243067,1526869,60
CP00874,Hyderabad,1136,805,1,2,3,Standard,Basic,Yes,874210,533380,235252,1728887,82
CP00875,Delhi,2225,2497,2,4,3,Economy,Standard,Yes,4170609,1648714,1131421,7093541,140
CP00876,Delhi,2722,3967,2,7,8,Economy,Standard,No,5794234,2899950,1742523,10436706,196
CP00877,Kochi,985,592,1,1,2,Premium,Standard,Yes,601794,415087,193444,1395090,108
CP00878,Chennai,3881,4723,2,8,7,Standard,Standard,No,5376515,2871581,1436953,9685049,217
CP00879,Mumbai,1074,1352,2,3,2,Premium,Basic,No,2087352,1831098,677010,4595460,163
CP00880,Mumbai,1017,1422,2,3,4,Standard,Standard,No,2531788,1253989,679620,4465397,149
CP00881,Mumbai,4200,4584,2,8,7,Standard,Standard,Yes,8100943,3895614,2399918,14536090,192
CP00882,Pune,1554,765,1,2,2,Premium,Standard,No,838902,710618,251668,1801188,137
CP00883,Hyderabad,1805,4654,4,8,8,Premium,Standard,Yes,5578273,4047171,1551722,11342747,301
CP00884,Hyderabad,4720,7992,3,8,8,Standard,Standard,Yes,9180122,4758401,2545543,16635381,252
CP00885,Kochi,2590,4699,3,8,8,Economy,Standard,Yes,4675926,2304482,1487045,8695276,231
CP00886,Chennai,4172,2822,1,5,5,Standard,Standard,Yes,3296268,1647362,822119,5990624,122
CP00887,Bengaluru,4980,9306,3,8,8,Standard,Standard,No,11441115,6363624,3431699,21236438,270
CP00888,Chennai,4758,9522,3,8,8,Standard,Premium,Yes,13203704,5636547,2838037,21891390,258
CP00889,Hyderabad,3313,6365,3,8,8,Standard,Standard,No,6822012,3743144,1904378,12469534,278
CP00890,Kochi,2803,1987,1,4,5,Standard,Standard,Yes,2125837,1183619,564554,4048575,142
CP00891,Pune,3720,5186,2,8,7,Standard,Premium,Yes,8171441,3241514,1480535,13005529,204
CP00892,Chennai,1566,2992,3,7,7,Standard,Standard,Yes,3062371,1803517,947947,5907779,217
CP00893,Kochi,4032,5544,2,8,8,Economy,Standard,Yes,5850401,2773641,1643187,10458233,207
CP00894,Bengaluru,1288,1946,2,4,4,Standard,Basic,No,2288858,1287011,747850,4323719,175
CP00895,Delhi,4843,5824,2,8,8,Standard,Standard,No,9134755,4824924,2304887,16264565,236
CP00896,Chennai,4301,5113,2,8,8,Standard,Premium,Yes,7699020,2989761,1465473,12262790,183
CP00897,Kochi,941,675,1,1,2,Standard,Premium,No,894821,417925,177797,1490543,107
CP00898,Mumbai,2324,3039,2,5,6,Economy,Standard,Yes,5726836,2593263,1490720,9911826,168
CP00899,Bengaluru,2392,1135,1,2,1,Standard,Standard,Yes,1435984,812905,381818,2745771,92
CP00900,Mumbai,2359,3596,2,6,5,Premium,Standard,Yes,6531612,5175489,1640631,13438155,226
CP00901,Pune,3812,3512,2,6,6,Standard,Standard,Yes,4466692,2358728,1186783,8116432,183
CP00902,Hyderabad,1589,2262,2,5,4,Standard,Standard,No,2889505,1401122,759654,5050281,183
CP00903,Chennai,2862,2047,1,4,4,Standard,Standard,Yes,2154321,1139780,618017,4117127,134
CP00904,Kochi,3082,4830,2,8,8,Economy,Standard,Yes,4898063,2258285,1337004,8615882,209
CP00905,Chennai,1551,2182,3,5,4,Premium,Premium,Yes,3143957,1781494,700620,5750955,251
CP00906,Mumbai,1322,871,1,2,1,Standard,Standard,Yes,1510220,875099,411706,3013301,99
CP00907,Mumbai,3989,2392,1,4,3,Premium,Basic,Yes,3667412,2998678,1129632,8040969,142
CP00908,Hyderabad,2679,1515,1,3,3,Economy,Basic,Yes,1478787,875523,491913,3008860,135
CP00909,Kochi,3317,4792,3,8,8,Economy,Premium,No,6542709,2142999,1309531,9995239,237
CP00910,Chennai,2932,3793,2,7,7,Standard,Premium,Yes,5596578,2233076,1207847,9120574,194
CP00911,Kochi,3976,4911,2,8,8,Standard,Standard,Yes,5204306,2855786,1322579,9627364,199
CP00912,Hyderabad,2100,1021,1,2,2,Premium,Standard,Yes,1102373,874056,309842,2508196,132
CP00913,Mumbai,885,1175,2,2,3,Economy,Premium,Yes,2515685,981654,524998,4157335,141
CP00914,Delhi,4095,8701,3,8,8,Standard,Premium,No,17462050,7355804,3843692,28661546,248
CP00915,Kochi,2665,5744,3,8,8,Economy,Standard,Yes,5945133,2873168,1770142,10797378,232
CP00916,Mumbai,1368,2098,2,4,3,Premium,Standard,Yes,3645535,2685846,997822,7465370,178
CP00917,Bengaluru,3657,2169,1,4,5,Standard,Standard,Yes,2713319,1474117,768357,5151309,122
CP00918,Mumbai,4889,3830,1,7,6,Standard,Basic,No,5945830,3525136,1878857,11349822,162
CP00919,Mumbai,2761,2078,1,4,4,Standard,Premium,No,4782767,2211695,1015199,8009662,139
CP00920,Kochi,3893,4311,2,8,8,Standard,Basic,Yes,4233092,2447626,1143306,7989560,232
CP00921,Delhi,1546,781,1,1,1,Economy,Standard,Yes,1157796,569777,315132,2261697,94
CP00922,Hyderabad,3935,4740,2,8,8,Economy,Standard,Yes,5573869,2511448,1561189,9778820,199
CP00923,Bengaluru,4750,5611,2,8,8,Standard,Standard,No,7121393,4179747,2077064,13378203,181
CP00924,Bengaluru,2081,5423,4,8,8,Premium,Standard,Yes,6370806,5048693,1977481,13581912,312
CP00925,Chennai,2501,3272,2,7,7,Premium,Basic,Yes,3154327,2693717,982577,6928579,217
CP00926,Delhi,4051,8658,3,8,8,Standard,Standard,Yes,13338709,6955495,3811374,24200967,257
CP00927,Pune,4664,8793,3,8,8,Standard,Standard,Yes,11560655,6314212,2634018,20727149,254
CP00928,Chennai,654,318,1,1,2,Premium,Standard,Yes,339653,260375,83838,924908,112
CP00929,Chennai,2423,5454,3,8,8,Standard,Premium,Yes,7608840,3566403,1501176,12893058,248
CP00930,Chennai,4062,4536,2,7,8,Standard,Standard,Yes,5072060,2639851,1591169,9515702,203
CP00931,Bengaluru,3679,5812,2,8,8,Premium,Standard,Yes,7318867,5294233,2255155,14985702,240
CP00932,Hyderabad,1432,1406,2,3,3,Standard,Standard,Yes,1541974,862433,400441,3044790,156
CP00933,Kochi,3406,10700,4,8,8,Economy,Standard,Yes,10405497,5110621,3008777,18721202,323
CP00934,Mumbai,3090,2977,2,5,5,Standard,Standard,Yes,4849414,2953739,1391937,9361052,170
CP00935,Bengaluru,927,984,2,2,2,Economy,Standard,No,1287083,518011,365851,2170945,151
CP00936,Mumbai,3910,7292,4,8,8,Standard,Premium,Yes,15996407,6983425,3637660,26774754,278
CP00937,Mumbai,3900,2717,1,5,4,Standard,Standard,Yes,5235228,2506508,1274604,9109324,138
CP00938,Pune,4275,6392,2,8,8,Standard,Standard,No,7570930,4031398,2180543,13782871,209
CP00939,Kochi,3654,6598,3,8,7,Premium,Standard,Yes,7107680,5196030,1967663,14392768,286
CP00940,Chennai,2743,6377,3,8,7,Standard,Standard,Yes,6688727,3883596,1699361,12447177,223
CP00941,Pune,1911,5019,4,8,7,Standard,Standard,Yes,6119121,3455488,1709134,11512666,291
CP00942,Chennai,3791,10167,4,8,8,Economy,Premium,Yes,15360830,5285602,3046606,23792786,304
CP00943,Bengaluru,3138,2340,1,4,4,Standard,Basic,Yes,2626812,1629111,751820,5154812,130
CP00944,Mumbai,4583,7615,3,8,8,Standard,Standard,Yes,12820418,7106230,3525486,23618323,246
CP00945,Pune,764,877,2,2,2,Standard,Standard,No,1045367,551995,294334,1891696,155
CP00946,Delhi,4877,7482,2,8,8,Standard,Basic,No,10280361,6473148,3165963,19919472,224
CP00947,Bengaluru,1422,1088,1,2,2,Standard,Premium,Yes,1718672,741117,371089,2931080,97
CP00948,Bengaluru,1543,2443,2,5,6,Standard,Standard,No,3294726,1719317,827578,5841622,143
CP00949,Delhi,1374,4207,4,7,7,Economy,Standard,Yes,6483640,3003120,1772833,11442732,260
CP00950,Chennai,2798,4151,3,7,6,Standard,Premium,Yes,6239906,2236111,1125331,9780352,201
CP00951,Mumbai,3756,5546,2,8,8,Standard,Standard,Yes,10180440,5452872,2936041,18670278,211
CP00952,Chennai,4842,2873,1,4,5,Premium,Standard,Yes,3375353,2254305,843143,6615173,165
CP00953,Chennai,4295,6844,2,8,8,Premium,Premium,Yes,9294022,5783180,2115538,17397170,255
CP00954,Bengaluru,4052,7479,3,8,8,Standard,Standard,Yes,9704857,4680874,2830746,17365842,245
CP00955,Chennai,1514,2924,3,5,5,Premium,Standard,Yes,3151579,2593331,936928,6874636,228
CP00956,Hyderabad,1908,2424,2,5,4,Standard,Basic,No,2505429,1481612,777384,4764426,167
CP00957,Delhi,4777,2687,1,5,5,Premium,Basic,Yes,3563162,3118846,1121107,7928957,158
CP00958,Kochi,1113,1060,2,2,3,Economy,Standard,Yes,1210719,495272,301679,2140572,116
CP00959,Delhi,2520,3847,2,7,6,Standard,Basic,Yes,5175145,3138307,1457883,9878592,184
CP00960,Mumbai,4194,12262,4,8,8,Standard,Standard,Yes,22144643,12174870,5454967,40003375,321
CP00961,Delhi,2009,2004,2,4,4,Standard,Standard,No,2927452,1666357,853812,5447620,152
CP00962,Chennai,3790,5471,2,8,8,Economy,Standard,No,5956846,2771715,1604068,10332629,206
CP00963,Chennai,2155,2883,2,5,5,Standard,Standard,No,3305838,1803270,787161,5896269,164
CP00964,Pune,1404,832,1,1,1,Standard,Standard,No,1020707,554307,279334,1854348,120
CP00965,Mumbai,1879,4050,4,7,6,Standard,Standard,Yes,6859515,3975142,2032077,13078254,265
CP00966,Mumbai,4177,6273,2,8,8,Standard,Basic,Yes,9652212,5833976,3221546,18948643,216
CP00967,Delhi,3501,4866,2,8,8,Standard,Standard,Yes,7542437,4223664,2108898,13972017,199
CP00968,Chennai,1987,2550,2,5,5,Premium,Standard,No,2803060,2077026,736034,5616121,204
CP00969,Hyderabad,3361,4459,2,7,8,Standard,Premium,Yes,6343555,2869623,1462250,10871135,196
CP00970,Pune,3279,3160,2,5,5,Premium,Premium,Yes,4894919,2866771,1060397,8964566,181
CP00971,Hyderabad,2706,4999,3,8,8,Premium,Standard,Yes,5740141,4491773,1487283,11955559,289
CP00972,Chennai,4823,4994,2,8,8,Standard,Standard,Yes,5618298,3072032,1412049,10204372,205
CP00973,Mumbai,3368,3522,2,5,4,Standard,Basic,Yes,5804916,3185021,1776694,11016117,180
CP00974,Mumbai,4553,3102,1,5,6,Economy,Basic,No,5045476,2455992,1516983,9018452,129
CP00975,Kochi,3786,5822,2,8,8,Premium,Premium,Yes,8016605,4530726,1684922,14405439,246
CP00976,Hyderabad,3880,2294,1,5,6,Economy,Standard,No,2688005,1252908,725359,4666272,140
CP00977,Kochi,3173,3317,2,7,7,Standard,Standard,No,3532408,1765442,979484,6277334,171
CP00978,Kochi,3199,6497,3,8,8,Standard,Basic,No,6344281,3519536,1794788,11658605,256
CP00979,Bengaluru,4633,10492,3,8,8,Premium,Basic,No,12753539,10307685,3592095,26653319,301
CP00980,Chennai,836,1190,2,2,3,Standard,Standard,Yes,1258073,784179,372959,2597788,125
CP00981,Mumbai,1904,2871,2,5,5,Premium,Standard,No,4962367,3413055,1381126,9756548,221
CP00982,Delhi,4030,2570,1,5,5,Standard,Standard,Yes,4117779,2186668,1030874,7489647,123
CP00983,Bengaluru,1901,2711,2,5,6,Standard,Basic,No,2963626,1875068,896682,5735376,172
CP00984,Mumbai,3141,4702,3,8,7,Standard,Standard,Yes,7846666,4742191,2263025,15095008,225
CP00985,Delhi,2651,1516,1,3,3,Premium,Standard,Yes,2274718,1761811,537960,4667992,129
CP00986,Mumbai,1041,1220,2,2,2,Standard,Standard,Yes,2153515,1219752,647122,4231463,150
CP00987,Bengaluru,2676,5049,3,8,8,Premium,Standard,Yes,6264765,4166789,1723738,12371641,267
CP00988,Hyderabad,3780,8790,3,8,8,Standard,Standard,No,10302518,5535724,2849510,18687752,280
CP00989,Chennai,3257,2462,1,4,4,Standard,Standard,No,2677410,1410270,766836,4854516,120
CP00990,Kochi,4398,4372,2,7,6,Standard,Standard,Yes,4505661,2382318,1264861,8390479,189
CP00991,Bengaluru,1404,716,1,1,1,Standard,Premium,Yes,1098851,463754,226775,1959304,82
CP00992,Bengaluru,674,387,1,1,2,Economy,Standard,No,501280,229567,124968,855816,84
CP00993,Kochi,2775,4593,3,7,6,Premium,Basic,Yes,4425450,3593236,1192022,9360390,268
CP00994,Mumbai,4524,9027,3,8,8,Premium,Standard,No,15768681,12068062,4617607,32454351,295
CP00995,Delhi,2689,6179,3,8,7,Standard,Basic,Yes,8615135,5085755,2354920,16270644,244
CP00996,Kochi,640,503,1,1,1,Standard,Basic,Yes,475851,306552,137647,1149978,99
CP00997,Bengaluru,2681,5459,3,8,8,Standard,Standard,No,7196049,3591172,2031006,12818227,250
CP00998,Chennai,2222,3303,2,6,5,Premium,Standard,Yes,3665673,2483792,923737,7255721,207
CP00999,Kochi,941,1192,2,2,2,Economy,Premium,Yes,1532832,583842,342766,2638360,155
CP01000,Kochi,4652,4865,2,8,8,Premium,Basic,No,4924731,3615492,1449693,9989916,217
CP01001,Hyderabad,2674,1694,1,4,5,Standard,Premium,No,2674682,1095597,531728,4302007,126
CP01002,Delhi,1245,2406,3,4,3,Standard,Premium,No,4826389,1954574,1019959,7800922,193
CP01003,Hyderabad,4863,6904,2,8,7,Premium,Premium,Yes,10430568,5701884,2244310,18596189,253
CP01004,Hyderabad,1209,637,1,1,1,Economy,Premium,Yes,967523,329854,222159,1642678,92
CP01005,Chennai,1054,610,1,1,1,Standard,Standard,Yes,650315,352605,172742,1280871,94
CP01006,Mumbai,3553,2051,1,4,3,Premium,Standard,Yes,3770738,2657839,958539,7515333,131
CP01007,Delhi,2308,1813,1,4,4,Standard,Standard,No,2904879,1541132,790368,5236379,124
CP01008,Delhi,4072,4930,2,8,7,Standard,Standard,Yes,7565937,3989253,2046146,13823006,218
CP01009,Kochi,3569,7647,3,8,8,Standard,Premium,Yes,10667852,4103660,2106051,17086186,249
CP01010,Chennai,3628,2585,1,4,4,Economy,Standard,No,2962170,1351222,823473,5136865,138
CP01011,Delhi,3281,1781,1,3,2,Standard,Basic,No,2490881,1525056,648135,4664072,109
CP01012,Bengaluru,4229,5499,2,8,7,Standard,Standard,Yes,6669406,3929887,2025589,12867863,202
CP01013,Pune,4825,11044,3,8,7,Standard,Standard,Yes,13729813,6908787,3991778,24730224,268
CP01014,Kochi,3667,4520,2,7,7,Standard,Premium,No,6154265,2469891,1272335,9896492,183
CP01015,Pune,1986,3101,2,6,7,Standard,Basic,Yes,3229111,2130905,942554,6527230,181
CP01016,Pune,4376,4595,2,8,8,Economy,Standard,No,5790104,2693286,1532489,10015878,197
CP01017,Hyderabad,3466,3299,2,5,4,Standard,Standard,No,3846466,2035856,1069214,6951536,166
CP01018,Delhi,3963,3019,1,5,4,Economy,Premium,Yes,5988550,2052895,1143152,9406157,128
CP01019,Kochi,4724,10582,3,8,8,Economy,Basic,Yes,10777245,4947149,3030728,18842881,276
CP01020,Chennai,748,1192,2,2,2,Standard,Premium,Yes,1667392,680674,399432,2884276,122
CP01021,Delhi,4450,6121,2,8,8,Premium,Basic,Yes,8163741,7218142,2765568,18353482,250
CP01022,Chennai,2658,6202,3,8,7,Economy,Basic,Yes,6178410,3275766,1919151,11467530,254
CP01023,Delhi,1736,2567,2,5,6,Standard,Standard,No,3928653,2165046,1104594,7198292,175
CP01024,Kochi,786,586,1,1,2,Standard,Standard,No,598686,322700,167400,1088785,79
CP01025,Kochi,3454,4484,2,8,7,Standard,Standard,Yes,4949828,2443274,1289500,8818120,206
CP01026,Hyderabad,1850,1080,1,2,1,Standard,Basic,No,1072264,659457,338261,2069982,117
CP01027,Kochi,1933,1502,1,3,3,Premium,Standard,Yes,1589038,1104437,433325,3218495,127
CP01028,Bengaluru,4793,5763,2,8,8,Standard,Standard,No,7315660,4021526,1793590,13130776,213
CP01029,Pune,4750,9099,3,8,8,Economy,Premium,Yes,14306414,5299116,2612638,22356477,251
CP01030,Pune,3311,8027,4,8,8,Standard,Basic,Yes,9145386,5508115,2529558,17371931,290
CP01031,Delhi,2385,3089,2,6,7,Standard,Standard,Yes,5147915,2480028,1377733,9235054,179
CP01032,Hyderabad,1350,829,1,2,2,Economy,Standard,Yes,957506,430662,270436,1807010,93
CP01033,Pune,2362,1102,1,2,3,Economy,Premium,Yes,1795031,601122,382123,2954634,93
CP01034,Delhi,4520,10288,3,8,8,Economy,Premium,No,20630151,7719932,4345645,32695729,274
CP01035,Kochi,1081,1309,2,2,2,Economy,Premium,Yes,1783885,591903,400261,3012370,126
CP01036,Mumbai,753,988,2,2,2,Standard,Basic,No,1593247,948340,512156,3053742,142
CP01037,Delhi,2124,3177,3,5,5,Standard,Premium,Yes,6403228,2551942,1429991,10467397,228
CP01038,Chennai,2720,3681,3,7,7,Standard,Standard,Yes,3901494,2187452,1059127,7300123,211
CP01039,Pune,2943,4731,3,8,7,Premium,Premium,Yes,7838130,4361561,1566382,13982069,254
CP01040,Pune,1840,1281,1,2,2,Standard,Standard,No,1577877,831800,410978,2820656,84
CP01041,Mumbai,660,959,3,2,2,Premium,Premium,Yes,2190092,1196049,501061,4059587,195
CP01042,Kochi,1538,3544,3,6,5,Standard,Standard,Yes,3610675,2095595,1078081,6917722,227
CP01043,Bengaluru,2239,2352,2,4,3,Economy,Standard,No,3010030,1388409,833704,5232143,171
CP01044,Delhi,4720,4923,2,8,8,Standard,Standard,Yes,7507682,4235041,2153143,13978217,211
CP01045,Bengaluru,4826,4956,2,8,8,Premium,Standard,Yes,6315023,4677605,1739754,12830626,238
CP01046,Delhi,4169,7585,4,8,8,Economy,Standard,Yes,11592647,5086746,3007378,19872400,306
CP01047,Mumbai,1852,1333,1,2,1,Economy,Standard,Yes,2268090,1158711,681001,4206236,97
CP01048,Bengaluru,4803,7264,2,8,8,Standard,Standard,Yes,9780871,4962311,2809469,17765766,226
CP01049,Hyderabad,771,512,1,1,1,Standard,Standard,No,569035,336147,166171,1071353,114
CP01050,Mumbai,2058,3184,3,5,5,Standard,Standard,No,5428830,3003130,1517274,9949234,222
CP01051,Kochi,4149,2281,1,4,3,Economy,Standard,Yes,2448305,1136405,621730,4420240,111
CP01052,Delhi,4797,2957,1,5,6,Standard,Premium,Yes,5993268,2609417,1222795,9995512,129
CP01053,Chennai,2922,4581,2,8,8,Standard,Standard,Yes,5172279,2869874,1269190,9554797,228
CP01054,Kochi,2236,3599,3,8,8,Standard,Basic,Yes,3452982,2062239,969404,6581450,227
CP01055,Kochi,3715,2623,1,4,4,Standard,Standard,Yes,2658471,1469729,740047,5035408,145
CP01056,Chennai,4690,2831,1,5,5,Standard,Basic,Yes,2877798,1578990,865423,5476564,130
CP01057,Chennai,3604,5992,3,8,7,Standard,Basic,Yes,5779506,3372694,1638457,10979716,244
CP01058,Delhi,929,1132,2,2,2,Standard,Standard,Yes,1816761,1003959,480927,3544123,126
CP01059,Kochi,4240,6041,3,8,8,Standard,Standard,No,6060828,3301542,1885162,11247533,238
CP01060,Pune,4494,3278,1,7,7,Economy,Basic,No,3456512,1912905,1110000,6479416,151
CP01061,Mumbai,4707,5037,2,8,8,Standard,Standard,Yes,8593909,5056593,2489615,16291766,209
CP01062,Mumbai,1941,1366,1,3,4,Standard,Premium,No,3164193,1341215,671647,5177055,106
CP01063,Bengaluru,4263,2020,1,3,4,Economy,Standard,Yes,2549982,1207905,629982,4526251,123
CP01064,Mumbai,815,1278,2,2,2,Standard,Basic,Yes,2033643,1155383,557788,3899905,133
CP01065,Kochi,938,970,2,2,2,Standard,Premium,No,1311529,515596,286371,2113495,111
CP01066,Mumbai,4662,10614,3,8,8,Economy,Standard,No,18640920,8375766,5311825,32328512,270
CP01067,Kochi,3308,4851,2,8,8,Standard,Standard,Yes,4971555,2993578,1469204,9569367,200
CP01068,Bengaluru,3752,5918,2,8,7,Premium,Standard,Yes,7033791,5891545,2207120,15365960,259
CP01069,Mumbai,2350,2901,2,5,5,Standard,Standard,No,4820839,2790138,1349327,8960304,181
CP01070,Mumbai,3021,8514,4,8,7,Standard,Standard,Yes,14504267,8702415,4324769,27719187,308
CP01071,Hyderabad,1309,1517,2,3,2,Standard,Premium,Yes,2248431,911032,505291,3753130,155
CP01072,Delhi,4326,4451,2,8,7,Standard,Standard,No,7256102,3669779,2041730,12967610,208
CP01073,Bengaluru,4242,5133,2,8,8,Premium,Standard,Yes,6228510,5160852,1941222,13544808,242
CP01074,Hyderabad,4593,4666,2,8,8,Premium,Premium,Yes,6699848,4385551,1435426,12637267,245
CP01075,Pune,1088,1727,2,4,4,Standard,Premium,No,2518760,1183795,567190,4269745,163
CP01076,Bengaluru,646,937,3,2,1,Premium,Basic,Yes,1088163,803452,327297,2387667,194
CP01077,Kochi,3959,5195,2,8,8,Standard,Premium,Yes,6997149,3160959,1407097,11667797,190
CP01078,Delhi,1000,2007,3,4,3,Standard,Standard,Yes,2930786,1663304,898978,5652030,170
CP01079,Mumbai,4590,2929,1,6,6,Premium,Standard,Yes,5149144,3933128,1388023,10587443,164
CP01080,Kochi,3757,5122,2,8,7,Standard,Standard,Yes,5227601,2934008,1562170,9910420,198
CP01081,Mumbai,4945,7278,3,8,8,Premium,Standard,Yes,13472899,9906989,3810551,27329222,283
CP01082,Hyderabad,990,637,1,1,1,Economy,Basic,Yes,644402,341910,197256,1308597,90
CP01083,Hyderabad,4453,9805,4,8,8,Standard,Standard,Yes,12094009,7020000,2765106,22092085,324
CP01084,Pune,1228,1913,2,4,4,Premium,Standard,Yes,2330676,1786736,630205,4880513,194
CP01085,Pune,4832,13852,4,8,8,Standard,Basic,Yes,14846558,8567266,4937909,28562158,317
CP01086,Delhi,3530,5580,2,8,7,Standard,Standard,Yes,8504874,4293850,2529792,15418202,226
CP01087,Mumbai,2121,1964,2,3,2,Economy,Premium,Yes,4546339,1469133,937036,7116326,147
CP01088,Kochi,1426,784,1,2,2,Standard,Standard,Yes,810492,460174,225074,1598533,107
CP01089,Chennai,2100,2177,2,4,4,Premium,Standard,Yes,2306035,1848221,647121,5011837,194
CP01090,Kochi,3894,1767,1,3,3,Standard,Premium,No,2461050,875644,485657,3822351,114
CP01091,Pune,3019,1614,1,3,3,Economy,Standard,No,2030395,960734,477792,3468921,129
CP01092,Mumbai,1534,1054,1,2,2,Economy,Basic,Yes,1738132,875134,521694,3227983,94
CP01093,Kochi,3642,3866,2,8,8,Premium,Standard,Yes,4014070,3215447,1069843,8532647,232
CP01094,Kochi,2066,3893,3,6,6,Standard,Basic,Yes,3821272,2111606,1123799,7217531,208
CP01095,Pune,4161,3165,1,7,7,Economy,Standard,Yes,3877976,1801369,1086933,6885481,157
CP01096,Kochi,1214,841,1,1,1,Economy,Premium,Yes,1129122,413231,252681,2013893,97
CP01097,Kochi,1782,2096,2,5,5,Premium,Standard,Yes,2141168,1550480,572695,4399091,197
CP01098,Bengaluru,3823,2218,1,4,5,Premium,Standard,Yes,2909098,1934972,720366,5807399,155
CP01099,Hyderabad,3267,1991,1,3,3,Economy,Standard,No,2144806,1115830,649315,3909951,112
CP01100,Mumbai,730,373,1,1,2,Standard,Standard,Yes,692947,362182,186142,1447428,94
CP01101,Kochi,3583,9629,4,8,8,Standard,Standard,No,10113018,5596638,2651472,18361129,309
CP01102,Pune,4878,8450,3,8,8,Standard,Standard,Yes,9980333,5956999,2954932,19068314,246
CP01103,Hyderabad,638,954,2,2,2,Premium,Basic,Yes,963327,809766,299824,2154353,162
CP01104,Kochi,4559,6517,2,8,8,Standard,Premium,Yes,8696374,3773175,1774533,14397646,210
CP01105,Kochi,4187,5557,2,8,8,Standard,Basic,No,5373931,3223304,1490324,10087560,217
CP01106,Chennai,1520,1755,2,3,2,Standard,Premium,Yes,2540929,1072955,541923,4287284,163
CP01107,Pune,3369,3527,2,7,7,Premium,Standard,Yes,4189320,2921199,1180685,8461116,225
CP01108,Mumbai,4711,6799,2,8,8,Standard,Standard,Yes,11707355,6520540,3337888,21740978,218
CP01109,Bengaluru,1092,1354,2,2,3,Standard,Basic,No,1560893,988372,436131,2985397,129
CP01110,Hyderabad,1731,915,1,2,1,Standard,Standard,Yes,1172807,572761,249743,2167213,123
CP01111,Hyderabad,4121,4271,2,8,8,Premium,Premium,Yes,7114079,3546638,1394667,12263278,221
CP01112,Bengaluru,910,1386,3,3,4,Standard,Standard,No,1827012,1002652,512621,3342285,166
CP01113,Mumbai,1338,1932,2,3,3,Standard,Premium,Yes,4283477,1855989,837265,7212238,158
CP01114,Delhi,3841,6108,3,8,8,Standard,Standard,Yes,9690041,4969196,2500587,17382612,241
CP01115,Chennai,1145,2905,4,5,4,Economy,Premium,Yes,4030501,1417741,1009503,6597072,250
CP01116,Delhi,3061,1861,1,3,3,Economy,Premium,No,3691613,1325176,808031,5824820,131
CP01117,Kochi,4946,6458,2,8,8,Standard,Standard,Yes,7117257,3559297,1984935,12881674,211
CP01118,Bengaluru,2404,3639,2,6,5,Standard,Standard,Yes,4558391,2624087,1378210,8739946,188
CP01119,Chennai,3812,11492,4,8,7,Standard,Premium,No,16247646,6632877,3347433,26227956,307
CP01120,Mumbai,4410,10722,4,8,7,Premium,Standard,Yes,18488970,14089062,5869500,38536141,339
CP01121,Pune,1413,1286,2,3,2,Premium,Premium,No,1956762,1169880,380126,3506767,174
CP01122,Pune,4724,2830,1,5,4,Standard,Standard,Yes,3388433,1926909,962416,6499782,147
CP01123,Delhi,2632,5228,3,8,8,Standard,Standard,Yes,8289571,4736189,2241261,15395680,236
CP01124,Mumbai,844,544,1,1,1,Economy,Basic,Yes,885026,413883,243834,1748965,82
CP01125,Chennai,871,1771,3,3,2,Economy,Standard,No,1970996,930663,507646,3409305,181
CP01126,Delhi,4111,6214,3,8,8,Economy,Standard,Yes,10019858,4574998,2513830,17238932,256
CP01127,Bengaluru,2371,3206,2,5,6,Standard,Premium,Yes,4908578,2091978,1010170,8180164,163
CP01128,Delhi,1862,1913,2,3,3,Standard,Standard,Yes,2952215,1627859,735326,5453647,135
CP01129,Mumbai,3024,4310,2,8,8,Standard,Standard,No,7370474,4050802,2028943,13450219,217
CP01130,Kochi,4961,5642,2,8,7,Standard,Premium,Yes,8273036,3441372,1561148,13360419,183
CP01131,Mumbai,1520,2123,2,5,6,Standard,Standard,Yes,3698207,1980148,978903,6790725,151
CP01132,Pune,4030,5643,3,8,8,Standard,Premium,No,9139761,3684302,1955171,14779234,271
CP01133,Bengaluru,3224,7644,4,8,8,Standard,Standard,No,10055394,5174050,2518379,17747822,270
CP01134,Pune,4360,12151,4,8,8,Economy,Standard,Yes,14483143,6531038,4074284,25325867,311
CP01135,Chennai,2650,1402,1,3,3,Economy,Standard,No,1599547,659627,420574,2679748,104
CP01136,Chennai,4100,8958,3,8,8,Standard,Standard,Yes,10264637,5151005,2636542,18207722,236
CP01137,Hyderabad,1765,3551,3,7,7,Economy,Basic,Yes,3807878,1915239,1026747,6892580,213
CP01138,Mumbai,975,1278,2,2,2,Standard,Standard,Yes,2202301,1244203,607153,4248025,141
CP01139,Bengaluru,2633,1510,1,3,2,Standard,Premium,Yes,2341091,1084220,500895,4076835,121
CP01140,Bengaluru,745,922,2,2,2,Standard,Standard,No,1266094,669574,336441,2272109,149
CP01141,Pune,4988,9862,3,8,8,Standard,Premium,No,15332505,6639309,3379149,25350963,264
CP01142,Delhi,1031,1268,2,2,2,Premium,Standard,Yes,2031168,1495187,513771,4267392,145
CP01143,Delhi,1304,2716,3,6,6,Standard,Premium,No,5336368,2341220,1079577,8757164,213
CP01144,Pune,3232,3889,2,8,8,Economy,Standard,Yes,5100557,2061596,1214517,8551654,217
CP01145,Kochi,1563,2442,3,4,5,Standard,Standard,Yes,2501026,1418483,685685,4846324,213
CP01146,Delhi,2834,1487,1,2,2,Standard,Standard,No,2299193,1249821,663845,4212860,116
CP01147,Bengaluru,2641,2387,2,4,4,Standard,Premium,No,4290017,1600515,881837,6772369,143
CP01148,Pune,2428,2696,2,4,5,Standard,Standard,Yes,3053601,1780445,747345,5783049,159
CP01149,Delhi,2708,1928,1,3,3,Economy,Standard,Yes,3112373,1401182,883535,5632559,117
CP01150,Hyderabad,4668,10194,3,8,8,Standard,Basic,Yes,10585948,6357405,3188383,20228246,275
CP01151,Mumbai,1538,801,1,1,2,Standard,Standard,Yes,1449665,807092,352752,2850457,71
CP01152,Hyderabad,1406,2209,2,5,6,Standard,Premium,Yes,3270643,1415411,693698,5523794,191
CP01153,Delhi,2063,2582,2,4,4,Premium,Basic,Yes,3812844,3055969,1030653,8061255,207
CP01154,Chennai,4015,6190,2,8,7,Standard,Standard,Yes,6587866,3947330,2041102,12777947,213
CP01155,Bengaluru,610,425,1,1,1,Economy,Basic,No,484582,244330,141527,870439,91
CP01156,Hyderabad,2468,1734,1,3,3,Standard,Premium,Yes,2701020,1068129,514864,4416324,107
CP01157,Hyderabad,1484,2135,3,4,4,Economy,Premium,Yes,3100502,1209419,757226,5150744,208
CP01158,Pune,4164,4388,2,8,8,Standard,Standard,No,5336536,2784644,1482775,9603955,189
CP01159,Pune,1989,2703,3,5,6,Standard,Basic,Yes,2822864,1775211,864693,5545345,206
CP01160,Pune,4001,11213,4,8,8,Premium,Standard,No,13349608,9747313,4111666,27208587,331
CP01161,Delhi,4921,2807,1,4,4,Standard,Basic,Yes,4298935,2241077,1271524,8002204,127
CP01162,Kochi,1424,2065,2,3,3,Standard,Standard,Yes,2273722,1206354,566817,4137983,164
CP01163,Kochi,2865,3258,2,6,6,Economy,Standard,Yes,3495332,1557385,883666,6118311,173
CP01164,Chennai,1536,4526,4,8,7,Economy,Standard,Yes,5052131,2201220,1365845,8700806,276
CP01165,Hyderabad,3400,5056,3,8,8,Economy,Basic,Yes,4926542,2832735,1577142,9524833,240
CP01166,Mumbai,3153,3220,2,7,7,Standard,Basic,Yes,5062358,2886490,1479604,9513748,180
CP01167,Pune,4445,7591,3,8,8,Economy,Basic,Yes,8571569,4227090,2502033,15503789,248
CP01168,Chennai,2396,1420,1,3,3,Premium,Standard,Yes,1534369,1201403,470684,3438731,134
CP01169,Delhi,653,1494,4,2,2,Standard,Standard,Yes,2333943,1312377,666880,4544687,187
CP01170,Chennai,1326,3804,4,8,8,Standard,Standard,No,4016455,2331189,1167783,7515427,268
CP01171,Pune,3336,1614,1,3,4,Standard,Standard,No,1867964,1018365,521729,3408059,113
CP01172,Bengaluru,3770,4319,2,8,8,Standard,Premium,No,7750701,3004032,1478687,12233420,184
CP01173,Hyderabad,2513,1867,1,4,4,Standard,Standard,Yes,2340033,1197125,612248,4348091,116
CP01174,Pune,2196,2079,2,4,4,Standard,Premium,Yes,3259078,1341826,710915,5477985,155
CP01175,Mumbai,2514,5881,3,8,8,Standard,Standard,Yes,10028396,5752068,2833956,18741480,256
CP01176,Hyderabad,3066,4876,2,8,8,Premium,Basic,No,4877575,3840624,1635996,10354195,256
CP01177,Chennai,3337,1605,1,3,3,Standard,Standard,Yes,1793862,878574,447853,3288226,117
CP01178,Kochi,1449,1599,2,3,3,Standard,Standard,Yes,1800267,882164,482627,3385255,131
CP01179,Mumbai,2709,6288,4,8,8,Standard,Standard,Yes,10757534,6245676,3130688,20342402,272
CP01180,Hyderabad,602,868,2,1,2,Economy,Standard,Yes,1010526,484806,250016,1982240,128
CP01181,Mumbai,4855,6394,2,8,8,Economy,Premium,Yes,14716506,4883792,2948182,22731653,209
CP01182,Chennai,4669,3154,1,7,6,Economy,Standard,No,3700556,1726597,1031241,6458394,153
CP01183,Pune,1492,4267,4,8,8,Standard,Standard,No,5221034,2828891,1452539,9502464,282
CP01184,Kochi,2630,3876,3,7,8,Standard,Basic,Yes,3441806,2038260,1097009,6743060,225
CP01185,Mumbai,3760,5577,2,8,7,Standard,Basic,Yes,9099896,5435185,2729799,17429709,239
CP01186,Pune,2976,2074,1,4,4,Standard,Standard,Yes,2526705,1455915,684933,4916606,104
CP01187,Kochi,2533,1651,1,3,3,Economy,Standard,Yes,1665452,780521,480708,3042215,119
CP01188,Chennai,1980,1507,1,3,3,Standard,Standard,No,1727991,948374,477495,3153860,92
CP01189,Kochi,4281,5951,2,8,8,Standard,Standard,Yes,6140973,3636701,1880310,11779713,201
CP01190,Chennai,1890,3935,4,8,8,Standard,Standard,No,4386233,2365782,1111376,7863392,280
CP01191,Mumbai,2240,2689,2,6,7,Standard,Standard,Yes,4759992,2485255,1380941,8716774,153
CP01192,Mumbai,3282,6133,3,8,8,Standard,Basic,Yes,9598634,6232210,2878260,18822680,251
CP01193,Chennai,1587,1489,2,2,3,Economy,Standard,Yes,1584724,803693,413778,2997430,124
CP01194,Mumbai,1818,4276,3,7,8,Standard,Standard,No,7694206,3846680,2213712,13754597,228
CP01195,Mumbai,1955,2903,3,5,6,Standard,Standard,Yes,4859904,2772702,1335676,9113760,198
CP01196,Mumbai,4865,3376,1,7,6,Standard,Premium,No,8011147,3357768,1717514,13086429,154
CP01197,Delhi,4735,5939,2,8,8,Standard,Premium,No,11483766,5182365,2655859,19321990,216
CP01198,Mumbai,2160,1982,2,4,4,Premium,Standard,No,3325786,2531530,1062292,6919607,200
CP01199,Hyderabad,2018,1561,1,3,3,Standard,Basic,No,1713681,936293,528162,3178135,114
CP01200,Chennai,1554,2325,2,5,4,Standard,Standard,Yes,2567111,1504555,752044,4963375,175
CP01201,Chennai,1583,2005,2,4,5,Standard,Basic,Yes,1833761,1208376,644074,3793037,157
CP01202,Bengaluru,1574,3337,4,6,7,Premium,Standard,Yes,4219146,3080651,1166853,8714524,265
CP01203,Pune,4733,4662,2,8,8,Standard,Premium,Yes,7512639,2986422,1663571,12289547,191
CP01204,Bengaluru,4572,7916,3,8,7,Economy,Standard,No,10269537,4595955,2687992,17553484,275
CP01205,Mumbai,1513,1632,2,3,3,Premium,Standard,Yes,2783418,1948548,754051,5592336,163
CP01206,Mumbai,636,1196,3,2,1,Standard,Standard,Yes,2051740,1205510,594568,4075802,174
CP01207,Kochi,3987,6285,2,8,8,Standard,Premium,No,8593899,3533931,1924410,14052239,216
CP01208,Hyderabad,2311,4515,3,7,7,Premium,Standard,Yes,5431453,3436670,1407627,10477915,262
CP01209,Hyderabad,3620,5513,2,8,8,Standard,Premium,Yes,7842303,3302163,1695472,13012429,221
CP01210,Hyderabad,1395,1891,2,3,3,Standard,Standard,Yes,2074192,1248369,544348,4009540,141
CP01211,Hyderabad,4636,5714,2,8,8,Standard,Standard,No,6961543,3574216,1711099,12246858,208
CP01212,Hyderabad,3711,5559,2,8,8,Standard,Premium,Yes,8753378,3364047,1677921,13933756,205
CP01213,Hyderabad,1924,1183,1,2,2,Standard,Premium,No,1709320,750223,400054,2859597,75
CP01214,Hyderabad,917,691,1,1,2,Standard,Standard,Yes,785735,428828,212379,1614118,82
CP01215,Hyderabad,2996,1653,1,3,3,Standard,Premium,No,2691251,1047142,535731,4274125,125
CP01216,Kochi,2762,4102,3,8,8,Standard,Standard,Yes,4437509,2375501,1063806,7961182,261
CP01217,Delhi,3345,2506,1,4,4,Premium,Standard,Yes,3851621,2725808,1134645,7809524,167
CP01218,Hyderabad,2191,1436,1,2,3,Economy,Basic,Yes,1560941,746829,458732,2974176,108
CP01219,Chennai,3711,8474,3,8,7,Standard,Standard,Yes,9141503,4897698,2336000,16481397,244
CP01220,Hyderabad,4530,7050,2,8,8,Standard,Standard,Yes,8194134,4284951,2151678,14800366,220
CP01221,Pune,2596,2433,2,5,5,Standard,Standard,Yes,2907436,1555360,765545,5354747,169
CP01222,Hyderabad,1912,1195,1,2,3,Standard,Standard,Yes,1419292,741920,381655,2644284,130
CP01223,Delhi,1885,4382,4,8,7,Economy,Basic,No,6244024,3033661,1800975,11078660,252
CP01224,Kochi,4911,9857,3,8,8,Standard,Basic,Yes,9353251,5663407,2759007,18013271,253
CP01225,Mumbai,2983,6512,3,8,8,Standard,Standard,No,11692220,6153485,2968753,20814458,264
CP01226,Delhi,3839,4209,2,8,8,Standard,Standard,No,6776590,3410653,1637516,11824759,220
CP01227,Delhi,2739,5298,3,8,8,Standard,Standard,Yes,8311089,4021859,2334733,14876898,247
CP01228,Mumbai,2304,1608,1,3,3,Standard,Standard,Yes,2855613,1473974,817995,5366703,108
CP01229,Hyderabad,962,478,1,1,2,Standard,Standard,Yes,561513,295651,144554,1146731,97
CP01230,Kochi,3204,2354,1,5,5,Standard,Basic,No,2321289,1406024,690971,4418285,159
CP01231,Kochi,2316,3067,2,6,7,Standard,Standard,No,3086540,1742075,827250,5655865,172
CP01232,Hyderabad,4886,7645,2,8,7,Standard,Premium,Yes,11669882,4451915,2521611,18756226,227
CP01233,Mumbai,4338,4935,2,8,7,Standard,Standard,Yes,8030017,4760808,2349562,15309712,203
CP01234,Pune,3069,1497,1,3,3,Standard,Standard,Yes,1790874,965665,472093,3333247,116
CP01235,Bengaluru,1156,1450,2,3,4,Economy,Basic,No,1775299,874704,469574,3119577,156
CP01236,Chennai,1425,2052,3,4,3,Premium,Standard,No,2185838,1540582,655909,4382330,216
CP01237,Mumbai,3408,5380,2,8,8,Standard,Standard,No,8850881,5477574,2366907,16695363,220
CP01238,Hyderabad,3319,4615,3,8,8,Standard,Premium,Yes,6667291,2972433,1446875,11172965,233
CP01239,Chennai,4108,2931,1,5,5,Economy,Standard,Yes,3315991,1479202,778056,5694726,143
CP01240,Hyderabad,4341,8253,3,8,7,Premium,Standard,No,9482085,6477350,2449343,18408779,266
CP01241,Bengaluru,2174,2517,2,5,6,Standard,Standard,No,3055838,1609867,802133,5467838,178
CP01242,Bengaluru,4598,2175,1,4,3,Premium,Basic,Yes,2595870,2095442,640074,5468110,143
CP01243,Mumbai,2729,1822,1,4,3,Premium,Premium,Yes,4239982,2456141,846484,7719008,146
CP01244,Chennai,3003,3932,2,7,8,Premium,Standard,Yes,4125098,3350789,1156007,8853087,195
CP01245,Delhi,3929,6462,3,8,8,Premium,Basic,No,8876925,7938788,2523186,19338898,277
CP01246,Kochi,1188,1826,2,3,3,Economy,Standard,Yes,2070948,917836,501350,3632316,165
CP01247,Kochi,2612,2906,2,5,5,Premium,Standard,Yes,2999161,2281728,816646,6281519,182
CP01248,Chennai,2147,3912,3,8,8,Economy,Basic,Yes,3610447,2233383,1040191,7124219,238
CP01249,Delhi,894,1144,2,3,4,Premium,Standard,Yes,1794887,1261915,481399,3725971,150
CP01250,Bengaluru,2585,2507,2,5,4,Standard,Standard,Yes,3219892,1721121,896211,5938098,167
CP01251,Hyderabad,3717,5770,2,8,8,Standard,Standard,Yes,7019601,3354967,1849605,12328020,221
CP01252,Kochi,2290,1330,1,3,4,Economy,Basic,No,1231260,664505,386187,2281953,110
CP01253,Delhi,1736,1660,2,3,2,Standard,Premium,Yes,3382034,1380215,690776,5562748,157
CP01254,Delhi,2664,3119,2,6,5,Economy,Basic,Yes,4365566,2157912,1337395,7957857,174
CP01255,Mumbai,1607,4242,4,8,7,Standard,Standard,Yes,7464028,3950272,2166585,13695450,303
CP01256,Pune,3114,3922,2,7,7,Premium,Standard,Yes,4807059,3355598,1489478,9871710,235
CP01257,Bengaluru,4126,5719,2,8,8,Standard,Basic,Yes,6667861,3912778,1850588,12590103,213
CP01258,Delhi,1847,1734,2,3,4,Economy,Basic,Yes,2456228,1148821,692023,4474662,169
CP01259,Bengaluru,4502,7422,3,8,7,Standard,Basic,Yes,8760240,4775050,2411441,16090275,271
CP01260,Mumbai,2035,4497,3,8,7,Economy,Standard,No,7193048,3466414,2323615,12983077,232
CP01261,Hyderabad,1171,1119,2,2,2,Standard,Basic,No,1093618,683112,385366,2162096,143
CP01262,Chennai,2982,6704,3,8,8,Premium,Standard,Yes,7437335,5304267,2103066,14987264,277
CP01263,Bengaluru,1845,1779,2,3,4,Standard,Standard,No,2260865,1101760,564828,3927453,159
CP01264,Mumbai,2684,3983,2,6,6,Standard,Standard,No,6724985,3725190,1877275,12327450,203
CP01265,Mumbai,877,505,1,1,1,Standard,Basic,No,789205,464408,247476,1501089,73
CP01266,Mumbai,2487,3304,2,7,7,Premium,Premium,Yes,7309636,4449573,1618417,13623197,220
CP01267,Kochi,1865,939,1,2,1,Standard,Basic,No,903890,511145,298712,1713747,118
CP01268,Kochi,1640,2327,3,4,4,Standard,Standard,Yes,2344990,1392973,705454,4641006,204
CP01269,Kochi,1517,1594,2,3,3,Standard,Basic,No,1512032,987712,481923,2981667,152
CP01270,Chennai,1485,2938,4,6,6,Standard,Basic,Yes,3027884,1865643,859115,5854594,262
CP01271,Kochi,3352,3749,2,8,8,Premium,Standard,Yes,3781220,2743246,1095119,7815048,213
CP01272,Bengaluru,621,782,2,2,3,Standard,Standard,Yes,936186,553594,243186,1829791,142
CP01273,Delhi,3791,4974,2,8,8,Standard,Standard,No,7426700,3976660,2099517,13502878,221
CP01274,Mumbai,2953,2145,1,4,4,Standard,Standard,No,3643820,1974206,1040559,6658585,130
CP01275,Chennai,1286,1748,2,4,3,Standard,Premium,Yes,2503672,1009031,485008,4137315,142
CP01276,Kochi,884,586,1,1,1,Standard,Standard,Yes,570696,336294,164014,1159303,86
CP01277,Hyderabad,4347,5165,2,8,7,Standard,Standard,No,6348824,3111763,1770335,11230922,207
CP01278,Pune,1362,1677,2,3,3,Economy,Standard,Yes,1927202,942616,552149,3629628,138
CP01279,Bengaluru,3028,5405,3,8,8,Premium,Basic,Yes,5821504,5352569,1934559,13325571,263
CP01280,Chennai,3107,2313,1,5,4,Economy,Standard,No,2550546,1114645,793392,4458583,138
CP01281,Pune,628,333,1,1,1,Economy,Standard,No,400948,171792,106892,679631,109
CP01282,Pune,1506,1361,2,2,2,Standard,Standard,Yes,1737140,869509,472047,3279210,115
CP01283,Kochi,3704,10044,4,8,8,Economy,Standard,Yes,10381027,5213770,2830579,18581563,299
CP01284,Chennai,4599,7186,3,8,8,Standard,Premium,No,10158825,4460042,2298903,16917771,245
CP01285,Delhi,3594,5473,2,8,8,Standard,Premium,No,11240796,4400889,2292632,17934317,227
CP01286,Delhi,3106,4663,2,8,8,Standard,Standard,Yes,7453174,3712172,2082550,13459451,213
CP01287,Chennai,4209,2007,1,4,4,Premium,Premium,Yes,2646750,1651978,651719,5152049,169
CP01288,Chennai,4153,8093,4,8,7,Standard,Premium,Yes,11603296,4879497,2398258,19011542,304
CP01289,Mumbai,2053,2559,2,5,5,Economy,Premium,No,6359710,2153166,1305998,9818874,183
CP01290,Hyderabad,3956,5247,2,8,8,Premium,Standard,Yes,5909176,4204806,1482426,11808086,241
CP01291,Delhi,1115,1218,2,2,2,Standard,Standard,Yes,1886990,1018833,515522,3644438,143
CP01292,Mumbai,638,447,1,1,2,Standard,Standard,Yes,818809,448344,231408,1706993,96
CP01293,Pune,3942,10378,4,8,8,Standard,Standard,Yes,12801624,7236007,3913876,24138436,307
CP01294,Pune,1486,837,1,2,2,Standard,Standard,Yes,970200,518204,255289,1877063,100
CP01295,Pune,3444,3160,2,6,5,Premium,Standard,Yes,3813290,2803545,972213,7688493,216
CP01296,Chennai,2804,1997,1,4,4,Standard,Standard,Yes,2087753,1181067,580250,3966559,128
CP01297,Bengaluru,1698,2675,3,4,4,Standard,Premium,Yes,4210963,1768523,931984,7008805,199
CP01298,Mumbai,2423,5394,3,8,7,Standard,Standard,Yes,9914515,4987822,2488422,17604636,246
CP01299,Bengaluru,3801,4539,2,7,8,Standard,Standard,No,5938480,3220703,1649858,10809041,204
CP01300,Kochi,3755,4896,2,8,8,Standard,Standard,Yes,5481813,2683840,1371764,9664537,204
CP01301,Hyderabad,3693,8370,3,8,8,Standard,Premium,No,13031935,5240608,2523821,20796365,245
CP01302,Hyderabad,4130,3106,1,7,8,Standard,Premium,Yes,4637171,2004401,917165,7741820,155
CP01303,Mumbai,4378,5078,2,8,8,Standard,Standard,Yes,8574724,5302027,2445491,16467493,196
CP01304,Pune,3496,1828,1,3,2,Standard,Basic,Yes,2101951,1224539,619895,4073732,126
CP01305,Kochi,4053,11693,4,8,7,Standard,Basic,No,11272587,6905218,3514005,21691810,306
CP01306,Delhi,4111,4946,2,8,8,Standard,Basic,Yes,7074467,4209263,2029278,13404617,200
CP01307,Hyderabad,1588,2464,3,5,4,Economy,Basic,Yes,2620063,1305908,798213,4841169,208
CP01308,Bengaluru,4716,7230,2,8,8,Standard,Standard,Yes,9579948,4932966,2730170,17396152,219
CP01309,Bengaluru,4626,2402,1,5,5,Standard,Standard,Yes,2853332,1647743,889830,5543935,147
CP01310,Delhi,4779,2193,1,4,3,Standard,Basic,Yes,2891914,1645053,897973,5546511,121
CP01311,Chennai,2282,2086,2,3,2,Premium,Premium,No,2878957,1662032,651341,5192330,177
CP01312,Pune,4563,6094,2,8,8,Economy,Standard,Yes,7481131,3493653,1989083,13053191,203
CP01313,Chennai,1533,1044,1,2,3,Standard,Standard,Yes,1127394,603318,304983,2134962,87
CP01314,Mumbai,4198,2346,1,4,5,Economy,Standard,No,4315297,2053394,1063240,7431931,118
CP01315,Hyderabad,3833,6462,3,8,8,Economy,Standard,Yes,7458640,3482062,2252142,13424938,254
CP01316,Delhi,2580,5870,4,8,7,Standard,Standard,Yes,9878232,4898460,2361197,17333723,297
CP01317,Delhi,2455,3378,2,6,5,Premium,Standard,Yes,5558713,3990747,1405347,11183461,221
CP01318,Delhi,3656,3439,2,7,6,Standard,Standard,Yes,5325539,2970234,1279239,9817664,183
CP01319,Chennai,1392,1079,1,2,2,Standard,Standard,Yes,1122417,684069,345063,2341592,103
CP01320,Chennai,1391,1468,2,3,4,Economy,Premium,Yes,2157098,798377,439528,3640587,147
CP01321,Mumbai,2409,5780,3,8,7,Standard,Premium,No,12635725,5955334,2972159,21563219,260
CP01322,Bengaluru,2855,1456,1,2,3,Premium,Standard,Yes,1770045,1387245,512966,3900802,149
CP01323,Bengaluru,4210,3031,1,6,7,Standard,Standard,No,3773787,1982956,1054132,6810876,121
CP01324,Kochi,2207,3497,3,7,6,Premium,Premium,Yes,4672203,2658875,1046880,8600385,272
CP01325,Mumbai,1584,1515,2,3,3,Premium,Standard,Yes,2725341,2124344,726716,5766377,158
CP01326,Delhi,4276,3233,1,7,7,Standard,Standard,Yes,5044020,2750941,1207973,9239658,157
CP01327,Bengaluru,3980,5974,2,8,8,Standard,Standard,Yes,7252040,4032574,2093796,13615079,187
CP01328,Mumbai,1119,1323,2,2,2,Standard,Basic,Yes,2070844,1235477,677402,4179402,150
CP01329,Bengaluru,1190,1656,2,3,4,Premium,Basic,Yes,1782808,1459462,541734,3961768,174
CP01330,Kochi,1650,3192,3,6,7,Economy,Basic,No,3050332,1617613,794735,5462680,223
CP01331,Mumbai,4233,9505,3,8,8,Standard,Basic,No,13935654,8918720,4365634,27220008,263
CP01332,Bengaluru,1559,1746,2,3,2,Standard,Standard,Yes,2187951,1145539,614254,4065286,160
CP01333,Delhi,1292,3272,4,5,4,Standard,Basic,No,4417806,2628937,1277130,8323873,223
CP01334,Chennai,4499,5577,2,8,8,Premium,Premium,No,8149120,3928019,1661486,13738624,247
CP01335,Chennai,3546,6104,3,8,8,Standard,Standard,Yes,6497134,3791705,1876188,12314446,252
CP01336,Kochi,1126,1716,2,3,3,Standard,Standard,Yes,1732252,966510,463323,3279039,153
CP01337,Delhi,3824,5828,3,8,8,Standard,Basic,No,8205695,4594765,2637434,15437893,252
CP01338,Bengaluru,2853,4299,3,8,8,Standard,Standard,Yes,5536035,3172046,1543494,10388703,251
CP01339,Delhi,3944,2571,1,5,6,Standard,Basic,No,3414259,2164663,1014667,6593589,146
CP01340,Mumbai,4565,12419,4,8,8,Standard,Standard,Yes,22372194,10586070,6210059,39324457,301
CP01341,Chennai,2475,3847,3,6,6,Standard,Premium,Yes,6041808,2391504,1096906,9648970,220
CP01342,Hyderabad,2363,4159,3,7,7,Standard,Standard,Yes,4713043,2487752,1269593,8570650,233
CP01343,Kochi,1120,875,1,2,3,Economy,Basic,No,782499,436559,250014,1469072,100
CP01344,Bengaluru,1616,2600,3,4,4,Standard,Standard,Yes,3296294,1839309,941360,6307604,198
CP01345,Hyderabad,716,1469,3,3,2,Premium,Standard,Yes,1602919,1257966,461513,3488936,217
CP01346,Hyderabad,3033,4301,2,7,7,Premium,Standard,Yes,4916242,3429063,1388424,9958190,233
CP01347,Kochi,1183,2871,4,5,4,Standard,Standard,Yes,2939586,1535612,888614,5559309,247
CP01348,Pune,994,773,1,1,2,Standard,Premium,Yes,1249599,508933,259089,2215212,102
CP01349,Hyderabad,4388,3105,1,5,6,Premium,Standard,Yes,3334329,2516503,941045,6957897,190
CP01350,Hyderabad,3368,4110,2,8,8,Standard,Premium,Yes,5781428,2747160,1348839,10094284,199
CP01351,Delhi,4767,6190,2,8,8,Premium,Basic,Yes,8710352,6983847,2514543,18293140,241
CP01352,Pune,4460,6176,2,8,8,Premium,Basic,Yes,6871594,5226337,2002897,14248339,251
CP01353,Pune,873,573,1,1,1,Standard,Standard,Yes,633784,397062,195484,1451826,91
CP01354,Pune,2613,7917,4,8,8,Standard,Basic,Yes,9146090,4726019,2704438,16732885,288
CP01355,Kochi,1989,1143,1,2,3,Economy,Standard,Yes,1236272,550133,322213,2211500,96
CP01356,Mumbai,4166,2311,1,4,4,Economy,Basic,No,3562291,1938217,1088458,6588966,132
CP01357,Pune,765,401,1,1,1,Premium,Standard,Yes,487065,338909,146837,1193765,125
CP01358,Delhi,2167,2007,2,3,4,Premium,Standard,Yes,2847119,2226729,732055,5956654,202
CP01359,Mumbai,1328,2470,4,5,5,Economy,Standard,Yes,4469654,1947557,1211553,7814826,226
CP01360,Bengaluru,2643,3988,2,7,6,Standard,Standard,Yes,4874049,2597011,1377266,8949500,181
CP01361,Mumbai,4797,9892,3,8,8,Standard,Premium,Yes,22310648,9532626,4627904,36703743,269
CP01362,Bengaluru,4096,2790,1,5,6,Standard,Standard,Yes,3513837,2007015,979196,6739465,126
CP01363,Pune,1378,1833,2,3,3,Standard,Standard,No,2325122,1330984,569502,4225609,127
CP01364,Pune,813,1214,2,2,2,Premium,Standard,No,1496399,1122883,369309,2988592,162
CP01365,Bengaluru,4362,5392,2,8,7,Economy,Premium,Yes,8739619,3119820,1976442,13932694,234
CP01366,Chennai,2176,1642,1,3,3,Economy,Standard,Yes,1763627,884092,472708,3237107,142
CP01367,Delhi,3048,3510,2,8,8,Economy,Standard,No,5454145,2364652,1463365,9282161,205
CP01368,Mumbai,3536,5476,2,8,8,Standard,Standard,Yes,9604794,5115997,2272776,17110057,196
CP01369,Delhi,3717,7744,3,8,8,Standard,Standard,Yes,11810396,6814801,2914044,21653390,247
CP01370,Delhi,1191,1286,2,2,2,Standard,Premium,Yes,2575190,1044697,548310,4393396,139
CP01371,Hyderabad,3320,2149,1,3,3,Standard,Standard,Yes,2455245,1357780,720946,4746798,109
CP01372,Pune,1313,1671,2,4,4,Standard,Standard,No,1895315,1064198,528728,3488241,158
CP01373,Mumbai,1535,764,1,2,3,Standard,Standard,Yes,1341545,725532,402631,2570691,100
CP01374,Delhi,4937,9729,3,8,8,Standard,Standard,Yes,14969625,8144070,4401508,27709191,253
CP01375,Mumbai,601,673,2,1,1,Premium,Premium,No,1548021,892763,340200,2780984,156
CP01376,Delhi,3448,1614,1,3,2,Premium,Premium,Yes,3101542,1845440,721964,5918679,148
CP01377,Pune,4644,14526,4,8,8,Standard,Standard,Yes,17014084,9929897,5171658,32295361,325
CP01378,Delhi,2549,3438,2,6,6,Standard,Basic,Yes,5077506,2944541,1398893,9565480,193
CP01379,Bengaluru,1517,1148,1,2,2,Premium,Standard,Yes,1409199,1058676,384829,3016577,133
CP01380,Pune,3774,5182,2,8,7,Economy,Standard,Yes,6397935,2818539,1781504,11211080,206
CP01381,Mumbai,2841,3266,2,6,6,Standard,Premium,Yes,7234421,2991982,1450708,11812417,181
CP01382,Kochi,689,1301,3,3,3,Standard,Basic,No,1131034,640434,378176,2149644,174
CP01383,Chennai,2309,4755,3,8,8,Economy,Basic,No,4687886,2411095,1465791,8564772,245
CP01384,Delhi,2769,8706,4,8,7,Economy,Basic,Yes,12362288,5860819,3809884,22229985,287
CP01385,Bengaluru,4838,5213,2,8,8,Standard,Standard,No,6506415,3439397,1860366,11806178,236
CP01386,Pune,3641,5506,2,8,8,Standard,Premium,Yes,7969375,3579353,1676596,13395199,233
CP01387,Hyderabad,705,1635,3,3,3,Premium,Basic,Yes,1547757,1354338,462320,3498712,212
CP01388,Kochi,1486,1017,1,2,2,Premium,Standard,Yes,1111805,804009,290991,2367740,138
CP01389,Kochi,1027,1593,2,3,3,Economy,Standard,Yes,1663736,765378,520628,3184341,155
CP01390,Pune,2495,2940,2,5,6,Standard,Premium,Yes,4736934,2098232,914247,7953979,178
CP01391,Kochi,916,717,1,1,1,Standard,Premium,Yes,983070,453524,200395,1740749,100
CP01392,Mumbai,1234,1717,2,3,2,Standard,Standard,No,2882865,1623092,838893,5344849,157
CP01393,Mumbai,2525,3520,3,6,5,Standard,Basic,Yes,5518626,3236093,1634967,10523560,225
CP01394,Hyderabad,2656,6114,3,8,8,Standard,Standard,Yes,6582323,3512236,2001640,12291267,238
CP01395,Bengaluru,3744,2319,1,4,5,Standard,Premium,Yes,3957871,1746344,834180,6631881,130
CP01396,Mumbai,2870,1753,1,3,4,Standard,Premium,Yes,4062088,1621965,919266,6810962,104
CP01397,Bengaluru,2039,2643,2,5,4,Economy,Standard,Yes,3442445,1508244,941924,6036968,175
CP01398,Bengaluru,1152,1735,3,3,3,Premium,Standard,Yes,2308084,1559616,586712,4677066,224
CP01399,Pune,1315,807,1,1,1,Economy,Premium,Yes,1251317,445332,280183,2205427,96
CP01400,Bengaluru,4511,10026,3,8,7,Premium,Standard,Yes,12306760,9116505,3450605,24976699,308
CP01401,Delhi,2313,1053,1,2,1,Premium,Basic,Yes,1453278,1243466,432255,3258292,134
CP01402,Mumbai,3989,4352,2,8,8,Standard,Standard,No,8047894,3604328,2037109,13689331,225
CP01403,Mumbai,1707,1539,2,3,3,Standard,Premium,Yes,3300629,1463579,716818,5598417,152
CP01404,Chennai,4806,8585,3,8,8,Standard,Standard,No,9451312,5335919,2743825,17531056,250
CP01405,Kochi,850,599,1,1,1,Standard,Premium,No,839943,329644,181721,1351308,85
CP01406,Bengaluru,3030,4421,2,7,7,Standard,Standard,Yes,5661460,3140223,1551064,10511982,200
CP01407,Chennai,2654,2072,1,4,4,Standard,Basic,Yes,2139332,1248763,604980,4226424,139
CP01408,Pune,1058,2104,3,4,4,Standard,Basic,Yes,2150569,1338802,702144,4297144,198
CP01409,Chennai,807,1305,3,2,1,Standard,Premium,Yes,1947311,712052,374234,3251073,175
CP01410,Kochi,1499,1159,1,2,3,Standard,Standard,Yes,1180914,674058,328485,2407778,89
CP01411,Bengaluru,4061,8788,3,8,8,Standard,Basic,Yes,9166652,6160226,2756878,18231347,285
CP01412,Kochi,3985,5188,2,8,8,Standard,Premium,Yes,6955766,2847652,1468472,11420801,191
CP01413,Mumbai,621,430,1,1,1,Standard,Standard,Yes,731404,428484,217193,1537207,71
CP01414,Pune,1009,1560,2,3,2,Standard,Premium,Yes,2437774,1004629,498358,4117100,142
CP01415,Bengaluru,1494,1044,1,2,1,Premium,Standard,No,1240368,1022785,382418,2645571,138
CP01416,Pune,1114,1934,3,4,4,Standard,Basic,Yes,2095748,1295778,661696,4287861,187
CP01417,Hyderabad,4709,9882,3,8,8,Standard,Standard,Yes,11151237,6686358,3194234,21147972,261
CP01418,Bengaluru,2734,1268,1,2,3,Standard,Premium,No,2251037,890800,422690,3564527,93
CP01419,Hyderabad,4195,4910,2,8,8,Standard,Basic,No,5139427,3097634,1462224,9699285,227
CP01420,Chennai,3556,6317,3,8,7,Standard,Premium,Yes,9115784,3433054,2009215,14781534,253
CP01421,Bengaluru,2160,4392,4,7,6,Economy,Standard,Yes,5505185,2582821,1408336,9654194,276
CP01422,Hyderabad,1866,1709,2,3,3,Premium,Standard,Yes,2072394,1436119,525714,4238454,203
CP01423,Delhi,2769,5501,4,8,8,Economy,Standard,Yes,8635987,4244909,2344560,15460197,303
CP01424,Mumbai,4238,5756,2,8,8,Standard,Premium,Yes,13966819,5584739,3163182,22875822,200
CP01425,Chennai,1349,1971,2,3,3,Economy,Standard,Yes,2259533,1044539,616762,4026484,152
CP01426,Bengaluru,4027,9614,3,8,8,Economy,Standard,Yes,11974323,6034410,3185096,21308141,276
CP01427,Bengaluru,2527,2886,2,5,5,Standard,Premium,No,4884529,2124712,994615,8003856,172
CP01428,Mumbai,4404,5811,2,8,7,Standard,Basic,Yes,9504370,5554293,2750227,17990452,203
CP01429,Mumbai,4302,6693,2,8,8,Premium,Basic,Yes,11002341,9597457,3275836,24044914,214
CP01430,Kochi,2956,4509,3,8,8,Standard,Basic,No,4308804,2505094,1361988,8175887,255
CP01431,Hyderabad,2935,6173,3,8,8,Standard,Standard,Yes,6746655,4147703,1872292,12962232,270
CP01432,Hyderabad,906,1294,2,2,2,Standard,Standard,Yes,1492824,784789,412374,2873804,147
CP01433,Hyderabad,4265,4104,2,8,8,Standard,Premium,Yes,6189543,2696701,1368504,10372596,201
CP01434,Kochi,2589,3890,2,8,8,Premium,Standard,No,4076594,2849105,1028961,7954659,223
CP01435,Pune,1261,1852,2,4,3,Standard,Standard,Yes,2343768,1260135,606096,4388906,158
CP01436,Chennai,911,420,1,1,1,Standard,Premium,Yes,585146,241241,123219,1063459,106
CP01437,Bengaluru,3520,5088,3,8,7,Premium,Standard,No,6471359,4493791,1753310,12718460,278
CP01438,Chennai,1682,1571,2,3,3,Economy,Premium,Yes,2240277,762499,408564,3617632,121
CP01439,Mumbai,3571,4050,2,8,8,Standard,Standard,No,7322886,3984807,1861928,13169621,220
CP01440,Delhi,1354,850,1,2,2,Standard,Basic,No,1263401,731653,311792,2306847,108
CP01441,Chennai,4730,3009,1,7,7,Economy,Standard,Yes,3392321,1572203,844955,5964728,139
CP01442,Chennai,952,2070,4,4,4,Standard,Basic,Yes,2094896,1255745,626023,4192970,235
CP01443,Hyderabad,1502,2310,2,4,4,Economy,Basic,No,2303290,1207067,745556,4255913,162
CP01444,Mumbai,4488,2598,1,4,5,Premium,Standard,Yes,4290157,3245557,1217551,8857423,158
CP01445,Chennai,758,706,2,1,2,Standard,Standard,No,784543,401678,184954,1371175,114
CP01446,Bengaluru,2577,2860,2,5,4,Premium,Basic,Yes,3231818,2518235,951962,6909078,197
CP01447,Hyderabad,1556,989,1,2,2,Standard,Standard,Yes,1163329,660860,288078,2292104,82
CP01448,Kochi,2671,3167,2,6,5,Standard,Standard,Yes,3228376,1709619,888777,5941134,195
CP01449,Chennai,1003,1094,2,2,2,Standard,Standard,Yes,1270931,625807,330094,2310752,126
CP01450,Mumbai,3379,3351,2,6,5,Premium,Basic,Yes,5054012,4126149,1452954,10781898,225
CP01451,Delhi,1987,2927,2,6,7,Economy,Standard,Yes,4472239,1951246,1201065,7853601,186
CP01452,Bengaluru,4053,6473,2,8,8,Standard,Standard,Yes,8060165,4534405,1937957,14701861,210
CP01453,Delhi,1555,3516,4,7,7,Standard,Standard,Yes,5652386,2874300,1459657,10232562,251
CP01454,Mumbai,2312,2698,2,5,4,Premium,Standard,No,4704582,3467971,1279782,9452334,202
CP01455,Mumbai,1873,2496,2,4,3,Premium,Basic,No,3862253,3215968,1089591,8167812,203
CP01456,Mumbai,4411,3094,1,5,5,Standard,Standard,Yes,5463018,3013110,1356284,9952681,146
CP01457,Delhi,3225,3787,2,6,6,Economy,Premium,Yes,7342308,2717610,1759027,11899043,190
CP01458,Pune,2982,6859,3,8,8,Economy,Standard,Yes,8291996,4075656,2309780,14772860,250
CP01459,Bengaluru,2041,1318,1,2,2,Premium,Basic,Yes,1492755,1186717,435641,3256694,143
CP01460,Mumbai,3579,6524,3,8,8,Standard,Basic,Yes,11528309,6077614,3069291,20781525,231
CP01461,Pune,2397,1621,1,3,2,Economy,Premium,No,2502662,905338,496720,3904720,115
CP01462,Hyderabad,4990,7819,2,8,8,Premium,Standard,Yes,8998659,6625692,2495968,18304009,252
CP01463,Pune,4609,10067,3,8,8,Economy,Standard,No,12287364,5228838,3299020,20815222,255
CP01464,Hyderabad,1994,1850,2,3,4,Standard,Standard,No,2160097,1073621,608252,3841969,145
CP01465,Delhi,4881,5528,2,8,8,Standard,Premium,Yes,11528846,4610835,2464715,18798199,230
CP01466,Kochi,1869,1148,1,2,1,Economy,Basic,Yes,1162669,594745,353664,2360438,109
CP01467,Kochi,4314,7248,3,8,8,Standard,Standard,Yes,7331468,4438063,2172246,14135851,265
CP01468,Pune,1129,784,1,1,1,Economy,Standard,Yes,965285,415255,255358,1738310,87
CP01469,Delhi,4223,9364,3,8,8,Standard,Standard,Yes,14325724,7696448,3612370,25779926,245
CP01470,Mumbai,3558,2511,1,5,6,Standard,Basic,Yes,4029981,2430148,1184044,7847907,151
CP01471,Pune,3514,8394,3,8,8,Economy,Standard,Yes,10607851,4780592,2761960,18397424,251
CP01472,Pune,4191,4571,2,8,8,Premium,Premium,Yes,7658312,3874498,1544207,13285188,230
CP01473,Mumbai,2747,6232,3,8,8,Standard,Standard,Yes,11352054,6491995,2890652,20954821,232
CP01474,Hyderabad,3969,5702,2,8,8,Standard,Premium,Yes,8669536,3489834,1666682,14058512,227
CP01475,Mumbai,1539,2662,3,6,6,Standard,Standard,Yes,4877461,2602656,1297396,8942512,216
CP01476,Bengaluru,1125,795,1,1,1,Economy,Premium,Yes,1263377,458591,314054,2143610,90
CP01477,Kochi,601,300,1,1,1,Premium,Premium,Yes,395718,227106,92819,888165,127
CP01478,Kochi,974,1414,2,3,3,Standard,Standard,No,1487586,836474,431788,2755848,142
CP01479,Pune,2940,1870,1,3,4,Standard,Standard,No,2368031,1294983,603428,4266442,107
CP01480,Bengaluru,4605,2543,1,6,6,Premium,Standard,Yes,3178856,2449432,837790,6681122,157
CP01481,Mumbai,3652,9926,4,8,8,Standard,Standard,Yes,17336702,9108175,4982376,31640297,288
CP01482,Kochi,2965,8000,4,8,8,Standard,Standard,No,7697086,4253205,2452462,14402753,306
CP01483,Delhi,2125,2224,2,4,4,Premium,Premium,Yes,4877801,2857484,919373,8760992,204
CP01484,Mumbai,2246,4138,4,8,8,Standard,Basic,Yes,6494307,4033452,1916599,12602260,251
CP01485,Chennai,613,737,2,1,1,Standard,Standard,No,721808,422348,213982,1358138,126
CP01486,Bengaluru,2878,3737,2,6,7,Standard,Standard,Yes,4758905,2700007,1305847,9002382,185
CP01487,Kochi,3755,8525,3,8,8,Premium,Standard,Yes,9077132,6262855,2419931,17954517,283
CP01488,Chennai,729,1129,2,2,2,Standard,Standard,No,1230475,744070,338997,2313542,127
CP01489,Bengaluru,4414,11213,4,8,7,Standard,Premium,Yes,17768431,7579245,4156872,29708088,312
CP01490,Delhi,3816,5447,2,8,8,Premium,Standard,No,8689631,6442161,2406590,17538382,230
CP01491,Chennai,3538,4272,2,8,8,Standard,Premium,Yes,6300330,2557447,1268169,10351806,203
CP01492,Chennai,4528,3219,1,5,5,Economy,Standard,Yes,3615408,1516583,965644,6316559,124
CP01493,Bengaluru,2640,1377,1,2,3,Standard,Standard,Yes,1688656,903386,503974,3320147,96
CP01494,Mumbai,627,363,1,1,1,Standard,Standard,No,623323,335106,179765,1138194,86
CP01495,Hyderabad,2713,7292,4,8,8,Standard,Basic,Yes,7473777,4436658,2524121,14554054,285
CP01496,Mumbai,1852,2535,3,5,6,Premium,Standard,Yes,4387632,3316155,1266189,9087573,247
CP01497,Hyderabad,4956,10450,3,8,8,Standard,Standard,No,12371674,5783008,3342837,21497519,265
CP01498,Bengaluru,2646,3928,2,6,6,Standard,Premium,Yes,6357576,2736647,1315145,10593013,196
CP01499,Pune,4623,5452,2,8,7,Standard,Standard,Yes,6346249,3242846,1629763,11408006,173
CP01500,Mumbai,4996,3031,1,5,5,Standard,Standard,Yes,5424863,2961835,1547449,10109928,136
CP01501,Chennai,3974,5944,2,8,8,Standard,Standard,Yes,7159971,3423646,1897838,12649948,186
CP01502,Mumbai,4066,5867,2,8,8,Economy,Standard,No,10000929,4819696,3046639,17867264,226
CP01503,Bengaluru,3681,6083,3,8,8,Standard,Basic,Yes,6728933,3917321,1945036,12802483,272
CP01504,Pune,4378,4933,2,8,8,Premium,Basic,Yes,5345741,4256999,1665266,11508807,235
CP01505,Pune,1229,845,1,2,3,Standard,Premium,Yes,1369397,500635,267624,2233681,121
CP01506,Mumbai,869,562,1,1,1,Standard,Standard,Yes,1011502,505902,268111,2025389,81
CP01507,Mumbai,3239,1641,1,3,4,Economy,Basic,Yes,2587056,1432886,713845,4817237,124
CP01508,Delhi,2593,2896,2,5,6,Premium,Standard,Yes,4382044,3518519,1166770,9276969,211
CP01509,Mumbai,3491,10682,4,8,8,Premium,Standard,No,20379009,12982655,5095463,38457127,336
CP01510,Bengaluru,4032,5571,2,8,8,Standard,Standard,No,7369784,3778919,1967493,13116196,209
CP01511,Hyderabad,1880,4484,3,8,7,Standard,Premium,Yes,7200038,2889657,1476012,11710254,242
CP01512,Delhi,2960,4253,2,8,8,Standard,Standard,Yes,6733763,3586895,1956763,12385543,205
CP01513,Hyderabad,1175,1832,2,4,4,Standard,Basic,Yes,1897245,1120926,572959,3696498,161
CP01514,Chennai,1907,1002,1,2,2,Premium,Premium,Yes,1455714,748432,292119,2633180,157
CP01515,Kochi,3792,8190,3,8,8,Economy,Standard,Yes,9177043,4142060,2383048,15798505,283
CP01516,Bengaluru,3778,5180,3,8,8,Standard,Standard,Yes,6687388,3483444,1819843,12094316,252
CP01517,Delhi,3334,2283,1,5,6,Standard,Standard,Yes,3274168,1759943,894682,6053148,157
CP01518,Pune,2812,3454,2,6,6,Standard,Premium,Yes,5737907,2274489,1056597,9221968,169
CP01519,Delhi,2952,3373,2,6,5,Standard,Standard,No,5505435,2784647,1611501,9901583,191
CP01520,Chennai,4168,6267,2,8,8,Economy,Standard,Yes,7234878,3114885,1910901,12342972,224
CP01521,Pune,2255,6755,4,8,7,Standard,Standard,Yes,7734565,4486513,2335679,14724684,281
CP01522,Delhi,2179,1995,2,3,3,Standard,Standard,Yes,3119845,1657965,866396,5850712,175
CP01523,Pune,2803,3718,2,7,8,Standard,Standard,Yes,4683299,2591457,1261885,8705314,211
CP01524,Mumbai,1990,1151,1,2,2,Economy,Standard,No,2027053,896330,594516,3517899,108
CP01525,Pune,2342,1394,1,3,3,Standard,Basic,Yes,1541200,884581,521755,3059919,103
CP01526,Delhi,2525,1871,1,3,4,Standard,Premium,No,3829641,1632271,812158,6274070,95
CP01527,Pune,1219,680,1,1,2,Premium,Basic,Yes,716041,681474,226024,1819794,109
CP01528,Bengaluru,1874,4385,3,8,8,Premium,Standard,Yes,5651311,4562296,1605166,11952236,288
CP01529,Mumbai,1556,2394,3,5,6,Standard,Standard,Yes,4047324,2382344,1133588,7697287,200
CP01530,Mumbai,2539,1731,1,3,4,Economy,Standard,No,3034045,1387738,770873,5192656,127
CP01531,Chennai,4553,9359,3,8,8,Standard,Standard,Yes,10057493,5465458,2917718,18672451,270
CP01532,Mumbai,2981,1604,1,3,4,Standard,Standard,No,2921891,1510038,728085,5160013,88
CP01533,Hyderabad,1568,1767,2,3,4,Economy,Basic,Yes,1885936,863849,530341,3411479,145
CP01534,Bengaluru,1916,1422,1,2,3,Economy,Standard,Yes,1839655,862482,453333,3381912,92
CP01535,Chennai,1643,2354,2,4,5,Standard,Premium,Yes,3404180,1505714,599777,5611486,170
CP01536,Hyderabad,881,995,2,2,2,Premium,Premium,Yes,1520043,840534,288597,2769333,177
CP01537,Pune,3444,4386,2,7,8,Premium,Standard,Yes,5733498,4316872,1456692,11739615,223
CP01538,Kochi,1658,1563,2,3,4,Economy,Standard,No,1719858,860493,477537,3057888,166
CP01539,Hyderabad,4893,10237,4,8,8,Standard,Basic,Yes,10232057,6734720,3121318,20287940,318
CP01540,Chennai,3132,1941,1,4,4,Economy,Standard,Yes,2089483,956730,558088,3772284,117
CP01541,Mumbai,4428,2125,1,4,3,Standard,Standard,Yes,3708788,1952463,1016110,6794523,130
CP01542,Bengaluru,1608,1198,1,3,4,Standard,Basic,Yes,1350701,858613,411528,2817700,101
CP01543,Kochi,1829,2565,2,4,3,Standard,Premium,Yes,3369287,1539047,728571,5726612,157
CP01544,Chennai,1635,1275,1,2,1,Standard,Premium,Yes,1866037,739876,406866,3207109,110
CP01545,Hyderabad,875,1818,3,3,3,Economy,Basic,No,1885195,917096,562066,3364357,184
CP01546,Kochi,3340,5204,2,8,8,Standard,Standard,Yes,5485498,2712557,1439581,9859244,190
CP01547,Hyderabad,2889,3721,2,7,6,Premium,Standard,No,4003903,2999569,1173060,8176533,226
CP01548,Chennai,1839,2427,2,4,4,Standard,Standard,Yes,2501740,1425751,756575,4908489,156
CP01549,Kochi,725,574,1,1,2,Standard,Standard,Yes,586845,345019,191699,1307212,81
CP01550,Delhi,4665,3147,1,6,7,Standard,Standard,Yes,4964235,2567781,1460195,9099962,132
CP01551,Delhi,4912,4526,2,8,8,Standard,Basic,No,6392983,3218720,1929058,11540761,201
CP01552,Chennai,4468,6284,2,8,8,Premium,Standard,No,7190973,4923284,1827236,13941493,246
CP01553,Delhi,1808,1386,1,2,2,Standard,Premium,Yes,2696995,1144847,579127,4633669,100
CP01554,Chennai,3849,2803,1,5,6,Standard,Standard,Yes,3167866,1651942,807000,5829294,139
CP01555,Mumbai,1518,3973,4,8,7,Standard,Standard,Yes,7420483,3321404,1931841,12834810,267
CP01556,Kochi,4523,3098,1,6,6,Premium,Standard,No,3357402,2343248,900026,6600676,182
CP01557,Chennai,2569,6139,3,8,8,Standard,Premium,No,8324954,3926511,1909211,14160676,246
CP01558,Pune,3393,4903,3,8,7,Premium,Premium,Yes,8054184,4266751,1427028,13836698,251
CP01559,Bengaluru,1491,2038,2,3,4,Economy,Basic,Yes,2350547,1154958,666193,4337035,135
CP01560,Bengaluru,2633,1446,1,2,2,Standard,Premium,No,2421145,959219,542352,3922716,97
CP01561,Pune,1964,1323,1,2,2,Standard,Basic,Yes,1584567,879869,407723,3009458,118
CP01562,Hyderabad,728,964,2,2,2,Economy,Basic,Yes,1011962,476903,289674,1935444,124
CP01563,Hyderabad,1614,1625,2,4,4,Economy,Standard,Yes,1924263,820870,501913,3423163,160
CP01564,Hyderabad,2399,3759,3,6,5,Standard,Standard,Yes,4357932,2501035,1285070,8287188,223
CP01565,Kochi,2118,5655,4,8,8,Standard,Standard,No,5851973,3331504,1675818,10859294,265
CP01566,Hyderabad,4781,4732,2,7,7,Premium,Standard,No,5545164,3915415,1465724,10926303,224
CP01567,Mumbai,1798,975,1,2,1,Standard,Basic,Yes,1517396,958760,455062,3154868,103
CP01568,Pune,4473,3320,1,6,7,Economy,Standard,Yes,4040581,1776875,1050740,7018159,143
CP01569,Bengaluru,3074,5205,3,8,8,Standard,Standard,No,6504866,3424068,1660447,11589381,249
CP01570,Pune,4085,2536,1,4,4,Economy,Standard,Yes,2813457,1354945,796127,5181254,132
CP01571,Bengaluru,4649,3623,1,6,7,Standard,Basic,Yes,4043653,2303658,1382020,7925951,150
CP01572,Hyderabad,4319,6860,3,8,8,Standard,Basic,Yes,7403529,4301332,2353927,14201849,263
CP01573,Mumbai,902,1057,2,2,2,Premium,Premium,Yes,2468695,1506186,496916,4720047,166
CP01574,Chennai,4552,12058,4,8,8,Standard,Premium,Yes,17081365,6512195,3510074,27196986,317
CP01575,Chennai,1586,2265,2,4,4,Premium,Basic,Yes,2251192,1989312,725995,5205871,192
CP01576,Delhi,2463,1885,1,3,4,Standard,Standard,Yes,2809373,1368449,762991,5082187,101
CP01577,Hyderabad,3672,11315,4,8,8,Standard,Standard,No,12704039,7306335,3706871,23717245,318
CP01578,Hyderabad,3724,5376,2,8,8,Standard,Premium,No,8074222,3072376,1580994,12727591,201
CP01579,Pune,1927,2042,2,4,4,Standard,Standard,No,2449496,1382166,680687,4512348,155
CP01580,Mumbai,3008,2759,2,5,5,Economy,Premium,Yes,6122313,2159837,1286836,9665525,176
CP01581,Mumbai,4273,2496,1,5,4,Premium,Standard,Yes,4381241,3350970,1231071,9183474,169
CP01582,Pune,3891,3887,2,6,6,Standard,Premium,No,5842125,2462194,1382035,9686353,167
CP01583,Mumbai,4633,3236,1,7,8,Standard,Basic,No,5448589,3183178,1496859,10128625,137
CP01584,Kochi,1303,1775,2,3,3,Premium,Premium,Yes,2497721,1351082,473521,4482552,166
CP01585,Kochi,1174,1092,2,2,2,Economy,Standard,Yes,1042015,561033,305653,2108930,139
CP01586,Mumbai,3832,8539,3,8,8,Premium,Premium,Yes,20192577,10959073,4427644,35743530,307
CP01587,Kochi,3232,5207,3,8,7,Standard,Standard,Yes,5360163,2998675,1495768,10054305,237
CP01588,Chennai,4428,2662,1,6,7,Standard,Standard,Yes,2864168,1601633,795016,5423851,131
CP01589,Mumbai,3830,5237,2,8,8,Standard,Premium,No,12343168,5246973,2687788,20277928,196
CP01590,Kochi,1088,1306,2,2,3,Standard,Standard,Yes,1356960,779057,383787,2709311,143
CP01591,Hyderabad,1947,1176,1,2,3,Economy,Standard,Yes,1337246,630878,422020,2601573,115
CP01592,Chennai,4281,6074,3,8,8,Standard,Standard,No,6326314,3327963,1702907,11357183,259
CP01593,Hyderabad,3773,6683,3,8,8,Economy,Standard,Yes,8001554,3403525,2103992,13661772,243
CP01594,Hyderabad,2267,1627,1,3,4,Premium,Premium,No,2544226,1437773,469989,4451989,124
CP01595,Kochi,2237,3446,2,6,6,Standard,Basic,Yes,3261875,1811711,917844,6228938,183
CP01596,Kochi,4714,2803,1,6,5,Standard,Standard,No,2792536,1538567,861814,5192917,161
CP01597,Pune,4153,4969,2,8,7,Premium,Premium,Yes,7910841,4291376,1550973,13918010,241
CP01598,Delhi,1600,1113,1,2,2,Premium,Standard,No,1757972,1247115,511378,3516465,115
CP01599,Mumbai,1450,4523,4,7,8,Economy,Premium,Yes,10337635,3620475,2026652,16071207,265
CP01600,Mumbai,1988,3241,3,7,7,Premium,Premium,Yes,7676896,4207050,1547041,13624245,241
CP01601,Mumbai,4312,5209,2,8,8,Economy,Standard,Yes,9230015,4022154,2321208,15793628,211
CP01602,Mumbai,1967,2866,2,6,6,Standard,Standard,Yes,5105516,2630932,1429748,9337744,178
CP01603,Kochi,1421,2828,3,6,5,Standard,Premium,Yes,4069346,1754651,815865,6753704,210
CP01604,Chennai,1054,1030,2,2,1,Economy,Premium,No,1443923,561978,332320,2338221,129
CP01605,Bengaluru,2224,1489,1,3,2,Standard,Premium,Yes,2295073,1053473,539718,4046602,117
CP01606,Hyderabad,3372,3475,2,6,5,Standard,Basic,Yes,3587841,2255937,1102722,7193347,196
CP01607,Delhi,4326,8157,3,8,8,Standard,Standard,Yes,12278510,6939469,3449584,22865824,278
CP01608,Delhi,3747,4760,2,8,8,Premium,Standard,No,6913482,5378694,1847423,14139598,240
CP01609,Bengaluru,4689,7096,2,8,8,Standard,Standard,Yes,9199727,4678882,2504224,16512854,233
CP01610,Bengaluru,2790,5121,3,8,8,Premium,Standard,No,6478281,5111427,1756517,13346225,260
CP01611,Bengaluru,1516,2491,3,4,3,Standard,Basic,Yes,2629409,1877721,893373,5497763,191
CP01612,Kochi,4586,7303,3,8,8,Premium,Standard,Yes,8103630,5458739,2174899,15945104,273
CP01613,Chennai,3475,2627,1,5,5,Standard,Standard,Yes,2805563,1661129,757724,5398322,128
CP01614,Bengaluru,2040,2080,2,4,5,Premium,Premium,No,3336293,1893115,686445,5915853,176
CP01615,Chennai,5000,8985,3,8,8,Economy,Premium,Yes,13332465,4394663,2707958,20544237,283
CP01616,Kochi,1335,2064,3,4,5,Standard,Standard,No,2193823,1148896,579000,3921719,188
CP01617,Pune,4168,6007,2,8,8,Economy,Standard,Yes,7585920,3300805,1808611,12801605,210
CP01618,Pune,3938,2425,1,5,4,Standard,Standard,Yes,2678384,1645612,752063,5292046,114
CP01619,Delhi,3615,6213,3,8,8,Standard,Standard,No,9458549,5092624,2777833,17329006,224
CP01620,Pune,3489,6033,3,8,8,Standard,Standard,Yes,7339019,4144190,2044446,13610658,267
CP01621,Chennai,1561,1168,1,3,4,Economy,Standard,Yes,1351689,572755,349833,2384784,107
CP01622,Chennai,3589,4621,2,8,8,Standard,Basic,No,4420224,2758877,1490292,8669392,232
CP01623,Hyderabad,4448,3119,1,6,5,Standard,Standard,Yes,3553361,1849822,978849,6601031,143
CP01624,Bengaluru,1626,2484,2,5,5,Economy,Standard,Yes,3159957,1359008,893307,5612051,153
CP01625,Mumbai,4465,3418,1,7,8,Standard,Basic,Yes,5579003,3334983,1637004,10650531,155
CP01626,Mumbai,3463,3913,2,8,8,Standard,Standard,No,6581300,3769352,1885052,12235704,201
CP01627,Bengaluru,3101,4858,2,7,8,Economy,Standard,No,6344885,2777962,1991906,11114753,199
CP01628,Mumbai,2547,2336,2,4,4,Standard,Standard,Yes,4014317,2134156,1074576,7413555,159
CP01629,Mumbai,1777,2068,2,4,4,Standard,Standard,Yes,3694326,1866074,1025444,6801796,140
CP01630,Kochi,611,1399,3,3,3,Premium,Standard,Yes,1450668,1093666,411377,3048436,193
CP01631,Mumbai,4999,2730,1,5,6,Standard,Premium,No,6314938,2525222,1400815,10240975,149
CP01632,Delhi,3964,2162,1,4,5,Premium,Standard,Yes,3357726,2647263,904089,7104245,177
CP01633,Chennai,3622,6040,3,8,7,Economy,Standard,No,6983379,3102402,2029560,12115341,244
CP01634,Chennai,3971,2637,1,4,3,Standard,Premium,Yes,3735367,1621321,773964,6347020,104
CP01635,Chennai,3430,8278,4,8,8,Economy,Standard,Yes,8995668,4512558,2416573,16083043,309
CP01636,Bengaluru,642,1356,3,3,3,Premium,Basic,Yes,1609781,1208840,491493,3393572,201
CP01637,Pune,1543,2355,2,4,4,Standard,Standard,Yes,3009158,1586772,834517,5617811,164
CP01638,Delhi,2990,8204,4,8,8,Economy,Standard,No,12433898,5995621,3187795,21617315,288
CP01639,Delhi,3145,1640,1,3,3,Economy,Standard,No,2595543,1138885,656963,4391391,107
CP01640,Mumbai,3011,4675,2,8,8,Standard,Basic,Yes,7152274,4136684,2266972,13672158,194
CP01641,Hyderabad,1604,1740,2,3,4,Economy,Premium,Yes,2685572,829880,567661,4262822,165
CP01642,Chennai,620,623,2,1,1,Standard,Basic,No,639470,356287,202023,1197779,131
CP01643,Kochi,1006,1937,4,3,4,Standard,Premium,Yes,2602447,1164037,555865,4473539,223
CP01644,Delhi,1614,1044,1,2,2,Premium,Premium,Yes,2182958,1135794,468856,3986738,132
CP01645,Delhi,2438,2388,2,4,5,Premium,Premium,Yes,4730538,2834023,894421,8542284,194
CP01646,Hyderabad,3788,3777,2,6,6,Standard,Premium,No,5676618,2285289,1104017,9065923,169
CP01647,Mumbai,1314,1458,2,3,3,Economy,Basic,Yes,2345604,1190655,699517,4466635,153
CP01648,Delhi,4746,5207,2,8,8,Standard,Standard,No,7710831,4483280,2323980,14518092,222
CP01649,Delhi,4454,5892,2,8,8,Standard,Standard,No,8580475,5197114,2426809,16204399,214
CP01650,Pune,740,1633,3,3,3,Standard,Premium,No,2597457,1051378,529477,4178312,193
CP01651,Hyderabad,1563,1119,1,2,2,Standard,Standard,No,1254089,681350,360550,2295988,97
CP01652,Kochi,972,1580,3,3,2,Premium,Standard,No,1570479,1093712,444152,3108344,217
CP01653,Kochi,4235,4538,2,7,7,Premium,Premium,Yes,6354504,3411947,1402247,11279574,221
CP01654,Mumbai,3141,7425,3,8,7,Economy,Basic,Yes,12474793,7056130,3585192,23306222,235
CP01655,Mumbai,4210,5719,3,8,7,Standard,Basic,Yes,9369531,5422527,3150113,18079443,242
CP01656,Chennai,2292,1737,1,4,4,Premium,Standard,Yes,1820165,1304958,525844,3745504,165
CP01657,Pune,705,733,2,1,2,Premium,Standard,Yes,893254,647227,236391,2018753,141
CP01658,Mumbai,2281,5348,3,8,7,Standard,Standard,Yes,9295964,5316787,2580749,17364949,263
CP01659,Pune,4697,5352,2,8,8,Standard,Standard,Yes,6255008,3421495,1882123,11724054,202
CP01660,Chennai,4616,11154,4,8,8,Standard,Premium,Yes,16004531,6319034,3313169,25871703,317
CP01661,Kochi,3236,4514,2,8,8,Standard,Basic,No,4233949,2896220,1069521,8199690,222
CP01662,Hyderabad,2737,1794,1,3,3,Standard,Standard,No,2052785,1151240,549043,3753068,135
CP01663,Delhi,4016,4508,2,8,7,Premium,Standard,No,7216711,5503563,1630080,14350354,253
CP01664,Delhi,4130,10636,4,8,8,Standard,Standard,Yes,17231084,8755420,4605415,30817816,298
CP01665,Bengaluru,1886,2662,2,4,4,Economy,Standard,Yes,3323887,1699700,856615,6046517,175
CP01666,Bengaluru,3779,5269,3,8,8,Standard,Basic,Yes,5955712,3800563,1822969,11748866,236
CP01667,Bengaluru,4254,5792,3,8,7,Standard,Basic,Yes,6528901,4098625,1821834,12622533,234
CP01668,Delhi,2959,3611,2,7,6,Premium,Basic,Yes,5107932,3843296,1508867,10703237,214
CP01669,Pune,1044,517,1,1,1,Standard,Standard,Yes,633863,328668,172349,1309164,106
CP01670,Bengaluru,635,1300,3,2,1,Premium,Basic,Yes,1438041,1238200,435194,3269071,197
CP01671,Hyderabad,2075,2178,2,4,5,Economy,Standard,No,2502634,1146067,684208,4332908,149
CP01672,Mumbai,4557,8223,3,8,8,Standard,Basic,No,12245314,8041123,3548365,23834802,278
CP01673,Pune,2398,2490,2,4,5,Standard,Standard,Yes,2823515,1604223,823914,5448865,159
CP01674,Delhi,2445,3139,2,6,6,Standard,Premium,Yes,5987458,2692329,1267877,10141351,188
CP01675,Hyderabad,2008,2955,3,6,5,Standard,Standard,Yes,3378701,1800658,935771,6233053,203
CP01676,Kochi,2308,2114,2,4,3,Premium,Standard,Yes,2263140,1663346,598138,4686560,184
CP01677,Delhi,3538,3310,2,6,7,Standard,Premium,No,6419213,2640197,1370247,10429657,178
CP01678,Pune,1900,2979,2,6,6,Standard,Standard,No,3586407,1932441,956683,6475531,172
CP01679,Pune,1843,1842,2,4,4,Economy,Premium,Yes,2922815,1022253,617836,4787197,156
CP01680,Pune,4576,6387,2,8,7,Economy,Basic,Yes,7382781,3421541,2318556,13301099,203
CP01681,Chennai,3697,5254,3,8,7,Economy,Premium,Yes,7530001,2593562,1563587,11848936,242
CP01682,Mumbai,609,594,2,1,2,Premium,Standard,Yes,1049640,780604,294369,2243151,169
CP01683,Bengaluru,3025,3800,2,6,5,Standard,Basic,No,4221549,2714798,1434093,8370440,164
CP01684,Chennai,2260,2769,2,6,6,Premium,Premium,No,4250578,2271007,850765,7372349,206
CP01685,Mumbai,3231,5060,2,8,8,Economy,Premium,Yes,11931348,4233580,2538742,18941820,201
CP01686,Delhi,1672,2610,2,5,4,Standard,Standard,Yes,3840759,2201806,1039811,7265798,162
CP01687,Bengaluru,3825,11059,4,8,8,Economy,Premium,No,19276295,6260745,3898218,29435257,333
CP01688,Kochi,1916,3797,3,7,8,Standard,Basic,Yes,3673467,1977419,1105006,6982690,244
CP01689,Chennai,4745,5781,2,8,8,Standard,Standard,Yes,6418611,3376760,1919169,11802075,205
CP01690,Chennai,4283,4922,2,8,8,Economy,Basic,Yes,5001482,2494955,1366085,9110935,190
CP01691,Hyderabad,3873,3026,1,5,5,Standard,Standard,Yes,3653821,1846539,1077499,6661921,155
CP01692,Kochi,745,984,2,2,1,Standard,Standard,Yes,997307,604428,299785,2121365,141
CP01693,Kochi,3640,4751,2,8,8,Standard,Standard,Yes,4887418,2745495,1432485,9265088,191
CP01694,Chennai,2062,2190,2,3,2,Standard,Basic,Yes,2164768,1307987,611719,4204343,140
CP01695,Pune,2184,2036,2,3,4,Standard,Standard,Yes,2341367,1380517,635402,4465821,151
CP01696,Delhi,1082,844,1,1,1,Premium,Standard,Yes,1337681,1053880,367774,2956983,143
CP01697,Kochi,3779,2115,1,4,4,Standard,Standard,No,2185823,1188579,527532,3901935,119
CP01698,Chennai,1849,4473,4,8,8,Standard,Basic,Yes,4359955,2554408,1220686,8258332,279
CP01699,Pune,1230,1205,2,3,3,Premium,Premium,No,1846716,1090933,416641,3354290,168
CP01700,Mumbai,1261,1873,2,3,3,Standard,Standard,Yes,3291990,1694754,963238,6193719,155
CP01701,Mumbai,4103,1886,1,3,3,Economy,Standard,Yes,3340041,1465616,1021638,6058778,94
CP01702,Kochi,3452,2561,1,5,6,Premium,Standard,No,2782872,2111003,715244,5609119,171
CP01703,Pune,3066,4590,3,8,7,Economy,Standard,Yes,5781420,2741825,1435932,10148250,242
CP01704,Hyderabad,1587,2413,2,4,4,Economy,Basic,Yes,2394569,1334172,725074,4642852,150
CP01705,Hyderabad,2146,3027,2,5,5,Economy,Standard,Yes,3560592,1652557,979360,6423516,131
CP01706,Mumbai,1249,634,1,1,2,Economy,Standard,Yes,1170735,485760,300654,2160953,111
CP01707,Delhi,1568,3048,3,5,6,Economy,Premium,No,6047758,2088280,1176099,9312137,186
CP01708,Chennai,3237,1810,1,3,3,Economy,Basic,Yes,1779719,984164,560097,3471870,129
CP01709,Kochi,1700,871,1,2,3,Standard,Premium,Yes,1164475,483886,232957,2086522,90
CP01710,Kochi,1040,1561,2,3,4,Standard,Basic,Yes,1499727,854183,464765,2899631,152
CP01711,Mumbai,1369,1618,2,3,4,Economy,Basic,Yes,2592369,1307749,809548,4830884,155
CP01712,Mumbai,1943,1145,1,3,3,Standard,Standard,No,2094167,1130914,539812,3764894,130
CP01713,Pune,4958,5051,2,8,8,Standard,Basic,Yes,5476073,3299073,1695387,10619687,194
CP01714,Hyderabad,4329,5056,2,8,8,Economy,Standard,Yes,6134000,2683393,1564759,10540921,206
CP01715,Delhi,4506,10206,3,8,8,Standard,Premium,Yes,20920754,7639405,4268316,32995011,259
CP01716,Pune,2177,2512,2,5,6,Standard,Basic,Yes,2864286,1652050,765235,5522085,156
CP01717,Mumbai,4608,3608,1,7,8,Standard,Standard,Yes,6198734,3636416,1379097,11322205,157
CP01718,Bengaluru,3951,6173,2,8,8,Standard,Standard,Yes,8298506,4244761,2113604,14757809,223
CP01719,Chennai,2949,5906,4,8,8,Standard,Standard,Yes,6352249,3910351,1666092,12050532,311
CP01720,Mumbai,4202,4303,2,8,8,Standard,Standard,No,7419198,3981690,1959483,13360372,200
CP01721,Pune,1841,4152,3,8,7,Premium,Premium,No,6428255,3608885,1294951,11332092,266
CP01722,Bengaluru,1725,1013,1,2,3,Standard,Basic,Yes,1130220,675536,369424,2317150,101
CP01723,Bengaluru,3201,2890,2,5,6,Standard,Standard,Yes,3932752,1924459,1061407,7126702,173
CP01724,Mumbai,1790,977,1,2,2,Standard,Standard,Yes,1755411,963100,478558,3394850,104
CP01725,Delhi,4731,6237,2,8,8,Standard,Standard,Yes,9795497,5167067,2568184,17684709,199
CP01726,Hyderabad,672,1961,4,4,4,Economy,Standard,No,2093587,1152205,629978,3875770,194
CP01727,Bengaluru,2514,4994,4,8,8,Standard,Standard,No,6642249,3488447,1836458,11967154,273
CP01728,Kochi,3072,3002,2,7,8,Standard,Basic,Yes,2706102,1636536,940860,5449903,211
CP01729,Chennai,3646,5634,2,8,7,Standard,Basic,Yes,5569549,3212629,1613531,10620221,211
CP01730,Pune,1307,3727,4,7,7,Premium,Standard,Yes,4382643,3597491,1117856,9275833,290
CP01731,Pune,2404,3156,2,5,5,Premium,Premium,Yes,5011979,2843029,1060832,9080347,202
CP01732,Pune,4313,3101,1,6,5,Economy,Basic,Yes,3584209,1853195,913093,6522789,136
CP01733,Kochi,3164,3797,2,8,8,Standard,Standard,Yes,3815273,2171812,1100127,7233281,198
CP01734,Mumbai,3075,2200,1,4,4,Premium,Standard,Yes,3760650,2853463,1070114,7931827,154
CP01735,Pune,4210,4884,2,8,7,Standard,Premium,Yes,7725426,3439375,1598863,12957958,206
CP01736,Kochi,4855,5199,2,8,8,Standard,Standard,Yes,5774144,3018667,1640854,10549129,209
CP01737,Pune,3423,4827,2,8,7,Standard,Basic,Yes,5167322,3243449,1600278,10179194,207
CP01738,Chennai,2335,2787,2,5,4,Standard,Premium,No,3871232,1638315,863835,6373382,169
CP01739,Kochi,2185,1733,1,3,2,Premium,Basic,No,1640572,1391647,528183,3560403,157
CP01740,Hyderabad,666,762,2,1,1,Standard,Standard,No,880374,478277,239028,1597679,149
CP01741,Delhi,3661,8485,3,8,8,Standard,Standard,Yes,12531163,6929590,3479381,23177356,240
CP01742,Mumbai,3028,4702,2,8,8,Standard,Standard,Yes,8141347,4999728,2207733,15438114,198
CP01743,Mumbai,4753,5082,2,8,8,Premium,Premium,Yes,10712310,6487607,2501136,19939412,210
CP01744,Pune,941,2745,4,5,4,Standard,Premium,No,4312632,1740105,923341,6976078,246
CP01745,Chennai,3374,6089,3,8,8,Standard,Premium,Yes,8273321,3861174,2014333,14381479,262
CP01746,Bengaluru,3417,2634,1,6,5,Premium,Premium,Yes,4759395,2536836,874120,8411353,173
CP01747,Kochi,3261,1981,1,4,5,Standard,Standard,Yes,2116089,1091745,556612,3960809,124
CP01748,Pune,1832,3904,3,8,8,Standard,Basic,No,4294612,2566481,1362092,8223186,228
CP01749,Kochi,4474,8233,3,8,8,Standard,Standard,No,8784830,4849767,2438831,16073428,261
CP01750,Pune,3001,6358,4,8,7,Standard,Standard,Yes,7541975,4240614,2090974,14100085,283
CP01751,Mumbai,2094,3265,3,5,6,Economy,Basic,No,5142347,2768944,1548825,9460116,221
CP01752,Mumbai,4811,5762,2,8,8,Standard,Standard,Yes,10346130,5529699,2682537,18705798,235
CP01753,Pune,1261,1801,2,3,4,Standard,Premium,Yes,2722387,1237281,562080,4765433,167
CP01754,Mumbai,4483,2966,1,5,5,Standard,Basic,No,4826516,2803379,1421563,9051458,163
CP01755,Chennai,4219,2915,1,5,5,Standard,Premium,Yes,4519787,1692512,905141,7284711,144
CP01756,Bengaluru,2468,2708,2,4,4,Standard,Standard,Yes,3222837,1966898,954978,6366066,166
CP01757,Bengaluru,2934,3629,2,7,7,Premium,Basic,No,4219666,3429613,1245818,8895096,220
CP01758,Kochi,3974,3700,2,8,7,Standard,Premium,Yes,4861895,2181440,1074648,8293813,204
CP01759,Bengaluru,1616,3568,3,6,6,Economy,Premium,No,6029743,2220736,1160542,9411020,221
CP01760,Kochi,807,1285,2,2,3,Standard,Standard,Yes,1361029,711481,378681,2639932,154
CP01761,Pune,3265,3868,2,8,7,Standard,Standard,Yes,5032163,2620835,1166791,8956453,198
CP01762,Delhi,3093,1403,1,3,3,Standard,Standard,Yes,2307675,1315228,598275,4430263,99
CP01763,Pune,1232,1255,2,2,1,Standard,Premium,No,1859767,821668,428849,3110284,137
CP01764,Pune,2702,5498,3,8,7,Standard,Basic,Yes,6170352,3409799,1825754,11577323,233
CP01765,Chennai,3559,4727,2,8,8,Standard,Standard,Yes,5355083,2952774,1418652,9953170,202
CP01766,Bengaluru,3683,10691,4,8,7,Standard,Standard,Yes,14167277,6762752,3454076,24522270,287
CP01767,Mumbai,2531,2727,2,5,6,Standard,Standard,No,4890215,2474243,1305516,8669973,170
CP01768,Mumbai,4319,6195,2,8,8,Standard,Standard,Yes,11163360,5949049,3327280,20686876,202
CP01769,Hyderabad,3162,4368,2,7,7,Standard,Premium,Yes,6287657,2747884,1370317,10563353,204
CP01770,Hyderabad,2279,2566,2,6,6,Standard,Premium,Yes,3917879,1631794,794889,6592717,172
CP01771,Kochi,836,1607,3,3,4,Standard,Premium,Yes,2164197,1017064,413581,3701051,159
CP01772,Delhi,2140,2146,2,4,4,Premium,Standard,Yes,3395212,2443860,921076,6850962,184
CP01773,Kochi,4543,8291,3,8,8,Premium,Premium,Yes,11220741,6195747,2424963,19940643,289
CP01774,Mumbai,963,730,1,1,1,Standard,Standard,No,1307783,678334,340395,2326512,96
CP01775,Bengaluru,2968,5319,3,8,8,Economy,Basic,Yes,6204925,3048451,1808115,11288589,249
CP01776,Kochi,885,658,1,1,1,Economy,Standard,Yes,705075,299455,172572,1349457,81
CP01777,Pune,748,1473,3,2,3,Standard,Basic,Yes,1556372,999404,489686,3199133,165
CP01778,Mumbai,4637,4796,2,8,8,Standard,Standard,No,9257629,4673614,2370760,16302003,205
CP01779,Delhi,2366,3091,2,6,5,Standard,Standard,Yes,4808480,2657036,1122362,8804791,183
CP01780,Delhi,1612,2021,2,4,4,Standard,Standard,No,3190988,1765603,846947,5803539,163
CP01781,Mumbai,3431,8090,4,8,8,Standard,Basic,No,12844803,8006875,4286361,25138039,305
CP01782,Hyderabad,3107,1528,1,3,3,Premium,Standard,Yes,1686606,1209798,485668,3519146,122
CP01783,Bengaluru,2123,2529,2,4,5,Standard,Basic,Yes,2969430,1720473,898255,5823912,172
CP01784,Mumbai,3385,4828,3,8,8,Economy,Premium,Yes,11165039,3892364,2464648,17700359,250
CP01785,Pune,3156,3058,2,5,5,Standard,Standard,No,3831731,2157265,1043569,7032564,182
CP01786,Pune,4325,2575,1,5,5,Standard,Basic,No,2729596,1823998,831458,5385052,131
CP01787,Chennai,2201,2451,2,5,5,Premium,Basic,No,2394237,1943021,663858,5001116,201
CP01788,Pune,3008,4656,2,7,6,Standard,Standard,Yes,5694121,2920652,1785651,10625997,202
CP01789,Mumbai,940,1639,3,3,3,Standard,Standard,Yes,2890208,1585912,821930,5424777,180
CP01790,Mumbai,3417,7332,3,8,8,Standard,Standard,Yes,12756611,6926554,3697598,23470617,266
CP01791,Pune,3096,3935,2,8,8,Standard,Standard,Yes,4812553,2586249,1379609,8915531,186
CP01792,Hyderabad,2325,6476,4,8,8,Standard,Standard,Yes,7907564,4327855,2176918,14504040,293
CP01793,Bengaluru,2289,2476,2,5,5,Economy,Basic,Yes,2870551,1471697,894991,5471217,174
CP01794,Delhi,3867,3014,1,6,6,Standard,Standard,Yes,4859345,2471017,1268061,8834267,162
CP01795,Mumbai,861,1094,2,2,3,Economy,Premium,Yes,2486266,863297,515047,4054771,160
CP01796,Pune,2042,3026,2,5,5,Standard,Standard,Yes,3669446,1853761,1042443,6801077,169
CP01797,Delhi,1005,580,1,1,1,Standard,Basic,No,811698,500900,245721,1558319,109
CP01798,Pune,2790,5413,4,8,8,Economy,Premium,Yes,8363266,3079538,1798408,13429234,282
CP01799,Mumbai,843,1734,3,3,3,Standard,Basic,No,2774297,1711541,881535,5367373,187
CP01800,Chennai,4707,4261,2,8,8,Standard,Standard,Yes,4981041,2554454,1439122,9190486,207
CP01801,Bengaluru,1160,1429,2,3,3,Standard,Standard,Yes,1933815,933938,465166,3472338,130
CP01802,Mumbai,4737,7353,3,8,8,Economy,Standard,Yes,13653172,6016755,3631110,23437416,268
CP01803,Delhi,3325,8905,4,8,7,Standard,Basic,Yes,12493246,7906380,3514361,24055541,281
CP01804,Pune,1193,2837,3,5,5,Economy,Basic,Yes,3000622,1596192,947186,5702664,211
CP01805,Chennai,2426,2972,2,6,5,Standard,Premium,No,4665943,1929662,801663,7397268,149
CP01806,Kochi,3829,8455,3,8,8,Standard,Premium,Yes,11250022,4880134,2308864,18647946,258
CP01807,Mumbai,3887,4879,2,8,8,Economy,Standard,Yes,9110643,4372959,2344811,16066364,205
CP01808,Bengaluru,4673,5827,2,8,8,Premium,Basic,Yes,6731157,5983934,2139353,15102392,249
CP01809,Chennai,733,568,1,1,1,Economy,Premium,Yes,778679,276679,155265,1344611,108
CP01810,Delhi,3738,2846,1,5,6,Standard,Standard,Yes,4123055,2313338,1226409,7901715,134
CP01811,Pune,4519,6552,2,8,8,Premium,Standard,Yes,8368855,5704422,2157524,16460859,230
CP01812,Hyderabad,672,744,2,1,1,Premium,Standard,Yes,839581,578735,254941,1876045,151
CP01813,Kochi,4825,3091,1,6,6,Standard,Standard,Yes,3067303,1802742,859564,5843585,148
CP01814,Kochi,3578,5671,3,8,8,Premium,Standard,Yes,5862482,4459098,1658340,12109321,277
CP01815,Bengaluru,4961,3003,1,5,4,Premium,Standard,Yes,3798023,2824164,1026331,7775235,145
CP01816,Chennai,2585,3202,2,7,7,Economy,Standard,Yes,3574466,1533119,904299,6181934,182
CP01817,Mumbai,1392,2063,2,3,4,Standard,Premium,Yes,4780409,2137779,956245,8003280,144
CP01818,Mumbai,4859,14841,4,8,8,Economy,Standard,No,25354852,10971636,6800301,43126790,328
CP01819,Chennai,694,826,2,1,1,Standard,Standard,Yes,908658,462817,221844,1721247,134
CP01820,Mumbai,1733,790,1,1,1,Standard,Standard,Yes,1485921,792004,414381,2933376,82
CP01821,Kochi,837,1258,2,2,3,Standard,Standard,Yes,1259263,728387,350821,2529189,150
CP01822,Kochi,3546,5435,3,8,7,Standard,Basic,No,5207910,3002827,1593386,9804122,253
CP01823,Kochi,3130,8359,4,8,8,Economy,Basic,No,7530205,4061069,2224172,13815445,270
CP01824,Chennai,2560,2348,2,5,6,Premium,Premium,Yes,3302354,1914164,706359,6045209,193
CP01825,Bengaluru,1648,1944,2,3,2,Economy,Basic,Yes,2313496,1207289,691062,4426226,152
CP01826,Kochi,3129,7463,3,8,8,Standard,Standard,Yes,7164520,3995210,2138067,13384574,273
CP01827,Mumbai,3564,1729,1,3,3,Economy,Premium,Yes,4287949,1431455,788583,6641021,99
CP01828,Bengaluru,1563,1870,2,3,2,Standard,Standard,Yes,2243173,1359897,676462,4407008,128
CP01829,Pune,1136,1266,2,2,1,Standard,Basic,Yes,1267861,793863,366433,2513175,140
CP01830,Pune,4823,3698,1,7,8,Standard,Standard,Yes,4478053,2434388,1104908,8150660,144
CP01831,Pune,4279,6455,2,8,8,Standard,Premium,Yes,9979476,4247740,2115323,16493200,213
CP01832,Pune,4787,5104,2,8,8,Premium,Standard,No,6023046,4180764,1442217,11646027,228
CP01833,Mumbai,4324,4137,2,7,7,Economy,Standard,Yes,7467955,3425107,1892243,12915685,205
CP01834,Chennai,1142,3058,4,6,6,Premium,Standard,Yes,3239256,2520559,891454,6732801,288
CP01835,Mumbai,1445,1640,2,3,3,Economy,Standard,Yes,2952187,1438358,859036,5467396,140
CP01836,Delhi,4203,8640,3,8,8,Economy,Standard,No,13745885,6162383,3485084,23393352,280
CP01837,Mumbai,3636,1677,1,4,4,Economy,Standard,Yes,2789517,1398384,779739,5051320,122
CP01838,Bengaluru,3094,3073,2,6,7,Premium,Standard,Yes,4046953,3073208,942543,8237782,214
CP01839,Chennai,3319,2290,1,5,5,Economy,Standard,No,2596911,1130423,690141,4417475,124
CP01840,Kochi,2484,5209,4,8,8,Premium,Basic,Yes,5203293,3771659,1485449,10613212,299
CP01841,Hyderabad,4738,10662,3,8,8,Premium,Standard,Yes,12317261,9123379,3138339,24756767,321
CP01842,Hyderabad,4949,4657,2,8,8,Standard,Standard,Yes,5199229,2904977,1547389,9751776,206
CP01843,Kochi,3801,5991,3,8,8,Standard,Standard,No,6574639,3399365,1794380,11768385,250
CP01844,Chennai,3310,5292,2,8,7,Standard,Standard,No,5832524,3108045,1534323,10474891,202
CP01845,Hyderabad,2553,6143,4,8,8,Standard,Standard,No,7612501,3707577,1711561,13031639,286
CP01846,Chennai,4450,9292,3,8,8,Economy,Standard,No,10511212,4960288,2608271,18079771,265
CP01847,Bengaluru,1289,2649,4,5,5,Standard,Premium,Yes,4351770,1825945,998044,7302195,239
CP01848,Bengaluru,2550,3383,2,7,8,Standard,Standard,No,4128605,2596347,1176888,7901839,209
CP01849,Mumbai,1056,743,1,1,1,Standard,Standard,Yes,1302221,676190,340247,2518818,93
CP01850,Hyderabad,2730,3057,2,6,6,Standard,Standard,No,3663213,2119113,1041892,6824217,166
CP01851,Kochi,4576,3386,1,6,5,Economy,Standard,Yes,3324915,1664510,954283,6173067,152
CP01852,Chennai,4844,6405,2,8,7,Premium,Premium,No,9010754,5192860,1923040,16126654,240
CP01853,Bengaluru,1779,2085,2,3,3,Economy,Basic,Yes,2220478,1155555,822512,4336317,138
CP01854,Mumbai,4885,6303,2,8,8,Standard,Standard,Yes,10631349,5850424,3192653,19840583,205
CP01855,Hyderabad,4165,2715,1,5,5,Economy,Basic,Yes,2753235,1545378,840574,5251710,148
CP01856,Hyderabad,1482,752,1,1,2,Premium,Standard,Yes,859154,554336,242138,1778244,109
CP01857,Hyderabad,999,1180,2,2,3,Premium,Standard,Yes,1382164,913507,383988,2920861,155
CP01858,Bengaluru,1208,2755,4,4,3,Standard,Basic,No,3224613,1747745,997326,5969683,233
CP01859,Bengaluru,2238,2642,2,5,5,Economy,Standard,Yes,3527076,1640261,854799,6147507,165
CP01860,Hyderabad,2748,3937,2,6,6,Standard,Premium,No,6290494,2564732,1361414,10216639,173
CP01861,Bengaluru,1982,3679,3,7,6,Standard,Premium,No,6336955,2409931,1377725,10124611,237
CP01862,Hyderabad,2003,3121,2,7,7,Standard,Standard,Yes,3550046,1919865,928320,6612987,183
CP01863,Pune,1419,1568,2,3,3,Standard,Standard,Yes,1915024,1041598,516992,3607212,132
CP01864,Bengaluru,3892,4635,2,8,8,Standard,Premium,Yes,7450823,3361204,1606246,12656010,208
CP01865,Chennai,1419,1029,1,2,2,Standard,Basic,Yes,1028923,586126,311670,2150480,111
CP01866,Bengaluru,1019,2613,4,6,6,Standard,Standard,Yes,3284200,1814978,943429,6253543,253
CP01867,Hyderabad,4819,3091,1,6,7,Standard,Premium,Yes,4429074,1913807,954279,7430798,153
CP01868,Chennai,3902,3657,2,7,8,Standard,Standard,Yes,4256332,2182902,1125537,7770688,199
CP01869,Mumbai,2108,1242,1,3,3,Standard,Premium,Yes,3035849,1138875,618805,4922454,107
CP01870,Chennai,1367,744,1,1,1,Standard,Standard,Yes,793584,451083,229838,1660714,86
CP01871,Chennai,2644,6343,3,8,8,Standard,Basic,Yes,6410375,3656908,1957208,12172887,241
CP01872,Bengaluru,2739,1528,1,3,4,Standard,Standard,No,1877649,1059353,544713,3481716,112
CP01873,Delhi,3629,2756,1,5,5,Economy,Standard,Yes,4230788,2121517,1172453,7679734,115
CP01874,Chennai,2149,2951,2,5,4,Premium,Standard,Yes,3177068,2515051,783419,6685340,187
CP01875,Chennai,2364,1345,1,3,3,Premium,Standard,Yes,1442384,1165156,378951,3190638,157
CP01876,Kochi,3245,2077,1,4,5,Standard,Standard,No,2186975,1202620,546009,3935604,134
CP01877,Hyderabad,4316,9635,3,8,7,Economy,Standard,Yes,10320341,5451789,2839442,18735098,269
CP01878,Bengaluru,2893,6588,3,8,7,Standard,Basic,Yes,7343555,4136100,2137927,13833063,268
CP01879,Hyderabad,3308,5022,3,8,8,Premium,Premium,Yes,8751717,3909314,1680312,14454970,276
CP01880,Bengaluru,1500,2559,3,5,6,Standard,Standard,No,3037585,1676982,953531,5668097,204
CP01881,Mumbai,3684,4180,2,8,8,Economy,Premium,No,9418358,3251250,2083830,14753437,185
CP01882,Delhi,2609,1212,1,2,3,Standard,Premium,Yes,2454387,1071423,478706,4230848,99
CP01883,Chennai,841,1663,3,3,2,Premium,Standard,No,1816158,1245415,471293,3532866,224
CP01884,Kochi,2985,6708,3,8,8,Economy,Basic,Yes,6116102,3029553,1837680,11096751,257
CP01885,Bengaluru,4868,8522,3,8,7,Standard,Premium,Yes,14557078,5844341,2810885,23349275,284
CP01886,Chennai,1271,1802,2,3,2,Standard,Standard,Yes,1994044,1088606,583435,3778489,149
CP01887,Chennai,763,510,1,1,1,Standard,Basic,Yes,492309,319388,140540,1059732,60
CP01888,Pune,1064,1856,3,3,3,Standard,Standard,No,2322769,1208583,624015,4155367,188
CP01889,Hyderabad,3642,5456,3,8,8,Standard,Basic,No,5551879,3405878,1587271,10545028,214
CP01890,Delhi,3042,8496,4,8,7,Economy,Basic,Yes,11363366,6335238,3674518,21459844,290
CP01891,Kochi,2955,2213,1,5,5,Standard,Standard,Yes,2366958,1204653,616243,4293388,143
CP01892,Bengaluru,4878,3366,1,7,6,Standard,Basic,Yes,3631836,2336785,1083097,7179575,174
CP01893,Mumbai,3157,1440,1,2,2,Economy,Premium,Yes,3526385,1208526,668055,5566151,91
CP01894,Delhi,1145,1805,3,3,2,Standard,Premium,No,3832752,1488121,780863,6101737,188
CP01895,Pune,4435,2103,1,4,5,Standard,Standard,No,2600296,1447710,626207,4674213,142
CP01896,Hyderabad,1193,775,1,1,1,Standard,Basic,Yes,786852,467334,234933,1661258,93
CP01897,Mumbai,4404,12591,4,8,8,Standard,Standard,Yes,21213646,13031597,5975850,40366251,311
CP01898,Mumbai,2059,1006,1,2,2,Standard,Standard,No,1588351,950562,443006,2981918,123
CP01899,Chennai,4093,9128,3,8,7,Standard,Standard,Yes,10689826,5356579,2581923,18726451,276
CP01900,Hyderabad,3201,4125,2,8,8,Standard,Basic,No,4121662,2408931,1412638,7943231,202
CP01901,Pune,3044,6314,3,8,8,Premium,Standard,Yes,7748152,5310705,1918253,15069175,260
CP01902,Bengaluru,3272,5169,2,8,8,Standard,Standard,Yes,6590829,3421877,1725995,11952458,203
CP01903,Bengaluru,4800,6901,3,8,7,Standard,Premium,Yes,10589462,4493140,2450052,17662737,243
CP01904,Pune,616,1886,4,4,4,Economy,Premium,Yes,2894952,995488,619581,4690347,206
CP01905,Chennai,3791,1873,1,4,3,Economy,Standard,Yes,1966923,957325,542639,3679301,138
CP01906,Chennai,992,582,1,1,1,Economy,Standard,Yes,660509,305742,182820,1366357,98
CP01907,Mumbai,1024,1531,2,3,3,Standard,Basic,No,2506313,1490305,643317,4639936,138
CP01908,Hyderabad,1171,1796,2,3,2,Standard,Standard,Yes,2054129,950618,589490,3837165,141
CP01909,Mumbai,4231,7961,3,8,8,Standard,Premium,Yes,17600743,7244578,3603557,28599485,252
CP01910,Kochi,1720,2263,2,4,4,Standard,Standard,No,2382615,1363247,546048,4291910,147
CP01911,Kochi,841,1173,2,2,3,Economy,Basic,No,1152063,530137,377542,2059741,171
CP01912,Bengaluru,4497,3334,1,7,7,Standard,Standard,Yes,3967572,2286536,1152810,7644733,145
CP01913,Pune,4695,6937,3,8,8,Standard,Premium,No,11834031,4327486,2394797,18556313,248
CP01914,Hyderabad,2879,8447,4,8,8,Standard,Standard,No,9661145,5668953,2832532,18162629,287
CP01915,Pune,1388,1716,2,3,3,Standard,Basic,Yes,1859842,1087566,534869,3671233,127
CP01916,Hyderabad,1314,1597,2,3,2,Standard,Premium,Yes,2551616,1040709,495203,4261858,133
CP01917,Delhi,3449,2063,1,4,3,Standard,Standard,Yes,3169930,1670153,864612,5786430,136
CP01918,Bengaluru,1375,1727,2,3,2,Premium,Standard,Yes,2175469,1413577,570690,4298140,174
CP01919,Bengaluru,4626,7223,2,8,7,Premium,Standard,Yes,8803243,6886664,2669601,18462031,254
CP01920,Delhi,2847,1827,1,3,3,Premium,Premium,Yes,3573222,1873010,828642,6465189,149
CP01921,Hyderabad,678,1062,2,2,1,Premium,Premium,No,1549553,861987,331930,2743470,172
CP01922,Chennai,4526,4644,2,8,7,Standard,Standard,Yes,4747607,3046355,1434901,9392167,196
CP01923,Hyderabad,1455,2047,2,4,4,Standard,Basic,Yes,1950797,1491417,677869,4256943,178
CP01924,Bengaluru,2748,4035,2,8,8,Standard,Standard,No,5056989,2786950,1415591,9259531,212
CP01925,Kochi,1631,1121,1,2,2,Standard,Basic,Yes,996059,610490,308439,2164745,107
CP01926,Pune,3871,7692,3,8,8,Standard,Basic,Yes,8595270,5083299,2160131,15958579,259
CP01927,Mumbai,4176,8114,3,8,8,Economy,Standard,Yes,14154540,6186007,3916791,24355843,242
CP01928,Pune,4782,7185,2,8,8,Premium,Basic,Yes,7325049,6266690,2484170,16189259,258
CP01929,Bengaluru,4056,2991,1,5,5,Standard,Premium,No,5218693,2229140,973453,8421285,135
CP01930,Pune,4106,6070,3,8,7,Premium,Basic,Yes,6497485,5465013,2023727,14226242,267
CP01931,Chennai,1007,3008,4,5,4,Economy,Standard,No,3376974,1424976,926526,5728476,229
CP01932,Chennai,3311,1969,1,4,5,Standard,Basic,Yes,2077507,1205408,606687,4042667,134
CP01933,Kochi,3688,3974,2,7,6,Standard,Standard,No,4147210,2071321,1141077,7359608,176
CP01934,Hyderabad,2268,1711,1,3,3,Standard,Basic,Yes,1779579,976774,506648,3373705,108
CP01935,Pune,747,898,2,2,2,Economy,Standard,Yes,1149085,523067,317783,2117045,137
CP01936,Pune,4927,3611,1,6,5,Standard,Standard,No,4317942,2292250,1188422,7798614,146
CP01937,Bengaluru,4497,4876,2,8,7,Economy,Premium,Yes,8362798,3084766,1628012,13315819,211
CP01938,Hyderabad,2550,2302,2,4,4,Standard,Standard,Yes,2650932,1373804,653697,4870117,173
CP01939,Hyderabad,965,1203,2,2,2,Standard,Basic,Yes,1259038,804406,388136,2564151,145
CP01940,Pune,2274,2206,2,3,4,Premium,Basic,Yes,2417358,2126875,835271,5614744,182
CP01941,Mumbai,3146,4492,2,8,8,Economy,Standard,No,7788972,3693992,2125705,13608669,198
CP01942,Pune,1162,1270,2,2,2,Standard,Standard,No,1503827,825518,406847,2736193,120
CP01943,Pune,4162,2519,1,5,6,Economy,Standard,Yes,2968425,1370732,830642,5300331,133
CP01944,Pune,3089,1484,1,2,1,Economy,Premium,No,2213356,810134,487502,3510992,99
CP01945,Chennai,1372,2265,3,4,3,Standard,Premium,Yes,3181090,1250149,664514,5214544,200
CP01946,Delhi,2637,1907,1,4,3,Standard,Premium,Yes,3777291,1653197,900681,6431587,120
CP01947,Hyderabad,4023,6071,3,8,8,Premium,Premium,Yes,9264202,5319740,1917458,16651892,290
CP01948,Delhi,3167,8569,4,8,8,Standard,Standard,Yes,13147545,7115383,3317607,23758127,291
CP01949,Chennai,2173,3351,2,5,4,Premium,Standard,Yes,3844956,2718375,934266,7604056,196
CP01950,Mumbai,4294,5908,2,8,8,Economy,Standard,Yes,10827485,4711506,3029680,18681058,216
CP01951,Bengaluru,3891,5710,2,8,8,Standard,Premium,No,9895372,3700271,2003529,15599172,212
CP01952,Kochi,1846,2703,3,5,5,Economy,Standard,Yes,2801773,1224215,754104,4884356,209
CP01953,Mumbai,4319,9290,4,8,8,Standard,Standard,Yes,16016192,8664942,4342864,29129023,299
CP01954,Hyderabad,4439,10162,3,8,8,Standard,Standard,Yes,11095101,6276400,3334926,20909930,270
CP01955,Bengaluru,959,671,1,1,2,Economy,Basic,Yes,803915,416278,220533,1626807,88
CP01956,Delhi,2976,4010,2,8,7,Standard,Standard,Yes,5890229,3480983,1669082,11258539,202
CP01957,Mumbai,3609,4924,2,8,8,Economy,Standard,Yes,8353873,4327437,2466863,15325994,221
CP01958,Hyderabad,3593,4275,2,8,8,Economy,Standard,Yes,4982209,2368260,1286575,8787012,196
CP01959,Kochi,1562,727,1,1,2,Economy,Standard,Yes,750329,324318,223006,1501433,84
CP01960,Kochi,4232,3066,1,7,7,Economy,Standard,No,3389455,1375213,787953,5552622,156
CP01961,Mumbai,2427,5006,3,8,8,Standard,Basic,No,7686054,4551011,2408383,14645448,239
CP01962,Bengaluru,2213,2724,2,5,4,Standard,Standard,Yes,3449868,1846414,944074,6449861,187
CP01963,Bengaluru,2240,3426,2,6,5,Standard,Premium,Yes,5216521,2272195,1031343,8629153,190
CP01964,Mumbai,2816,3197,2,6,6,Standard,Standard,Yes,5904042,3175313,1466179,10680379,191
CP01965,Chennai,4912,8149,3,8,8,Premium,Standard,No,8363033,6989637,2532204,17884874,300
CP01966,Mumbai,977,2214,3,4,4,Standard,Standard,Yes,4284389,1997032,1016762,7447039,186
CP01967,Delhi,4814,7018,2,8,8,Standard,Premium,Yes,13984059,5410863,2900782,22408718,219
CP01968,Mumbai,4885,3078,1,6,6,Standard,Standard,Yes,5355006,3197829,1441401,10125987,153
CP01969,Mumbai,969,960,2,2,2,Standard,Basic,No,1518715,932264,487726,2938706,136
CP01970,Chennai,2796,5874,4,8,8,Premium,Premium,Yes,8038952,4630585,1798428,14652476,300
CP01971,Pune,4347,5909,2,8,7,Standard,Premium,Yes,9539457,4208342,1897316,15826201,222
CP01972,Bengaluru,1251,1463,2,3,4,Economy,Standard,Yes,1820451,911471,483030,3451745,145
CP01973,Delhi,1369,2033,2,3,2,Standard,Standard,Yes,3091667,1657203,898239,5772807,153
CP01974,Hyderabad,3021,4727,2,8,7,Standard,Standard,No,5740337,3107619,1501893,10349850,212
CP01975,Bengaluru,1380,3030,3,5,4,Standard,Standard,No,3569279,2211156,1108538,6888973,224
CP01976,Bengaluru,2316,2696,2,5,6,Premium,Standard,No,3383735,2616618,964590,6964943,202
CP01977,Pune,4583,3327,1,6,5,Premium,Premium,Yes,5210470,3152316,882625,9444301,152
CP01978,Bengaluru,1911,1095,1,2,2,Economy,Premium,Yes,1810672,611727,402078,2939478,104
CP01979,Bengaluru,3959,4026,2,6,6,Standard,Standard,Yes,4979583,2781567,1399375,9401753,188
CP01980,Chennai,1122,2072,4,4,4,Standard,Premium,Yes,2925149,1345483,630778,5143815,208
CP01981,Chennai,1121,1311,2,2,2,Standard,Basic,No,1393893,771269,345960,2511122,155
CP01982,Chennai,2920,6712,3,8,8,Standard,Basic,Yes,6777632,3897296,1954738,12860081,219
CP01983,Chennai,1535,2457,3,4,4,Standard,Standard,Yes,2618477,1482385,739677,5088196,202
CP01984,Chennai,2830,1478,1,3,4,Standard,Standard,No,1668212,816608,409264,2894085,93
CP01985,Delhi,4640,3662,1,8,8,Standard,Basic,No,5084799,3126277,1660520,9871596,177
CP01986,Hyderabad,4297,1971,1,3,3,Standard,Standard,Yes,2344066,1138300,648673,4309279,121
CP01987,Pune,3437,7475,3,8,7,Premium,Basic,Yes,8073853,7082071,2407317,17700377,303
CP01988,Mumbai,4683,2634,1,5,6,Standard,Standard,Yes,4486047,2323675,1401912,8449310,140
CP01989,Kochi,3061,2835,2,6,7,Premium,Premium,No,3594305,2274164,825903,6694372,213
CP01990,Delhi,3843,5927,2,8,8,Economy,Standard,Yes,9548308,4077476,2694313,16520675,207
CP01991,Chennai,3959,5925,3,8,8,Standard,Standard,No,6695849,3366990,1690475,11753314,226
CP01992,Pune,1285,826,1,1,1,Economy,Premium,Yes,1317837,463994,280398,2264326,118
CP01993,Mumbai,2760,3013,2,5,4,Standard,Standard,Yes,5440517,2935769,1562736,10095973,165
CP01994,Bengaluru,4588,4338,2,8,7,Economy,Premium,Yes,7486736,2555946,1602934,11806930,207
CP01995,Delhi,4666,4362,2,7,8,Premium,Standard,Yes,6265234,5030582,1942948,13470285,215
CP01996,Bengaluru,2167,3188,3,6,7,Standard,Premium,No,5260142,2275723,1181975,8717840,202
CP01997,Pune,638,303,1,1,1,Economy,Premium,Yes,442097,152890,109153,912402,90
CP01998,Hyderabad,3144,6755,3,8,8,Standard,Standard,Yes,7679057,4284424,1833199,13983877,256
CP01999,Hyderabad,1856,2301,2,4,4,Premium,Standard,Yes,2692727,1823538,706278,5414637,210
CP02000,Pune,3590,4092,2,7,8,Standard,Standard,No,4881615,2529424,1209190,8620228,205
CP02001,Kochi,2796,3335,2,7,6,Economy,Standard,Yes,3730758,1526914,851884,6322931,192
CP02002,Kochi,4068,6306,2,8,8,Premium,Standard,No,6513047,4373887,1740986,12627919,243
CP02003,Hyderabad,3308,2543,1,4,3,Standard,Standard,Yes,2846674,1601205,780440,5385403,130
CP02004,Kochi,901,1262,2,2,1,Standard,Standard,Yes,1320477,655780,389035,2524280,134
CP02005,Hyderabad,1246,1893,2,4,3,Standard,Standard,Yes,2095817,1216743,553660,4108915,160
CP02006,Bengaluru,2359,2650,2,5,5,Standard,Premium,Yes,4205142,1967352,924080,7262221,160
CP02007,Kochi,4951,5776,2,8,8,Premium,Standard,Yes,6262020,4792383,1803936,13062530,234
CP02008,Hyderabad,1197,2387,3,4,3,Standard,Basic,No,2579572,1421777,745005,4746354,194
CP02009,Hyderabad,1261,1685,2,4,4,Economy,Standard,Yes,1958403,848757,592937,3566969,160
CP02010,Pune,4930,3049,1,6,6,Premium,Basic,Yes,3401418,2822785,892958,7287416,173
CP02011,Hyderabad,1968,2323,2,4,4,Economy,Basic,Yes,2616477,1247491,694458,4788622,162
CP02012,Kochi,3181,7588,3,8,7,Premium,Standard,Yes,7910946,5817343,2362782,16265379,275
CP02013,Kochi,4468,9884,3,8,7,Standard,Standard,No,9970626,5265457,2702481,17938564,254
CP02014,Delhi,4137,4982,2,8,8,Standard,Premium,No,10187707,4210077,2062328,16460112,206
CP02015,Chennai,4908,10373,3,8,8,Economy,Standard,Yes,11791513,5519057,3423967,20858987,251
CP02016,Chennai,882,960,2,2,1,Premium,Standard,Yes,1095439,747563,299481,2312799,176
CP02017,Pune,4278,4150,2,6,6,Standard,Standard,Yes,5251321,2802514,1234381,9482818,169
CP02018,Chennai,2086,3588,3,6,7,Premium,Premium,Yes,5335031,2929483,1116262,9598949,243
CP02019,Bengaluru,4682,8301,3,8,7,Standard,Premium,Yes,13934956,5540749,2742396,22358467,266
CP02020,Delhi,4783,4360,2,8,8,Economy,Basic,No,6196668,3105087,1776999,11078754,214
CP02021,Delhi,1060,2337,3,5,6,Standard,Standard,Yes,3658111,1860353,976041,6642266,210
CP02022,Pune,2925,1683,1,4,3,Standard,Basic,Yes,1716270,1158313,536114,3555886,127
CP02023,Kochi,4354,8531,3,8,8,Standard,Standard,Yes,8302088,4612318,2502801,15522509,292
CP02024,Hyderabad,3068,2920,2,6,6,Premium,Standard,Yes,3230510,2409217,871695,6693002,196
CP02025,Chennai,2324,1188,1,2,2,Standard,Standard,Yes,1349652,744968,362895,2665003,106
CP02026,Bengaluru,1976,1504,1,2,1,Standard,Premium,Yes,2430029,1010602,542440,4217863,111
CP02027,Kochi,3343,4433,2,8,7,Premium,Standard,No,4657723,3251574,1258380,9167677,237
CP02028,Pune,1114,1743,2,3,3,Economy,Premium,Yes,2913185,986804,577579,4670715,143
CP02029,Kochi,1302,2082,2,5,4,Premium,Basic,Yes,2043000,1745911,596587,4528427,203
CP02030,Pune,2253,1307,1,3,4,Standard,Basic,No,1299610,912828,434642,2647080,116
CP02031,Hyderabad,2666,2957,2,6,6,Standard,Standard,No,3515088,1919744,925690,6360522,194
CP02032,Mumbai,622,933,2,2,2,Standard,Basic,Yes,1481191,940204,443773,2947053,141
CP02033,Chennai,3060,4893,2,8,8,Standard,Standard,Yes,5241106,3011600,1457167,9908775,183
CP02034,Bengaluru,1904,2552,2,4,4,Economy,Basic,No,2867390,1513864,890269,5271524,170
CP02035,Pune,3900,8521,3,8,7,Premium,Standard,Yes,10181094,7939182,2738983,21033701,286
CP02036,Kochi,961,2086,3,4,4,Premium,Basic,Yes,1858950,1633033,589285,4231222,221
CP02037,Chennai,4327,7455,3,8,8,Economy,Standard,Yes,8280714,3791926,2369574,14626920,241
CP02038,Kochi,1884,2452,2,4,4,Premium,Premium,No,3621054,1904394,782961,6308408,192
CP02039,Bengaluru,1114,2478,3,4,4,Standard,Premium,Yes,4240672,1738211,981150,7144497,219
CP02040,Delhi,1048,724,1,1,2,Premium,Standard,Yes,1024593,833592,306521,2373290,134
CP02041,Delhi,2455,1122,1,2,2,Economy,Premium,Yes,2272420,815728,442085,3768602,88
CP02042,Bengaluru,4162,4726,2,8,8,Standard,Standard,No,6048033,3100025,1606646,10754704,202
CP02043,Delhi,3120,4685,3,8,8,Standard,Standard,Yes,6927779,3894698,1984909,13039631,252
CP02044,Pune,3681,1956,1,3,4,Economy,Premium,No,2927763,1027809,687393,4642965,112
CP02045,Chennai,2028,1555,1,3,3,Standard,Standard,Yes,1771919,945254,446418,3259404,88
CP02046,Bengaluru,4567,2114,1,4,3,Standard,Standard,Yes,2685434,1483760,723902,5110930,117
CP02047,Pune,1522,2405,3,4,3,Standard,Standard,No,2854493,1691912,745511,5291916,211
CP02048,Chennai,3737,4173,2,7,6,Standard,Standard,Yes,4700934,2541398,1377064,8723048,212
CP02049,Chennai,2759,3674,2,7,8,Premium,Basic,No,3945310,2920841,1138088,8004240,219
CP02050,Pune,3147,4008,2,8,8,Standard,Basic,No,4409750,2589546,1294485,8293782,197
CP02051,Chennai,3579,3767,2,7,6,Standard,Standard,No,4191993,2333172,1134445,7659610,164
CP02052,Mumbai,2881,2924,2,5,5,Standard,Standard,No,5141801,2711448,1289844,9143094,170
CP02053,Bengaluru,3249,1731,1,3,3,Standard,Standard,No,2155361,1203543,613487,3972391,106
CP02054,Bengaluru,913,1714,3,4,3,Standard,Premium,Yes,2911026,1239052,604998,4899070,168
CP02055,Chennai,3213,3501,2,6,6,Standard,Standard,Yes,3821433,2313267,938674,7159175,171
CP02056,Pune,3683,5757,2,8,7,Economy,Standard,Yes,7105268,3416280,1816671,12458075,195
CP02057,Hyderabad,2856,1748,1,4,4,Standard,Premium,Yes,2782164,1072310,540745,4515423,122
CP02058,Delhi,1637,1540,2,3,3,Standard,Premium,No,3174926,1245326,635580,5055832,166
CP02059,Chennai,4089,5767,2,8,7,Premium,Standard,Yes,6020507,4818460,1677511,12734554,239
CP02060,Hyderabad,3234,3655,2,7,6,Standard,Standard,Yes,3996569,2278029,1160128,7672159,194
CP02061,Chennai,4583,3110,1,6,6,Economy,Standard,No,3592498,1468816,1011054,6072368,174
CP02062,Hyderabad,2378,3908,3,7,7,Standard,Standard,No,4493486,2781161,1266391,8541038,204
CP02063,Chennai,4495,2920,1,6,5,Economy,Standard,No,3245512,1502082,937927,5685522,146
CP02064,Pune,1724,2483,2,4,3,Standard,Standard,No,2909267,1741147,837307,5487721,174
CP02065,Delhi,1297,3014,3,6,7,Economy,Standard,Yes,4755939,2116115,1241640,8311668,218
CP02066,Kochi,2779,3009,2,5,6,Economy,Basic,No,3043669,1455575,848449,5347693,152
CP02067,Kochi,2004,3410,3,6,6,Standard,Standard,Yes,3585060,1958428,1018660,6762001,240
CP02068,Hyderabad,1643,2012,2,3,3,Standard,Premium,No,3099307,1250268,654339,5003914,160
CP02069,Mumbai,2529,3917,2,7,8,Standard,Basic,Yes,6513628,3617565,2030554,12375562,195
CP02070,Pune,1613,3704,3,6,5,Standard,Basic,No,4304739,2713248,1222831,8240819,201
CP02071,Delhi,826,795,2,2,2,Standard,Standard,Yes,1191035,679652,305944,2271677,162
CP02072,Chennai,2428,2409,2,4,4,Standard,Standard,Yes,2693745,1331360,714254,4856116,167
CP02073,Hyderabad,2623,4905,3,8,7,Standard,Basic,No,5358811,3105864,1406714,9871389,246
CP02074,Delhi,3052,2974,2,6,6,Standard,Basic,No,4378200,2318447,1238997,7935643,186
CP02075,Bengaluru,2685,3066,2,5,5,Standard,Standard,No,3812761,2026089,983279,6822130,183
CP02076,Pune,4883,4901,2,8,7,Standard,Premium,Yes,7502615,3251934,1608292,12561472,207
CP02077,Hyderabad,1680,3389,3,7,6,Standard,Basic,Yes,3501027,2192639,1076977,6901139,223
CP02078,Pune,2920,9137,4,8,8,Standard,Standard,Yes,10913922,5269630,2993311,19421578,272
CP02079,Hyderabad,3790,6055,2,8,8,Standard,Standard,Yes,6915573,4141917,1875792,13015697,203
CP02080,Kochi,3230,3755,2,7,6,Premium,Basic,Yes,3589772,2794287,1045525,7623214,245
CP02081,Bengaluru,3163,6259,3,8,8,Standard,Standard,No,7746354,4270217,2306221,14322792,238
CP02082,Mumbai,3892,2917,1,5,5,Standard,Standard,Yes,5454103,3015039,1423851,10058817,132
CP02083,Bengaluru,4186,2055,1,4,5,Standard,Premium,No,3324748,1539290,644295,5508333,109
CP02084,Chennai,3547,7356,3,8,8,Standard,Standard,Yes,7897023,4276878,2224398,14505707,260
CP02085,Pune,4559,8111,3,8,8,Standard,Standard,Yes,9355061,5637839,2920377,18138330,255
CP02086,Mumbai,3413,5346,3,8,8,Standard,Standard,Yes,9882137,5172890,2495029,17728767,240
CP02087,Pune,3183,3762,2,6,5,Economy,Premium,No,5611469,2390596,1212801,9214867,174
CP02088,Delhi,761,362,1,1,2,Standard,Basic,No,510911,293843,157804,962557,95
CP02089,Hyderabad,1193,1654,2,3,3,Standard,Standard,Yes,1963445,1127971,494277,3774297,165
CP02090,Chennai,3859,2077,1,4,4,Premium,Premium,Yes,2623624,1633144,578956,4944902,133
CP02091,Chennai,4755,5316,2,8,8,Premium,Premium,Yes,7203931,4074812,1445052,12848780,234
CP02092,Pune,3562,5261,3,8,8,Standard,Standard,No,6269598,3419599,1806942,11496139,241
CP02093,Kochi,4488,3377,1,6,7,Standard,Standard,No,3796394,1766994,1012656,6576044,137
CP02094,Chennai,3990,7453,3,8,7,Economy,Standard,Yes,8074475,3624092,2157382,13964710,269
CP02095,Pune,1263,1642,2,3,3,Standard,Standard,Yes,1946808,1066374,504322,3687391,162
CP02096,Hyderabad,1732,2249,2,4,3,Standard,Standard,Yes,2519684,1398940,745417,4760788,162
CP02097,Hyderabad,1141,677,1,1,1,Economy,Standard,Yes,757993,379145,211647,1455187,83
CP02098,Pune,3574,3698,2,8,8,Standard,Premium,Yes,5669170,2540974,1073392,9409240,213
CP02099,Bengaluru,1467,1042,1,2,2,Premium,Standard,Yes,1282692,968897,367511,2736003,128
CP02100,Bengaluru,2666,5273,4,8,7,Premium,Standard,Yes,6479610,4485155,1850986,12959412,320
CP02101,Hyderabad,1031,1504,3,3,3,Standard,Premium,Yes,2193579,846375,513228,3696145,211
CP02102,Mumbai,4878,6815,2,8,8,Premium,Premium,Yes,15354981,8598224,3435943,27595720,246
CP02103,Bengaluru,1806,944,1,2,1,Standard,Standard,Yes,1239577,624149,343185,2432902,103
CP02104,Pune,3128,6973,4,8,8,Economy,Standard,Yes,8058952,3796115,2179932,14127611,279
CP02105,Hyderabad,1769,2180,2,4,4,Standard,Standard,Yes,2452739,1484784,630960,4668455,171
CP02106,Chennai,1430,868,1,1,1,Standard,Basic,Yes,841457,504986,268408,1703767,95
CP02107,Chennai,2251,3142,2,5,6,Standard,Basic,Yes,3110574,1803625,943644,5966797,157
CP02108,Kochi,1736,4639,4,8,8,Premium,Standard,No,4699834,3569089,1373390,9642314,296
CP02109,Bengaluru,3410,2303,1,4,4,Standard,Basic,No,2839630,1547763,800525,5187918,148
CP02110,Mumbai,1075,752,1,1,1,Economy,Standard,Yes,1354396,631950,392247,2614454,89
CP02111,Delhi,3410,7534,4,8,8,Standard,Standard,Yes,12054578,6406262,3082418,21729842,277
CP02112,Bengaluru,1926,1083,1,2,1,Standard,Standard,No,1383069,816529,374575,2574173,104
CP02113,Mumbai,1619,976,1,2,3,Premium,Basic,No,1632828,1246439,450683,3329950,125
CP02114,Bengaluru,2436,2716,2,4,4,Standard,Basic,Yes,2950774,2054976,887827,6059976,159
CP02115,Chennai,4856,11577,3,8,7,Standard,Basic,Yes,11205658,7188588,3749206,22286840,284
CP02116,Mumbai,3048,4480,2,8,8,Standard,Basic,No,6864534,4414885,2135775,13415194,207
CP02117,Chennai,4893,9935,4,8,7,Standard,Premium,Yes,14109656,5368367,3421364,23085568,304
CP02118,Kochi,1883,1702,2,3,3,Standard,Standard,No,1891261,866373,445968,3203602,141
CP02119,Pune,1259,585,1,1,1,Standard,Standard,Yes,770123,355020,194176,1497941,69
CP02120,Pune,2610,5589,4,8,8,Premium,Basic,No,6318833,5032975,1862150,13213957,333
CP02121,Hyderabad,998,978,2,2,3,Premium,Standard,Yes,1125164,863157,331118,2447209,188
CP02122,Chennai,2333,2970,2,5,6,Premium,Standard,Yes,3413368,2470001,843857,6812398,201
CP02123,Chennai,2725,4089,2,7,8,Standard,Basic,No,4288267,2458035,1182831,7929133,203
CP02124,Kochi,2771,3922,2,8,7,Premium,Premium,Yes,5578777,3154295,1022897,9994092,230
CP02125,Hyderabad,674,354,1,1,2,Standard,Premium,Yes,528690,236339,121312,967887,80
CP02126,Pune,4071,2400,1,4,5,Premium,Standard,No,2891568,2105434,710186,5707188,156
CP02127,Pune,1436,1802,2,3,3,Premium,Standard,Yes,2123009,1650393,598979,4476454,180
CP02128,Mumbai,1099,2418,3,5,6,Premium,Standard,Yes,4213938,3193896,1334570,8827232,251
CP02129,Mumbai,737,1096,2,2,3,Premium,Standard,Yes,1867288,1477682,561992,4114279,168
CP02130,Delhi,2697,8289,4,8,8,Standard,Premium,Yes,16551821,7076807,3738612,27510747,315
CP02131,Kochi,4296,5397,2,8,8,Economy,Basic,No,5071180,2649373,1696296,9416849,207
CP02132,Pune,2485,3444,2,7,8,Standard,Standard,No,4023291,2204350,1148329,7375969,183
CP02133,Delhi,3357,1642,1,3,2,Standard,Standard,Yes,2800300,1393462,696540,5026868,130
CP02134,Bengaluru,4520,2928,1,6,6,Standard,Standard,Yes,3747788,1986002,1009982,6834526,161
CP02135,Chennai,2500,2685,2,5,6,Standard,Premium,Yes,4038047,1524890,801773,6565332,170
CP02136,Mumbai,3210,5788,3,8,7,Standard,Standard,No,10676101,5639824,2676142,18992068,250
CP02137,Bengaluru,4586,9244,3,8,8,Standard,Basic,No,11342238,6052270,3453753,20848261,268
CP02138,Mumbai,2049,4425,4,8,8,Premium,Standard,No,7505446,5722465,2056872,15284783,306
CP02139,Hyderabad,1146,536,1,1,1,Standard,Basic,No,545020,331495,165979,1042494,86
CP02140,Chennai,2603,3542,3,6,5,Standard,Basic,Yes,3252135,2065444,978159,6441774,246
CP02141,Delhi,2696,2468,2,4,4,Standard,Standard,Yes,3554797,2218791,1088196,7031461,155
CP02142,Delhi,1303,590,1,1,1,Premium,Standard,Yes,871902,723866,271479,2113478,127
CP02143,Mumbai,3003,4402,3,7,8,Standard,Standard,Yes,7700469,4163196,1830123,13838893,232
CP02144,Pune,2225,2375,2,4,4,Standard,Standard,Yes,2862926,1645667,856527,5483040,129
CP02145,Kochi,3931,2073,1,3,2,Premium,Basic,No,2197265,1469039,616971,4283276,146
CP02146,Delhi,3578,5691,2,8,8,Standard,Standard,Yes,8940568,4498010,2572414,16247810,207
CP02147,Hyderabad,3439,3831,2,7,7,Standard,Basic,Yes,4136879,2406157,1233801,7860701,185
CP02148,Hyderabad,3984,5911,3,8,7,Standard,Premium,Yes,8925804,3525333,1929052,14577867,234
CP02149,Pune,3259,4177,2,7,8,Standard,Standard,No,4788771,2808598,1405883,9003253,215
CP02150,Hyderabad,2461,7385,4,8,8,Standard,Standard,Yes,8630910,4719439,2186799,15784399,276
CP02151,Kochi,3456,2375,1,5,5,Economy,Premium,Yes,3018114,1147959,671957,4983869,130
CP02152,Chennai,1285,1422,2,3,3,Standard,Standard,Yes,1552908,954185,414065,3099912,140
CP02153,Mumbai,4883,6314,2,8,7,Standard,Standard,No,11400675,6172975,3228182,20801832,201
CP02154,Hyderabad,2219,3107,2,7,6,Standard,Premium,Yes,4555578,2013787,962882,7640022,197
CP02155,Chennai,2031,2863,2,5,6,Standard,Standard,No,3173600,1759504,884079,5817182,176
CP02156,Pune,1475,3023,3,6,6,Premium,Premium,Yes,4640670,2572152,932470,8227764,238
CP02157,Mumbai,3061,6931,3,8,8,Standard,Basic,No,10493237,7302584,3694746,21490567,241
CP02158,Pune,1965,5930,4,8,8,Premium,Standard,No,7315320,4912749,1987554,14215623,318
CP02159,Mumbai,1843,3608,3,6,6,Standard,Standard,Yes,6615403,3513052,1591177,11840482,223
CP02160,Kochi,762,1372,3,2,2,Standard,Basic,Yes,1344151,811145,414722,2694755,171
CP02161,Hyderabad,2574,3472,2,5,4,Economy,Standard,Yes,3971472,1950698,1110147,7229657,191
CP02162,Hyderabad,3891,8595,3,8,8,Economy,Premium,No,11782209,4531001,2835946,19149156,280
CP02163,Mumbai,869,785,2,2,2,Standard,Premium,Yes,1802425,781614,447996,3231700,129
CP02164,Chennai,1231,1962,2,3,2,Standard,Standard,Yes,2267780,1115497,629062,4201097,174
CP02165,Chennai,1505,1547,2,3,2,Standard,Premium,Yes,2095868,1005725,494563,3810986,144
CP02166,Chennai,4071,5003,2,8,7,Standard,Standard,No,5895337,2977343,1468908,10341587,203
CP02167,Bengaluru,3853,5819,2,8,8,Premium,Standard,Yes,6754797,5285780,2020477,14289462,249
CP02168,Delhi,2614,5528,4,8,8,Premium,Standard,Yes,8648311,6068839,2272101,17230523,313
CP02169,Delhi,2241,2764,2,6,5,Economy,Standard,Yes,4397837,2002844,1069609,7707437,178
CP02170,Delhi,804,399,1,1,1,Standard,Standard,Yes,650546,308681,163266,1274387,67
CP02171,Chennai,1181,1389,2,2,1,Standard,Standard,Yes,1555953,870268,445083,2979171,119
CP02172,Hyderabad,1440,737,1,1,2,Standard,Standard,No,840160,450448,237476,1528084,76
CP02173,Kochi,2319,1338,1,2,3,Standard,Standard,Yes,1407611,812402,354639,2665943,103
CP02174,Bengaluru,3243,1883,1,3,3,Premium,Premium,Yes,3012072,1645051,645431,5416236,138
CP02175,Chennai,2897,4621,2,8,8,Premium,Standard,Yes,4678550,3767723,1320957,9997722,230
CP02176,Hyderabad,1474,2353,2,4,4,Standard,Standard,No,2691408,1523444,761928,4976780,156
CP02177,Bengaluru,1289,1895,3,3,2,Standard,Standard,Yes,2444269,1350844,626939,4538099,196
CP02178,Hyderabad,4600,9716,3,8,8,Standard,Standard,No,11682410,5962939,2958624,20603973,277
CP02179,Mumbai,3741,3502,2,5,5,Standard,Premium,Yes,7856877,3154367,1551305,12795091,169
CP02180,Hyderabad,2022,1862,2,3,4,Standard,Basic,Yes,2049914,1146259,645111,4054379,145
CP02181,Bengaluru,1271,1237,2,3,3,Standard,Standard,No,1554291,903319,425427,2883037,135
CP02182,Chennai,1771,4186,3,7,8,Standard,Basic,Yes,4223470,2774348,1247266,8374210,225
CP02183,Delhi,4326,3371,1,6,6,Premium,Basic,No,4811611,3512523,1444165,9768299,192
CP02184,Bengaluru,1543,799,1,1,1,Standard,Standard,No,1012894,530967,282378,1826239,103
CP02185,Chennai,2049,3113,3,6,7,Standard,Standard,Yes,3411888,1706010,895499,6172411,219
CP02186,Chennai,4337,4633,2,8,8,Premium,Premium,Yes,7037840,3649834,1409620,12318189,221
CP02187,Kochi,3139,1978,1,4,4,Standard,Standard,Yes,1926535,1091499,566846,3724266,122
CP02188,Pune,4559,2960,1,6,6,Economy,Standard,No,3587676,1561297,1036678,6185651,139
CP02189,Kochi,4860,10255,4,8,8,Premium,Standard,Yes,9930125,8547381,3054519,21653571,334
CP02190,Mumbai,2961,6349,3,8,7,Premium,Standard,Yes,10370802,8700144,3045802,22336694,288
CP02191,Pune,4252,7122,3,8,8,Standard,Standard,Yes,8599316,4757723,2353667,15808417,266
CP02192,Delhi,4270,6599,2,8,8,Economy,Standard,No,9948685,4685714,2736279,17370678,245
CP02193,Bengaluru,2353,3199,2,6,7,Standard,Basic,Yes,3944927,2305812,1110862,7450087,169
CP02194,Pune,2952,7116,4,8,8,Economy,Standard,Yes,8523092,3792171,2343693,14798791,303
CP02195,Delhi,2538,7375,4,8,8,Standard,Standard,Yes,11873197,6268837,3127016,21406374,288
CP02196,Chennai,970,714,1,1,1,Standard,Standard,No,787022,415437,195333,1397792,83
CP02197,Bengaluru,2531,4188,3,8,8,Premium,Premium,Yes,6556148,4358235,1389371,12492568,293
CP02198,Pune,1024,582,1,1,1,Standard,Standard,Yes,654569,358035,208616,1374629,112
CP02199,Hyderabad,1494,1161,1,3,3,Premium,Standard,Yes,1267806,973991,351247,2782580,137
CP02200,Delhi,1197,1215,2,3,3,Standard,Standard,Yes,1895643,954542,506041,3511765,137
CP02201,Delhi,3662,3403,2,6,7,Standard,Basic,Yes,5017875,2966016,1447364,9668481,160
CP02202,Mumbai,2936,7151,4,8,8,Premium,Standard,Yes,12125789,9615158,3397079,25383588,333
CP02203,Hyderabad,2287,1670,1,4,3,Standard,Standard,Yes,1993493,1015398,508216,3702710,96
CP02204,Bengaluru,1172,1687,2,3,3,Standard,Standard,Yes,2118543,1091730,614166,3925076,146
CP02205,Pune,2690,6228,3,8,8,Standard,Standard,Yes,7214897,4031188,1927353,13286103,237
CP02206,Chennai,4269,8153,3,8,8,Standard,Premium,Yes,11824163,4721103,2143784,18833296,276
CP02207,Pune,4872,2363,1,5,6,Economy,Basic,No,2737117,1329892,840086,4907095,155
CP02208,Kochi,2233,2929,2,5,5,Standard,Standard,Yes,3051566,1804742,770157,5749980,150
CP02209,Bengaluru,2117,3058,2,5,6,Standard,Premium,Yes,5195748,2179793,1100854,8638210,172
CP02210,Bengaluru,4893,2361,1,5,5,Standard,Premium,Yes,3930600,1690928,795596,6553035,136
CP02211,Bengaluru,3257,6649,4,8,8,Economy,Standard,Yes,8515405,3898812,2500667,15034113,282
CP02212,Bengaluru,4248,5789,3,8,8,Standard,Premium,No,9214188,4522384,1967489,15704061,238
CP02213,Kochi,4188,2754,1,4,5,Standard,Basic,Yes,2640988,1578927,759394,5092250,146
CP02214,Delhi,2137,1624,1,3,3,Economy,Standard,Yes,2354728,1201605,718405,4363288,106
CP02215,Pune,3737,2558,1,4,3,Standard,Premium,No,4081892,1781020,906933,6769845,150
CP02216,Hyderabad,697,1659,3,3,4,Premium,Premium,No,2627747,1407373,573369,4608488,205
CP02217,Chennai,3815,1800,1,3,2,Economy,Standard,No,2122872,927523,458612,3509006,123
CP02218,Chennai,4350,6664,2,8,8,Standard,Basic,Yes,6322311,3884477,1761703,12191407,226
CP02219,Mumbai,3757,5522,2,8,8,Standard,Basic,Yes,8901399,5305891,2477354,16780303,201
CP02220,Delhi,943,1056,2,2,2,Economy,Standard,No,1580361,809155,413776,2803292,115
CP02221,Bengaluru,1210,956,1,2,2,Economy,Standard,No,1216137,593324,320061,2129522,91
CP02222,Bengaluru,2327,1281,1,2,2,Standard,Standard,Yes,1745057,914276,443291,3349692,88
CP02223,Bengaluru,2890,8800,4,8,8,Standard,Standard,No,11522845,6348368,3070889,20942103,307
CP02224,Delhi,2454,5582,3,8,7,Economy,Standard,Yes,8371933,3978087,2422343,15010432,240
CP02225,Hyderabad,3208,6882,3,8,8,Premium,Premium,Yes,10040345,6130627,2077094,18431925,298
CP02226,Bengaluru,2679,1733,1,3,2,Standard,Basic,Yes,1974359,1186664,594655,3956880,120
CP02227,Mumbai,2924,2877,2,4,5,Standard,Standard,Yes,5080735,2536352,1375775,9084293,160
CP02228,Mumbai,1777,2261,2,4,5,Standard,Premium,Yes,5200668,2369432,1086379,8773290,160
CP02229,Hyderabad,1691,1944,2,4,4,Premium,Standard,Yes,2111570,1636485,593785,4453144,171
CP02230,Delhi,3391,7398,3,8,8,Standard,Premium,Yes,15995128,6541903,3146817,25911063,252
CP02231,Bengaluru,2349,3360,2,7,6,Standard,Standard,Yes,4607074,2276351,1087053,8123694,191
CP02232,Kochi,3275,2517,1,5,5,Standard,Basic,Yes,2412626,1241715,791399,4581414,129
CP02233,Pune,1381,1885,3,4,4,Economy,Standard,No,2201464,1053635,589248,3844346,185
CP02234,Pune,3648,10698,4,8,7,Economy,Standard,Yes,12619943,5448928,3614089,21894601,320
CP02235,Chennai,2705,2105,1,4,4,Economy,Standard,No,2228259,1114096,619206,3961560,112
CP02236,Hyderabad,4467,6488,2,8,8,Standard,Standard,Yes,7184255,4040598,1983446,13409230,222
CP02237,Pune,2713,2688,2,5,4,Economy,Standard,No,3169990,1599869,806565,5576423,183
CP02238,Chennai,4570,4373,2,7,7,Premium,Standard,Yes,4891559,3583454,1269255,9944350,231
CP02239,Mumbai,2591,1184,1,2,2,Premium,Standard,No,2094548,1455432,560058,4110038,118
CP02240,Chennai,1667,2233,2,5,4,Economy,Standard,Yes,2606057,1176969,646636,4608309,168
CP02241,Bengaluru,2177,5837,4,8,7,Standard,Standard,Yes,6933917,3713464,2095317,12838082,292
CP02242,Bengaluru,1611,2562,2,4,3,Economy,Standard,Yes,3126739,1479541,972535,5817514,157
CP02243,Mumbai,2874,1693,1,3,4,Economy,Basic,No,2467163,1252738,809190,4529090,103
CP02244,Hyderabad,2414,2733,2,6,5,Standard,Standard,No,3174884,1751929,887325,5814138,167
CP02245,Delhi,3026,4046,2,7,7,Standard,Standard,Yes,6629774,3440666,1825664,12087748,197
CP02246,Bengaluru,3151,6985,3,8,7,Premium,Basic,Yes,7802139,6547560,2255153,16712657,278
CP02247,Bengaluru,4257,6622,2,8,7,Standard,Standard,No,8834348,4355374,2527612,15717335,208
CP02248,Chennai,607,443,1,1,1,Standard,Standard,No,500823,283773,122380,906976,65
CP02249,Chennai,3155,1890,1,4,3,Standard,Standard,Yes,2151081,1185524,566958,4138268,144
CP02250,Chennai,1075,2167,3,4,3,Economy,Standard,No,2439564,1118103,676399,4234066,190
CP02251,Pune,2811,4214,2,8,8,Premium,Standard,Yes,5466720,3645630,1519577,10743980,242
CP02252,Kochi,1084,2021,3,4,4,Economy,Basic,No,1885529,962045,575631,3423205,209
CP02253,Mumbai,2885,1517,1,2,3,Premium,Premium,No,3566248,1964523,732675,6263447,175
CP02254,Hyderabad,4125,4202,2,7,7,Economy,Basic,Yes,4690420,2126306,1453104,8360662,202
CP02255,Chennai,3939,3545,2,6,6,Standard,Standard,Yes,3739885,2217729,967553,7062277,186
CP02256,Hyderabad,3422,9600,4,8,8,Premium,Premium,Yes,14290347,8678911,2841400,25966876,313
CP02257,Kochi,3524,6891,4,8,7,Economy,Standard,Yes,7366656,3623993,1819619,12893520,262
CP02258,Chennai,858,459,1,1,1,Standard,Standard,No,487558,270667,128738,886963,61
CP02259,Bengaluru,882,977,2,2,3,Standard,Standard,No,1191377,720553,318370,2230300,134
CP02260,Kochi,2498,1614,1,3,4,Economy,Basic,Yes,1641224,838243,494014,3139308,100
CP02261,Hyderabad,4735,5580,2,8,7,Standard,Standard,No,6235558,3404297,1918026,11557881,204
CP02262,Pune,3576,4907,2,8,7,Economy,Standard,Yes,5850445,2614665,1656284,10344882,223
CP02263,Chennai,2867,4037,3,7,7,Standard,Standard,No,4479053,2553798,1282344,8315196,234
CP02264,Delhi,3800,7499,4,8,8,Economy,Basic,No,10571846,5207440,3304063,19083349,290
CP02265,Mumbai,1212,1514,2,2,3,Premium,Premium,No,3388484,1890142,726797,6005423,171
CP02266,Bengaluru,1287,1461,2,2,2,Economy,Standard,Yes,1832795,891852,532071,3426443,130
CP02267,Kochi,4290,7123,3,8,8,Economy,Basic,Yes,6430726,3211947,2122287,11947265,247
CP02268,Kochi,1212,1721,3,4,4,Standard,Standard,Yes,1758609,959103,509508,3442227,174
CP02269,Chennai,2907,2219,1,4,5,Standard,Standard,Yes,2508790,1207310,669273,4612355,133
CP02270,Kochi,3613,5001,2,8,8,Standard,Standard,Yes,5415532,2730742,1441308,9688955,228
CP02271,Hyderabad,2381,2345,2,4,4,Economy,Basic,No,2536904,1214467,731159,4482531,176
CP02272,Chennai,3191,1508,1,3,3,Standard,Basic,Yes,1492630,870860,404631,2916177,112
CP02273,Bengaluru,3296,2607,1,5,5,Standard,Standard,Yes,3271905,1760147,895965,6044885,145
CP02274,Mumbai,4558,3137,1,6,5,Standard,Basic,Yes,4709079,2702194,1510627,9091553,151
CP02275,Mumbai,1174,1399,2,3,4,Economy,Basic,Yes,2184470,1084130,635496,4026900,148
CP02276,Mumbai,2510,3491,2,6,6,Standard,Premium,Yes,8042820,3576716,1627494,13344191,186
CP02277,Delhi,4204,3004,1,5,4,Standard,Standard,Yes,4827510,2560981,1314745,8840799,120
CP02278,Bengaluru,1269,917,1,2,3,Standard,Standard,Yes,1070306,616521,333007,2241897,95
CP02279,Delhi,4964,9192,3,8,8,Economy,Standard,Yes,13964953,6348023,3476027,23996853,256
CP02280,Delhi,1883,3391,3,5,6,Standard,Standard,Yes,4748842,2957423,1364748,9250858,190
CP02281,Kochi,1523,1382,2,3,3,Standard,Standard,Yes,1351547,791123,412686,2665769,153
CP02282,Chennai,1725,2671,2,4,4,Premium,Premium,No,4020814,2042128,740488,6803429,200
CP02283,Bengaluru,2129,5630,4,8,8,Economy,Standard,No,6751114,3213903,1927153,11892170,249
CP02284,Bengaluru,2194,1143,1,2,1,Standard,Standard,Yes,1452146,739899,364874,2666970,102
CP02285,Kochi,846,652,1,1,2,Economy,Basic,Yes,638376,304955,175904,1290311,87
CP02286,Chennai,4311,6640,2,8,8,Standard,Standard,No,7167253,4120469,2034164,13321886,208
CP02287,Pune,2160,1719,1,3,3,Standard,Standard,Yes,1978145,1167712,588630,3941041,93
CP02288,Delhi,3000,4535,2,8,8,Premium,Basic,Yes,6315468,5407319,2024436,13965145,234
CP02289,Mumbai,2843,6816,3,8,8,Economy,Standard,Yes,12744640,5601394,3820651,22393318,252
CP02290,Hyderabad,4464,4782,2,7,7,Standard,Basic,No,5168284,2785335,1489198,9442818,193
CP02291,Delhi,2539,3782,2,6,7,Standard,Standard,No,5766416,2979013,1575233,10320661,193
CP02292,Hyderabad,3669,10831,4,8,7,Premium,Premium,Yes,15900408,9430123,3673902,29110002,348
CP02293,Chennai,826,438,1,1,2,Standard,Standard,Yes,504086,264137,140279,1155862,68
CP02294,Hyderabad,4147,2009,1,3,2,Economy,Basic,Yes,1966276,1013466,653514,3728881,124
CP02295,Pune,864,1369,2,2,1,Premium,Standard,No,1718574,1198899,441328,3358801,157
CP02296,Bengaluru,1995,2208,2,4,5,Economy,Basic,No,2460464,1418002,795636,4674101,155
CP02297,Mumbai,4157,3137,1,5,5,Standard,Standard,Yes,5192688,3151794,1452547,9914435,157
CP02298,Hyderabad,1245,1124,2,2,2,Premium,Standard,No,1206487,1027593,340049,2574129,166
CP02299,Hyderabad,3590,3283,2,7,6,Economy,Premium,Yes,5251830,1654390,1051336,8154325,201
CP02300,Chennai,2499,3064,2,7,8,Standard,Standard,Yes,3343284,1991943,1033303,6465401,184
CP02301,Chennai,3104,3312,2,5,4,Premium,Standard,Yes,3512885,2612943,976657,7307146,214
CP02302,Kochi,3372,4663,2,8,8,Premium,Premium,Yes,6323612,3870247,1333634,11719942,234
CP02303,Bengaluru,1754,1136,1,2,3,Standard,Standard,Yes,1404145,797883,354857,2710034,99
CP02304,Mumbai,1187,1132,2,2,2,Standard,Standard,No,1949418,1120870,513851,3584139,138
CP02305,Kochi,2421,1227,1,3,3,Standard,Standard,Yes,1256763,723682,357325,2560239,97
CP02306,Kochi,1585,3714,4,8,8,Standard,Standard,Yes,3882419,2127438,1088902,7272518,263
CP02307,Hyderabad,4679,4819,2,8,8,Standard,Standard,Yes,5734575,3124537,1694710,10763828,213
CP02308,Bengaluru,3948,5742,2,8,8,Premium,Basic,Yes,6137468,5076207,1856553,13245322,250
CP02309,Mumbai,4431,7917,3,8,8,Economy,Standard,Yes,14686600,6418623,3831544,25054518,247
CP02310,Bengaluru,1841,1777,2,3,2,Economy,Standard,Yes,2162935,1082893,596379,4065945,169
CP02311,Hyderabad,789,977,2,2,1,Standard,Basic,Yes,1025999,618860,313007,2072416,158
CP02312,Chennai,1580,2283,3,4,3,Premium,Premium,Yes,3257097,1816799,662904,5909292,213
CP02313,Chennai,2298,3413,3,7,6,Standard,Standard,Yes,3633124,2071734,917378,6849968,219
CP02314,Chennai,2315,2471,2,5,4,Premium,Standard,Yes,2841536,1865005,769843,5717542,198
CP02315,Pune,3193,2397,1,4,4,Premium,Standard,Yes,2808235,2247437,755790,5922258,169
CP02316,Bengaluru,4736,7327,2,8,8,Premium,Standard,Yes,9794671,6115656,2492350,18591639,256
CP02317,Hyderabad,1698,3765,3,8,8,Premium,Premium,Yes,5804205,3198136,1190789,10288870,261
CP02318,Bengaluru,2926,1658,1,3,3,Premium,Standard,No,2034489,1603131,571129,4208749,128
CP02319,Chennai,3847,2097,1,3,3,Premium,Standard,No,2196122,1705496,516997,4418614,122
CP02320,Delhi,1495,2880,3,6,6,Standard,Standard,No,4624174,2362460,1093998,8080632,217
CP02321,Delhi,2274,1597,1,3,3,Economy,Premium,Yes,3051262,1202951,659580,5020910,134
CP02322,Bengaluru,3509,8397,3,8,8,Economy,Premium,Yes,13735332,4755198,3297366,21921503,260
CP02323,Mumbai,1530,1517,2,3,2,Economy,Premium,No,3567637,1342145,687390,5597172,152
CP02324,Delhi,4984,4657,2,8,8,Economy,Basic,Yes,6574289,3290202,1912044,12006830,207
CP02325,Delhi,1323,916,1,1,2,Economy,Standard,Yes,1399195,646003,415771,2610770,73
CP02326,Bengaluru,3540,7872,3,8,7,Premium,Basic,No,8700699,7599723,2830594,19131015,306
CP02327,Kochi,1689,2520,2,5,4,Standard,Standard,Yes,2709463,1414117,736449,5061549,159
CP02328,Pune,1535,2110,2,4,5,Standard,Standard,Yes,2361010,1399284,701367,4602453,149
CP02329,Pune,2895,4538,2,8,8,Standard,Standard,No,5547987,3080634,1326507,9955128,209
CP02330,Chennai,755,1424,3,2,2,Standard,Standard,No,1485155,802052,386701,2673908,165
CP02331,Hyderabad,1670,5142,4,8,8,Economy,Standard,No,5730614,2837918,1530763,10099295,261
CP02332,Kochi,2558,4035,2,7,6,Premium,Premium,Yes,5562308,2842042,1122434,9728107,235
CP02333,Mumbai,3101,4629,2,8,8,Standard,Basic,No,7112474,4440952,2382797,13936222,206
CP02334,Kochi,4819,10764,4,8,8,Standard,Standard,No,11769089,6026102,3073698,20868889,320
CP02335,Hyderabad,4430,4595,2,8,8,Standard,Standard,No,5457194,2705061,1392159,9554414,200
CP02336,Hyderabad,1454,1866,2,3,3,Standard,Standard,No,2095098,1275001,577890,3947990,143
CP02337,Mumbai,1239,753,1,1,1,Premium,Basic,Yes,1182005,984055,391248,2669406,125
CP02338,Pune,2838,6446,3,8,8,Economy,Premium,Yes,9691950,3498193,2143463,15446622,254
CP02339,Kochi,2202,2135,2,4,5,Premium,Standard,No,2273285,1654545,632845,4560675,181
CP02340,Delhi,1041,1124,2,2,2,Economy,Premium,Yes,2391395,902324,458368,3964155,128
CP02341,Chennai,1936,2761,2,5,5,Standard,Premium,Yes,3759485,1574153,732506,6261061,181
CP02342,Bengaluru,4300,2077,1,4,3,Premium,Standard,No,2647206,1998373,744684,5390263,157
CP02343,Pune,1548,1740,2,3,3,Premium,Premium,Yes,2772431,1479447,585320,5065058,181
CP02344,Chennai,3973,2326,1,4,4,Standard,Premium,Yes,3159866,1429255,738307,5516163,101
CP02345,Delhi,1059,1414,2,2,3,Economy,Premium,Yes,2716643,976323,596876,4439455,141
CP02346,Pune,992,1002,2,2,2,Standard,Premium,Yes,1462138,655912,378670,2678476,141
CP02347,Kochi,4538,6817,2,8,8,Economy,Premium,Yes,9468654,3328954,1833041,14784230,213
CP02348,Mumbai,2387,4344,3,8,8,Standard,Standard,No,7535442,4445488,1949083,13930013,244
CP02349,Hyderabad,2857,6607,3,8,8,Standard,Standard,Yes,7409592,3855657,2058286,13442066,242
CP02350,Mumbai,1738,3200,3,7,7,Standard,Premium,Yes,7926165,3333069,1508812,13010213,227
CP02351,Delhi,4408,2407,1,4,3,Economy,Standard,No,3439593,1553765,999105,5992463,107
CP02352,Bengaluru,3054,1525,1,3,4,Standard,Standard,Yes,2028284,1069489,523024,3713659,123
CP02353,Mumbai,2066,1864,2,4,3,Premium,Standard,Yes,2997971,2423036,877467,6386906,178
CP02354,Delhi,4274,10877,4,8,7,Standard,Standard,No,16401667,9076683,4418925,29897275,314
CP02355,Hyderabad,1977,2891,3,5,6,Standard,Standard,Yes,3112240,1824633,856536,5984280,220
CP02356,Pune,3197,5630,3,8,8,Standard,Basic,No,5929966,3812750,1919890,11662606,257
CP02357,Chennai,741,972,2,2,1,Economy,Basic,No,941460,507164,312451,1761076,141
CP02358,Delhi,3259,3562,2,7,7,Standard,Standard,No,5329749,2965221,1791786,10086756,200
CP02359,Delhi,1439,1471,2,3,4,Standard,Standard,Yes,2288000,1279089,631496,4385442,165
CP02360,Kochi,4218,3041,1,5,4,Standard,Standard,Yes,3289415,1713471,925388,6177064,138
CP02361,Bengaluru,4517,3529,1,5,5,Standard,Standard,Yes,4443980,2446388,1233352,8362582,151
CP02362,Pune,1195,2319,4,5,5,Standard,Standard,No,2842287,1619142,797695,5259123,223
CP02363,Delhi,2504,1263,1,2,2,Standard,Basic,No,1859819,1123868,528166,3511853,94
CP02364,Delhi,880,691,1,1,1,Economy,Basic,No,930987,519221,285194,1735402,109
CP02365,Chennai,1023,473,1,1,2,Standard,Standard,Yes,539111,269255,139882,1112760,87
CP02366,Hyderabad,4965,15732,4,8,8,Standard,Standard,Yes,20006104,10122417,5519502,35829764,330
CP02367,Mumbai,4849,4379,2,8,8,Economy,Basic,Yes,7439675,3655715,2326759,13638492,199
CP02368,Kochi,2350,3552,2,6,6,Economy,Standard,Yes,3953752,1873042,961441,6920016,174
CP02369,Pune,2567,4293,3,7,8,Standard,Premium,No,6949564,2945703,1459197,11354464,227
CP02370,Chennai,4688,7299,2,8,8,Standard,Premium,Yes,10918183,4242095,2155279,17492057,206
CP02371,Chennai,4778,5360,2,8,8,Economy,Standard,Yes,5781890,2681420,1781005,10332602,201
CP02372,Mumbai,3546,2407,1,4,4,Economy,Basic,No,3800279,1714423,1073079,6587781,126
CP02373,Pune,2049,979,1,2,1,Economy,Standard,Yes,1175227,547100,345132,2296022,120
CP02374,Pune,2931,4702,3,7,8,Premium,Standard,No,5538459,4112130,1560984,11211572,261
CP02375,Kochi,2820,6097,3,8,8,Standard,Standard,Yes,6408722,3384121,1544221,11583291,227
CP02376,Hyderabad,4389,5574,2,8,8,Standard,Standard,No,6302856,3374732,1958260,11635848,222
CP02377,Pune,3410,5284,2,8,8,Premium,Standard,Yes,6409557,5069878,1562620,13150149,248
CP02378,Kochi,2131,2557,2,5,6,Standard,Basic,Yes,2272039,1261620,684139,4452068,159
CP02379,Delhi,3590,2708,1,5,4,Standard,Premium,Yes,5305736,2130403,1052519,8586478,144
CP02380,Mumbai,1743,1058,1,2,2,Standard,Standard,No,1960073,1136886,547501,3644459,100
CP02381,Pune,1533,1215,1,2,3,Standard,Standard,Yes,1481615,841357,386283,2957328,120
CP02382,Hyderabad,2060,3238,2,5,6,Economy,Premium,Yes,5121423,1760469,948801,8070869,201
CP02383,Chennai,3323,5634,3,8,8,Standard,Standard,No,6047279,3379604,1752367,11179250,250
CP02384,Delhi,3112,4730,2,8,8,Economy,Premium,Yes,9375410,3278407,1854458,14668223,214
CP02385,Pune,885,660,1,1,1,Standard,Standard,No,805466,407799,223885,1437150,110
CP02386,Mumbai,864,905,2,2,3,Economy,Standard,Yes,1580396,752055,443907,3014431,147
CP02387,Pune,2967,5950,3,8,7,Standard,Standard,Yes,6797976,4084017,1993311,12972899,252
CP02388,Kochi,4047,1924,1,4,4,Premium,Standard,Yes,2056168,1429217,484257,4142509,151
CP02389,Bengaluru,2362,1754,1,4,4,Standard,Standard,Yes,2131337,1100319,647351,4034148,108
CP02390,Hyderabad,3648,3728,2,6,5,Premium,Standard,Yes,4304045,3276039,1277596,9078829,210
CP02391,Chennai,2981,4246,3,7,7,Standard,Basic,Yes,3845317,2646349,1346314,8046565,226
CP02392,Bengaluru,2869,3385,2,7,7,Standard,Standard,Yes,4170934,2432804,1221070,8024493,190
CP02393,Mumbai,640,1251,3,2,3,Standard,Standard,Yes,2190642,1191442,594287,4104758,150
CP02394,Pune,667,1998,4,4,4,Premium,Standard,Yes,2471861,1588086,727659,4875737,253
CP02395,Hyderabad,1587,3765,3,8,8,Economy,Standard,Yes,4133680,1892653,1087401,7208884,231
CP02396,Delhi,4608,5564,2,8,8,Standard,Premium,Yes,10742047,4974251,2018825,17956576,193
CP02397,Kochi,3798,3578,2,7,6,Standard,Standard,No,4002878,1901738,1096075,7000691,195
CP02398,Kochi,3124,2224,1,4,4,Standard,Premium,Yes,3258805,1312046,567154,5308232,135
CP02399,Pune,1685,4366,4,7,6,Standard,Basic,Yes,4852462,2734421,1535781,9361398,265
CP02400,Pune,3079,3736,2,6,7,Standard,Standard,Yes,4751948,2327449,1127904,8381080,168
CP02401,Pune,2293,1280,1,2,2,Premium,Standard,No,1524335,1244599,438648,3207582,131
CP02402,Delhi,2915,3648,2,7,8,Premium,Premium,Yes,7494150,4522150,1464151,13652352,230
CP02403,Pune,1378,1566,2,3,2,Premium,Standard,Yes,1940569,1406695,528982,4051703,186
CP02404,Hyderabad,2185,3124,2,6,6,Standard,Premium,No,4514016,1920430,1067390,7501837,179
CP02405,Delhi,2092,2679,2,4,4,Standard,Basic,Yes,3742280,2366484,1068634,7358961,166
CP02406,Delhi,1260,1907,2,3,4,Economy,Premium,Yes,3772712,1254059,880565,5996308,141
CP02407,Bengaluru,1948,3741,3,6,6,Premium,Standard,No,4801994,3695846,1291994,9789835,257
CP02408,Mumbai,1899,2025,2,4,4,Standard,Basic,Yes,3138946,2140393,978800,6378315,153
CP02409,Delhi,4540,6790,2,8,7,Standard,Standard,Yes,9848082,5869195,3054759,18900921,207
CP02410,Bengaluru,2586,3336,2,5,5,Premium,Standard,Yes,4222953,2926815,1241611,8575195,214
CP02411,Hyderabad,2644,2762,2,5,5,Standard,Standard,Yes,3296100,1872705,866603,6276351,171
CP02412,Mumbai,4116,8251,3,8,7,Standard,Standard,Yes,15004324,8044820,3596196,26803537,260
CP02413,Delhi,1658,1907,2,3,3,Economy,Basic,Yes,2455315,1352044,803353,4773305,155
CP02414,Chennai,1576,2349,2,5,5,Standard,Standard,Yes,2602756,1341114,641086,4805503,167
CP02415,Bengaluru,1327,807,1,1,1,Premium,Premium,Yes,1363664,708880,276938,2466580,111
CP02416,Hyderabad,3127,8808,4,8,8,Standard,Standard,No,10229003,5869049,2715993,18814045,295
CP02417,Hyderabad,3736,3612,2,6,5,Standard,Standard,No,4316149,2266892,1039319,7622360,165
CP02418,Hyderabad,942,1663,3,3,2,Economy,Standard,Yes,1812391,886679,496043,3432294,197
CP02419,Kochi,2047,1625,1,3,3,Standard,Standard,Yes,1620351,932089,498624,3182332,99
CP02420,Mumbai,2979,2183,1,4,4,Standard,Premium,Yes,5112450,1891099,1027492,8192624,147
CP02421,Pune,4259,4309,2,8,7,Economy,Standard,Yes,5141255,2414685,1382832,9087875,193
CP02422,Chennai,1126,1848,3,3,3,Standard,Standard,No,2128177,1108440,572287,3808905,191
CP02423,Mumbai,2496,2822,2,6,6,Standard,Premium,No,6535973,2911647,1487785,10935405,201
CP02424,Mumbai,2673,7245,4,8,8,Standard,Premium,Yes,15982856,7243013,3355832,26737371,292
CP02425,Delhi,1005,1437,2,3,3,Economy,Basic,Yes,1916334,963726,645913,3612465,143
CP02426,Kochi,2173,3095,2,6,5,Standard,Standard,No,2991477,1729447,881987,5602911,180
CP02427,Bengaluru,4340,2727,1,6,5,Standard,Standard,No,3544517,1980066,1049846,6574429,132
CP02428,Chennai,4874,10729,3,8,8,Standard,Standard,Yes,11746793,6018096,3424720,21278774,249
CP02429,Hyderabad,4827,2910,1,5,5,Premium,Standard,Yes,3484243,2684832,896589,7245896,173
CP02430,Mumbai,2446,3620,3,6,6,Economy,Standard,Yes,6436886,2947934,1766492,11318166,193
CP02431,Chennai,2078,4036,3,8,8,Standard,Standard,No,4459935,2486525,1152590,8099050,220
CP02432,Bengaluru,2995,9383,4,8,7,Standard,Standard,Yes,12256632,6331223,3268761,22053028,301
CP02433,Pune,1371,1994,2,3,4,Standard,Premium,No,3124277,1286058,625344,5035680,142
CP02434,Chennai,1178,1537,2,2,2,Standard,Standard,Yes,1668223,879694,442025,3097204,145
CP02435,Kochi,3501,7104,3,8,8,Economy,Premium,No,9650741,3706365,2166837,15523942,272
CP02436,Kochi,793,615,1,1,1,Standard,Premium,Yes,863608,360922,177676,1577444,88
CP02437,Hyderabad,2607,3127,2,6,6,Standard,Standard,Yes,3475621,1874816,1006469,6561856,173
CP02438,Kochi,1785,1010,1,2,2,Standard,Premium,Yes,1422837,596009,279269,2534143,122
CP02439,Mumbai,2994,4742,2,7,8,Economy,Standard,Yes,8367072,4051430,2233916,14813611,205
CP02440,Pune,3598,2706,1,5,6,Standard,Standard,Yes,3223958,1882533,873918,6106637,146
CP02441,Bengaluru,2392,1346,1,2,1,Standard,Standard,Yes,1715171,941809,447955,3187996,113
CP02442,Hyderabad,1710,2094,2,4,5,Economy,Standard,Yes,2532378,1130924,634784,4384210,155
CP02443,Pune,4605,5482,2,8,8,Standard,Basic,Yes,6249043,3449616,1715165,11636274,204
CP02444,Delhi,2861,2873,2,5,6,Economy,Standard,Yes,4493810,2187904,1106647,7894142,159
CP02445,Delhi,4336,3404,1,7,6,Standard,Standard,Yes,5373420,2954677,1423189,9886315,163
CP02446,Bengaluru,4393,5197,2,8,8,Premium,Standard,Yes,6585574,5080370,1690559,13507289,242
CP02447,Hyderabad,2536,1918,1,4,4,Standard,Premium,Yes,2812513,1094583,664364,4788525,130
CP02448,Kochi,4957,5118,2,8,8,Standard,Premium,Yes,7076537,3056789,1341553,11722757,184
CP02449,Mumbai,1329,1705,2,3,2,Premium,Standard,Yes,2946929,2212450,798560,6128325,189
CP02450,Bengaluru,4978,4563,2,8,8,Standard,Standard,Yes,5535185,3278758,1643572,10582488,198
CP02451,Kochi,4051,8719,3,8,7,Standard,Basic,Yes,8061690,4672151,2165620,15146700,237
CP02452,Pune,2740,3580,2,7,7,Premium,Standard,Yes,4047273,3478960,1236265,8931289,205
CP02453,Hyderabad,2244,4503,3,8,8,Standard,Premium,Yes,6426296,2744408,1348268,10602845,233
CP02454,Delhi,3400,3183,2,7,8,Standard,Premium,Yes,6889575,2827699,1250145,11088767,180
CP02455,Delhi,741,776,2,1,2,Standard,Standard,Yes,1248863,645168,337359,2385388,127
CP02456,Chennai,2055,1956,2,3,3,Premium,Standard,No,2130932,1730937,611410,4473278,185
CP02457,Hyderabad,2696,1485,1,2,1,Standard,Standard,Yes,1750997,949477,436732,3285763,102
CP02458,Pune,1925,2577,2,4,5,Economy,Standard,Yes,2999614,1581935,833305,5495310,155
CP02459,Pune,1813,2350,2,5,4,Economy,Premium,Yes,3794374,1313735,831719,6064339,169
CP02460,Chennai,1759,2336,2,4,5,Economy,Standard,No,2596449,1125070,682131,4403650,161
CP02461,Kochi,940,603,1,1,1,Standard,Standard,Yes,612366,348799,161500,1264878,106
CP02462,Pune,4428,2415,1,5,6,Premium,Standard,No,2884364,2137431,790998,5812793,156
CP02463,Kochi,2568,5501,4,8,8,Standard,Standard,No,5658250,3040860,1558994,10258104,278
CP02464,Kochi,1303,1297,2,2,3,Economy,Standard,No,1401448,667456,363906,2432810,157
CP02465,Hyderabad,3029,2263,1,4,5,Standard,Basic,No,2344732,1329235,732043,4406010,109
CP02466,Kochi,2400,3195,2,5,6,Standard,Standard,Yes,3128013,1995213,875383,6141008,168
CP02467,Delhi,1455,1499,2,2,3,Standard,Premium,Yes,2947112,1247512,653394,4958052,128
CP02468,Bengaluru,2412,3705,3,6,7,Standard,Standard,No,4540152,2382345,1249885,8172382,203
CP02469,Delhi,3466,2618,1,5,4,Premium,Basic,No,3414034,3026677,1004558,7445269,167
CP02470,Kochi,4242,3011,1,6,6,Standard,Standard,Yes,3050692,1731954,939956,5822743,160
CP02471,Delhi,782,1597,3,3,3,Economy,Basic,Yes,2022333,1131490,608701,3851790,208
CP02472,Hyderabad,3712,2198,1,4,5,Standard,Basic,No,2199754,1341130,726780,4267664,123
CP02473,Kochi,2117,1146,1,2,1,Standard,Standard,Yes,1206964,696139,323449,2457570,108
CP02474,Pune,1956,6202,4,8,7,Standard,Standard,Yes,7640619,4203714,2049200,14104096,289
CP02475,Chennai,2774,4044,2,8,8,Economy,Premium,Yes,5899377,2012356,1149722,9228319,198
CP02476,Chennai,4229,4699,2,8,8,Economy,Standard,Yes,5366839,2444208,1368606,9352795,220
CP02477,Mumbai,4228,3156,1,5,4,Standard,Basic,Yes,5236584,2911601,1587239,9894244,135
CP02478,Chennai,4696,3360,1,6,6,Standard,Standard,No,3544533,2114637,940937,6600107,159
CP02479,Chennai,3839,2126,1,3,3,Standard,Standard,Yes,2209822,1409331,618555,4340492,111
CP02480,Pune,4291,7714,3,8,7,Premium,Basic,No,8414857,7253637,2706987,18375481,273
CP02481,Bengaluru,618,636,2,1,1,Premium,Standard,No,822131,572867,211704,1606702,143
CP02482,Bengaluru,4003,5870,3,8,7,Standard,Standard,No,7177437,3855432,2028642,13061511,227
CP02483,Pune,3604,7600,3,8,8,Standard,Standard,No,9293347,5040792,2524619,16858758,271
CP02484,Chennai,1732,1883,2,4,3,Economy,Premium,Yes,2888991,883051,535401,4420159,172
CP02485,Hyderabad,3939,2903,1,5,6,Standard,Standard,Yes,3173749,1912557,937686,6189874,127
CP02486,Delhi,3911,6245,2,8,8,Standard,Standard,No,9619574,5420414,2611358,17651346,200
CP02487,Kochi,3972,5681,3,8,8,Economy,Standard,Yes,6183313,2731329,1541252,10577769,236
CP02488,Delhi,1587,2930,3,6,7,Standard,Standard,Yes,4476504,2425507,1277315,8313720,216
CP02489,Bengaluru,3921,2865,1,6,5,Premium,Standard,Yes,3684078,2653993,997037,7526926,162
CP02490,Pune,773,1122,2,2,3,Economy,Basic,Yes,1266339,678595,368713,2431446,143
CP02491,Hyderabad,4341,6216,2,8,8,Economy,Premium,No,9220690,3261161,1921562,14403414,209
CP02492,Chennai,3652,6268,3,8,8,Standard,Basic,Yes,5941925,3535912,1714997,11421847,261
CP02493,Pune,1326,807,1,1,1,Standard,Premium,No,1264290,511801,263861,2039951,100
CP02494,Bengaluru,4360,5739,2,8,7,Standard,Basic,Yes,6247750,4155806,1716038,12309976,197
CP02495,Kochi,2475,5872,3,8,8,Standard,Standard,Yes,6001142,3186253,1747631,11068787,231
CP02496,Hyderabad,4633,5231,2,8,8,Standard,Standard,Yes,6148612,3493029,1533588,11325221,210
CP02497,Hyderabad,1589,2456,2,4,3,Standard,Standard,No,2857233,1531689,798680,5187602,158
CP02498,Bengaluru,4344,2364,1,5,5,Standard,Basic,Yes,2798836,1484882,746961,5125007,148
CP02499,Hyderabad,3286,5232,2,8,8,Standard,Standard,No,6099041,3419549,1519928,11038518,212
CP02500,Delhi,1019,1395,2,3,2,Standard,Standard,No,2081300,1155901,559827,3797028,141
CP02501,Kochi,1193,2921,4,5,6,Premium,Premium,Yes,3809973,2289467,925584,7117931,291
CP02502,Bengaluru,2374,3155,2,5,6,Standard,Standard,No,4091298,2109114,1059986,7260399,167
CP02503,Delhi,3059,3336,2,7,6,Standard,Standard,Yes,5186804,2974708,1541984,9893863,173
CP02504,Pune,1535,1676,2,3,4,Economy,Basic,Yes,1811139,961187,568462,3527727,145
CP02505,Mumbai,4408,2158,1,4,5,Premium,Standard,Yes,3849554,3099712,1019729,8192130,144
CP02506,Kochi,931,912,2,1,1,Standard,Standard,Yes,926193,538308,262618,1946530,139
CP02507,Chennai,4049,6944,3,8,8,Standard,Basic,Yes,6202090,4117909,2124978,12684314,239
CP02508,Pune,3302,7102,3,8,8,Premium,Standard,Yes,8951860,6054359,2406077,17543965,293
CP02509,Delhi,4606,6105,2,8,8,Premium,Standard,No,9645741,6432486,2767982,18846209,239
CP02510,Chennai,4468,4342,2,7,6,Premium,Basic,Yes,4283627,3494378,1309365,9276170,206
CP02511,Chennai,4800,3591,1,6,7,Economy,Basic,Yes,3427298,1823182,1116958,6476379,153
CP02512,Delhi,801,2116,4,4,4,Premium,Standard,Yes,3230809,2590426,993098,6929125,272
CP02513,Delhi,3097,2435,1,4,4,Standard,Basic,Yes,3141411,2003346,926430,6274418,126
CP02514,Kochi,2442,5015,3,8,8,Economy,Premium,Yes,6844082,2553042,1419345,10896836,239
CP02515,Bengaluru,2466,2521,2,4,3,Standard,Standard,Yes,2942119,1730206,911552,5678612,183
CP02516,Mumbai,2596,6394,4,8,8,Standard,Basic,No,10171288,6718870,2813877,19704034,298
CP02517,Kochi,1509,3064,3,5,4,Economy,Standard,Yes,3111538,1368272,822384,5486666,216
CP02518,Delhi,4905,6767,3,8,8,Standard,Standard,Yes,10359654,6068551,2681779,19200328,227
CP02519,Chennai,3789,1724,1,3,3,Premium,Standard,Yes,1809986,1361598,529087,3877651,135
CP02520,Chennai,1370,1357,2,3,3,Standard,Standard,Yes,1582750,850496,419944,2942865,143
CP02521,Pune,3755,4040,2,8,8,Standard,Basic,No,4463001,2875948,1262628,8601577,207
CP02522,Mumbai,3101,5584,3,8,8,Standard,Standard,No,9557178,5266504,2749215,17572897,255
CP02523,Mumbai,3314,2056,1,4,5,Premium,Standard,No,3592582,2518523,948480,7059584,140
CP02524,Chennai,4185,8341,4,8,8,Economy,Standard,Yes,9764539,4000141,2690844,16587426,302
CP02525,Mumbai,2228,4583,3,8,8,Standard,Standard,Yes,7759642,4211824,2267331,14454039,225
CP02526,Pune,986,1298,2,2,2,Standard,Standard,Yes,1500702,752632,447221,2871682,146
CP02527,Bengaluru,4021,6671,3,8,8,Premium,Standard,Yes,8048904,6143324,2520910,16848316,267
CP02528,Chennai,4608,4191,2,7,8,Economy,Standard,Yes,4484470,2206853,1309519,8207292,209
CP02529,Hyderabad,4693,4478,2,8,8,Standard,Standard,Yes,5481393,2855838,1362351,9809216,206
CP02530,Chennai,4963,5827,2,8,8,Standard,Standard,Yes,6266156,3430113,1761080,11593760,206
CP02531,Chennai,3066,3089,2,6,5,Premium,Basic,Yes,3007097,2391139,853788,6341292,213
CP02532,Bengaluru,2882,5030,3,8,7,Standard,Standard,Yes,6414274,3371620,1620461,11499441,234
CP02533,Delhi,2456,3290,2,6,6,Standard,Standard,No,5060285,2802803,1431200,9294288,181
CP02534,Delhi,2598,3333,2,6,6,Economy,Standard,Yes,5331866,2477958,1540439,9505030,169
CP02535,Hyderabad,1836,1949,2,3,4,Premium,Premium,Yes,3022561,1533689,653462,5414777,183
CP02536,Hyderabad,4744,8117,3,8,8,Standard,Standard,Yes,9497867,5153949,2609274,17369950,256
CP02537,Hyderabad,1750,1163,1,2,2,Standard,Standard,Yes,1330918,742400,333298,2536783,99
CP02538,Delhi,4918,11084,3,8,8,Standard,Basic,Yes,15952230,8871345,4693004,29653874,275
CP02539,Kochi,2031,2898,2,4,4,Standard,Standard,Yes,2933050,1697033,776085,5543108,152
CP02540,Bengaluru,2419,3114,2,5,4,Standard,Standard,Yes,3805081,2248944,1099440,7362616,197
CP02541,Mumbai,2924,1686,1,3,2,Standard,Basic,Yes,2627045,1572425,744967,5029643,110
CP02542,Hyderabad,1730,1999,2,4,5,Premium,Standard,Yes,2416137,1626482,635857,4760750,201
CP02543,Mumbai,3258,7406,3,8,8,Standard,Premium,No,16377666,7876021,3444535,27698223,241
CP02544,Pune,4100,3802,2,8,8,Premium,Standard,Yes,4489940,3523167,1261060,9434166,203
CP02545,Bengaluru,974,2325,3,5,6,Economy,Standard,Yes,2961592,1375870,776591,5245716,206
CP02546,Mumbai,2720,1856,1,4,3,Premium,Standard,Yes,3259158,2324284,807216,6554154,165
CP02547,Delhi,4620,6360,2,8,7,Standard,Basic,Yes,8681170,5135982,2835299,16754402,228
CP02548,Kochi,2621,4857,4,8,8,Standard,Premium,Yes,6721499,2847822,1359612,11061823,287
CP02549,Delhi,4305,8548,3,8,8,Standard,Premium,Yes,16789240,6885020,3496929,27268076,258
CP02550,Hyderabad,3859,2391,1,4,4,Standard,Standard,No,2878259,1441123,746875,5066256,132
CP02551,Kochi,4035,3930,2,6,7,Standard,Basic,Yes,3731266,2224986,1075948,7237582,177
CP02552,Hyderabad,2489,1362,1,2,1,Standard,Standard,Yes,1637072,885444,412085,3024373,96
CP02553,Kochi,2423,3690,2,6,6,Standard,Basic,Yes,3360691,2288809,1142368,6965817,186
CP02554,Mumbai,2074,3997,3,7,7,Economy,Standard,Yes,6993010,3300758,1928024,12339447,231
CP02555,Delhi,2842,5070,3,8,7,Standard,Standard,No,7215224,4083854,2073521,13372598,235
CP02556,Mumbai,3843,1827,1,4,4,Standard,Standard,Yes,3387499,1730441,789601,6106158,124
CP02557,Pune,3734,10454,4,8,8,Standard,Standard,Yes,13809988,7349539,3343807,24708008,320
CP02558,Bengaluru,2670,3716,2,7,8,Standard,Basic,No,4181907,2718286,1207335,8107529,181
CP02559,Delhi,959,1275,2,2,2,Standard,Standard,No,1992774,1137781,521975,3652530,146
CP02560,Chennai,2641,3320,2,7,8,Standard,Basic,Yes,3301688,2092962,1086793,6728075,173
CP02561,Delhi,1741,2095,2,4,4,Standard,Premium,Yes,3977425,1928222,955523,6954353,138
CP02562,Pune,2235,2939,2,6,6,Standard,Standard,No,3733639,1959857,954690,6648187,182
CP02563,Delhi,4600,4891,2,8,8,Economy,Standard,No,7449409,3623427,1969485,13042321,205
CP02564,Pune,2543,3964,2,8,8,Standard,Basic,Yes,3963110,2510728,1353477,8050975,202
CP02565,Delhi,3961,2598,1,5,5,Economy,Premium,Yes,5052259,1876579,1164396,8247255,135
CP02566,Pune,3580,6002,3,8,7,Standard,Standard,Yes,6857355,4015317,1948373,12933926,258
CP02567,Kochi,606,736,2,1,1,Standard,Standard,Yes,772880,436063,235193,1536364,133
CP02568,Hyderabad,3867,2830,1,6,5,Standard,Basic,Yes,2955461,1727181,862543,5693878,149
CP02569,Mumbai,2191,3329,3,6,7,Standard,Standard,Yes,6137031,2945737,1563651,10843926,233
CP02570,Delhi,3864,8539,4,8,8,Economy,Standard,Yes,14112542,5919800,3552495,23796542,307
CP02571,Bengaluru,3206,8820,4,8,8,Standard,Premium,Yes,15613472,6408899,2981335,25137494,300
CP02572,Hyderabad,3819,4280,2,8,7,Standard,Premium,Yes,6162845,2667786,1255193,10175908,215
CP02573,Pune,3873,2817,1,5,6,Premium,Standard,Yes,3493002,2568856,972720,7253428,162
CP02574,Bengaluru,1513,1499,2,3,4,Standard,Premium,No,2543678,1003355,508273,4055306,144
CP02575,Hyderabad,2611,1871,1,4,5,Standard,Basic,No,1904179,1240065,665517,3809761,138
CP02576,Chennai,2042,3871,4,8,7,Standard,Standard,No,4307004,2310316,1215138,7832458,267
CP02577,Delhi,3654,1660,1,3,2,Standard,Standard,Yes,2597233,1386047,710756,4894279,118
CP02578,Delhi,4146,6338,2,8,8,Standard,Basic,Yes,8614016,5677303,2970746,17487192,218
CP02579,Pune,4821,6300,2,8,8,Premium,Premium,No,10418058,6055775,2168597,18642430,245
CP02580,Hyderabad,3528,4044,2,7,8,Standard,Basic,No,4243273,2719349,1326149,8288772,215
CP02581,Hyderabad,2429,3872,3,6,6,Economy,Premium,No,5773886,2039461,1170855,8984202,218
CP02582,Pune,1175,1564,2,3,2,Standard,Standard,Yes,1799819,1001541,508725,3553234,168
CP02583,Chennai,1529,960,1,2,2,Standard,Standard,Yes,1104632,549742,305217,2083536,88
CP02584,Delhi,4359,6948,2,8,8,Standard,Basic,No,9658807,5401846,3060144,18120797,217
CP02585,Mumbai,4299,6827,2,8,8,Standard,Basic,No,10847833,6248226,3158621,20254679,214
CP02586,Chennai,2063,1386,1,2,2,Premium,Standard,No,1473000,1075020,474092,3022112,142
CP02587,Pune,3875,4688,2,8,8,Standard,Standard,Yes,5875282,2898869,1528071,10413402,188
CP02588,Mumbai,1654,2057,2,4,3,Standard,Standard,Yes,3455993,1824918,1056769,6472561,163
CP02589,Hyderabad,2500,5166,3,8,8,Economy,Standard,Yes,5439732,2586074,1652825,9914351,253
CP02590,Kochi,2057,3995,4,7,7,Premium,Standard,No,4056420,3066311,1169726,8292457,289
CP02591,Kochi,1999,3387,3,7,7,Standard,Standard,No,3588545,1973126,945624,6507295,217
CP02592,Chennai,4015,7650,4,8,8,Economy,Basic,Yes,7676014,3970222,2322867,14076538,284
CP02593,Kochi,1042,495,1,1,1,Premium,Premium,Yes,676236,370967,127964,1305709,126
CP02594,Chennai,4250,2203,1,3,4,Standard,Standard,Yes,2406619,1298751,704681,4527037,97
CP02595,Kochi,1778,2204,2,4,4,Standard,Standard,Yes,2317793,1279350,656483,4338372,143
CP02596,Delhi,1857,4037,3,6,5,Premium,Standard,Yes,6928276,4622011,1885084,13626351,251
CP02597,Kochi,4234,10499,4,8,8,Standard,Premium,No,14405396,6152523,3005981,23563900,314
CP02598,Delhi,2441,4155,3,7,8,Premium,Premium,No,8177763,4485044,1641007,14303813,262
CP02599,Mumbai,2909,1392,1,2,3,Premium,Basic,Yes,2195694,1960433,728155,5118428,140
CP02600,Hyderabad,1510,3881,4,7,7,Premium,Standard,Yes,4445368,3405000,1203161,9171196,279
CP02601,Chennai,4940,5384,2,8,8,Economy,Basic,Yes,5344939,2847820,1268145,9587150,187
CP02602,Mumbai,4609,3066,1,5,6,Standard,Premium,Yes,6759244,2787229,1515967,11214920,147
CP02603,Chennai,2769,4386,2,8,7,Standard,Standard,No,4978782,2488958,1389768,8857509,188
CP02604,Kochi,2772,1355,1,2,1,Standard,Basic,No,1289510,745421,414439,2449369,109
CP02605,Delhi,723,758,2,1,1,Standard,Premium,Yes,1469616,660182,301141,2587021,105
CP02606,Hyderabad,3758,4626,2,8,8,Economy,Premium,Yes,7229269,2333900,1501806,11145268,212
CP02607,Kochi,1385,2185,2,4,4,Premium,Standard,Yes,2109549,1718894,644395,4595375,189
CP02608,Hyderabad,3016,4343,2,8,8,Premium,Basic,Yes,4903264,3963107,1418714,10369353,245
CP02609,Bengaluru,1396,3201,3,6,6,Standard,Standard,Yes,4354612,2130611,1064630,7702586,225
CP02610,Mumbai,4772,5409,2,8,7,Standard,Premium,Yes,13229792,4949499,2651669,20931402,204
CP02611,Delhi,4754,7579,2,8,8,Economy,Standard,No,11439847,5213596,3396842,20050285,214
CP02612,Delhi,2536,3697,3,8,8,Standard,Basic,Yes,5173370,3079995,1377621,9783718,238
CP02613,Delhi,2756,3873,3,7,7,Standard,Basic,No,5234461,3407886,1625313,10267659,221
CP02614,Kochi,4407,3302,1,6,7,Premium,Premium,Yes,4563044,2669404,997667,8420044,137
CP02615,Pune,1901,2944,2,6,6,Economy,Standard,No,3564857,1717542,1065551,6347950,175
CP02616,Chennai,4763,4588,2,8,8,Standard,Standard,No,4953888,2485259,1504355,8943502,194
CP02617,Hyderabad,3740,1831,1,3,2,Standard,Standard,Yes,2074970,1142720,609457,3910098,107
CP02618,Chennai,3836,3541,2,8,8,Standard,Standard,Yes,3907952,2030880,1181333,7352382,202
CP02619,Chennai,2952,4309,3,7,7,Standard,Premium,No,6885568,2637665,1368395,10891628,244
CP02620,Pune,2532,1324,1,2,2,Standard,Standard,Yes,1685701,913165,375968,3175277,125
CP02621,Hyderabad,3321,7866,3,8,7,Premium,Standard,Yes,9116362,6523069,2410943,18231609,293
CP02622,Bengaluru,964,1977,3,4,5,Standard,Basic,No,2234502,1495175,740454,4470131,185
CP02623,Delhi,2990,6480,3,8,8,Standard,Basic,Yes,9205092,5196593,2638377,17127027,261
CP02624,Mumbai,1546,2231,2,4,3,Standard,Standard,Yes,3830289,2198730,1154384,7351148,141
CP02625,Chennai,1977,3779,3,7,7,Standard,Premium,Yes,5354673,2510518,1186344,9222995,218
CP02626,Pune,2039,2973,2,5,5,Economy,Standard,Yes,3316515,1744414,1091942,6236246,168
CP02627,Pune,3780,4978,2,8,7,Standard,Basic,Yes,5440743,3383138,1600101,10643197,183
CP02628,Mumbai,940,526,1,1,1,Economy,Standard,Yes,930066,425559,224669,1756299,93
CP02629,Mumbai,3589,2319,1,4,4,Standard,Premium,No,5190459,2294305,1098996,8583760,115
CP02630,Kochi,982,1875,3,3,3,Standard,Standard,Yes,1994753,1039248,488736,3701163,187
CP02631,Hyderabad,2156,3183,2,5,5,Standard,Premium,Yes,4803069,2118387,974884,8137187,169
CP02632,Chennai,899,1426,2,2,2,Economy,Standard,Yes,1535233,700928,356099,2761783,128
CP02633,Chennai,738,438,1,1,2,Standard,Premium,No,646960,259536,131534,1038031,78
CP02634,Mumbai,958,1374,2,2,2,Standard,Premium,Yes,3121117,1263679,676683,5201774,138
CP02635,Delhi,2122,1028,1,2,2,Standard,Basic,No,1365109,848690,444489,2658288,110
CP02636,Kochi,4056,8783,3,8,8,Standard,Standard,Yes,8531615,4891675,2651739,16180133,271
CP02637,Bengaluru,2227,1291,1,3,3,Standard,Basic,Yes,1554194,800981,454002,2979670,114
CP02638,Chennai,1903,882,1,2,3,Economy,Standard,Yes,975087,450571,254334,1779164,107
CP02639,Pune,1734,2001,2,4,3,Standard,Standard,Yes,2429298,1288693,709976,4647021,159
CP02640,Delhi,2786,3698,2,7,7,Economy,Standard,Yes,5684943,2467493,1619599,9965709,183
CP02641,Mumbai,3770,3707,2,7,6,Economy,Standard,No,6842193,2921381,1772359,11535934,208
CP02642,Chennai,4435,6860,2,8,8,Premium,Standard,No,7589044,5657069,2044680,15290793,239
CP02643,Hyderabad,2751,5250,4,8,7,Standard,Basic,Yes,5795302,3014133,1592076,10575789,297
CP02644,Mumbai,1837,2849,2,5,5,Standard,Basic,Yes,4539136,2713066,1473666,8901919,178
CP02645,Pune,4335,3023,1,6,5,Standard,Standard,No,3266485,2109462,999865,6375811,141
CP02646,Hyderabad,3434,3883,2,8,8,Economy,Standard,Yes,4712137,2034388,1287988,8242896,185
CP02647,Kochi,4860,8554,3,8,8,Standard,Standard,Yes,9051658,5232302,2145705,16615971,265
CP02648,Mumbai,1598,2266,2,4,4,Premium,Standard,Yes,3907296,3094705,1097276,8323461,189
CP02649,Mumbai,3167,2091,1,3,2,Premium,Premium,Yes,4735080,2759261,1020895,8682508,160
CP02650,Chennai,1907,3919,3,8,8,Standard,Standard,Yes,4257834,2348561,1093335,7780847,223
CP02651,Hyderabad,1256,1472,2,3,4,Standard,Basic,Yes,1454155,927672,443061,2938114,159
CP02652,Kochi,3260,4047,2,8,8,Standard,Standard,Yes,4377510,2363298,1205489,8157887,219
CP02653,Mumbai,2811,2238,1,4,5,Standard,Standard,No,3868632,2363217,1113288,7345137,115
CP02654,Delhi,2509,1316,1,2,2,Economy,Standard,Yes,1956264,963156,562655,3697378,112
CP02655,Pune,4330,5163,2,8,7,Standard,Standard,Yes,7321468,3661184,1836935,12926048,224
CP02656,Hyderabad,2646,1460,1,3,2,Standard,Standard,Yes,1608525,866494,475753,3156290,128
CP02657,Delhi,3762,5400,2,8,7,Economy,Basic,No,7458119,3751450,2459265,13668833,221
CP02658,Chennai,1740,2496,2,4,3,Standard,Standard,Yes,2492949,1498844,708129,4838400,181
CP02659,Bengaluru,866,956,2,2,1,Standard,Standard,Yes,1270015,703952,334571,2471220,137
CP02660,Kochi,2445,4679,4,8,8,Standard,Standard,Yes,4834314,2428126,1341370,8692195,274
CP02661,Mumbai,2308,3143,3,6,7,Economy,Standard,Yes,5712438,2951668,1398909,10212239,234
CP02662,Bengaluru,4230,7609,3,8,8,Standard,Standard,Yes,9262211,5250132,2904851,17539101,227
CP02663,Mumbai,3811,2262,1,4,5,Standard,Standard,Yes,3723832,2299422,1056006,7209662,121
CP02664,Delhi,2893,2302,1,5,4,Economy,Basic,Yes,3095367,1642309,989532,5975064,122
CP02665,Chennai,4332,5323,2,8,8,Economy,Premium,No,8021555,2604013,1550140,12175709,209
CP02666,Chennai,4429,2390,1,4,5,Standard,Standard,Yes,2689697,1556846,766018,5114325,130
CP02667,Chennai,2110,6430,4,8,8,Economy,Standard,No,6615674,3247603,1899456,11762733,291
CP02668,Chennai,1075,668,1,1,1,Premium,Basic,Yes,597316,521466,197257,1404159,122
CP02669,Hyderabad,1576,2079,2,3,3,Standard,Basic,Yes,2133353,1334960,655731,4320848,152
CP02670,Hyderabad,1807,1747,2,3,2,Standard,Standard,No,2105952,1133412,553096,3792460,160
CP02671,Mumbai,2560,2990,2,5,5,Standard,Standard,No,5102735,2918456,1387969,9409160,164
CP02672,Hyderabad,1157,903,1,2,2,Standard,Standard,Yes,1087867,580731,271270,2066898,96
CP02673,Mumbai,1482,1945,2,3,3,Economy,Standard,Yes,3440586,1617332,903398,6168187,138
CP02674,Kochi,2794,3188,2,7,7,Standard,Standard,No,3565031,1929200,900114,6394345,188
CP02675,Hyderabad,3267,6556,3,8,8,Standard,Standard,Yes,7366607,4141969,2098796,13829674,230
CP02676,Hyderabad,2210,1698,1,3,3,Economy,Standard,Yes,1956480,879811,521830,3574694,129
CP02677,Hyderabad,4088,6694,3,8,8,Standard,Premium,Yes,9787626,4369554,1964629,16332764,260
CP02678,Kochi,3054,5742,3,8,8,Standard,Standard,Yes,6236890,2869635,1517825,10805185,234
CP02679,Pune,2546,3999,2,7,7,Standard,Standard,Yes,4953144,2718786,1247342,9168790,208
CP02680,Kochi,3408,5217,3,8,8,Standard,Basic,No,4573247,3197834,1516395,9287476,239
CP02681,Chennai,4425,3105,1,6,7,Premium,Standard,Yes,3510065,2610888,980500,7239375,166
CP02682,Kochi,4136,11002,4,8,8,Standard,Standard,No,10812320,5772980,2927901,19513201,314
CP02683,Pune,4402,6056,2,8,8,Standard,Standard,Yes,7060669,4285227,2049456,13526534,192
CP02684,Hyderabad,4777,5473,2,8,8,Premium,Standard,Yes,6509865,4526249,1762330,12907638,235
CP02685,Hyderabad,2570,2877,2,5,4,Economy,Premium,Yes,4103054,1555990,1006051,6792685,175
CP02686,Pune,4422,3048,1,6,6,Economy,Basic,No,3269959,1820263,1146070,6236292,166
CP02687,Delhi,3419,7185,4,8,8,Standard,Standard,Yes,11401001,5848948,3209911,20666907,273
CP02688,Mumbai,1502,896,1,2,1,Standard,Premium,Yes,2084096,866136,448250,3629337,86
CP02689,Chennai,964,994,2,2,2,Standard,Standard,No,1109002,557508,307728,1974237,133
CP02690,Kochi,4858,4400,2,7,8,Standard,Standard,No,4743627,2484646,1198970,8427243,191
CP02691,Mumbai,3719,11744,4,8,8,Economy,Premium,Yes,28275074,9024033,5250114,42679048,323
CP02692,Delhi,3158,1898,1,4,4,Standard,Standard,No,2777881,1632848,722625,5133354,140
CP02693,Chennai,2463,3887,2,8,8,Premium,Standard,No,4332694,2920159,1177113,8429966,242
CP02694,Bengaluru,715,713,2,1,1,Standard,Standard,Yes,936743,489764,234890,1905169,121
CP02695,Chennai,2984,5868,3,8,8,Economy,Standard,Yes,6653054,2907824,1844259,11631855,264
CP02696,Kochi,4535,2359,1,4,5,Standard,Basic,Yes,2204500,1296509,626959,4362062,124
CP02697,Mumbai,3090,2244,1,4,4,Standard,Standard,Yes,3915143,2272824,1093494,7521884,130
CP02698,Chennai,1542,1116,1,2,1,Standard,Standard,No,1268078,633640,319465,2221183,107
CP02699,Bengaluru,2324,3412,3,7,7,Standard,Premium,Yes,5659070,2290384,1079771,9126550,230
CP02700,Bengaluru,2934,2256,1,4,4,Standard,Standard,No,2978739,1571584,740334,5290658,135
CP02701,Hyderabad,3367,3489,2,7,6,Premium,Premium,No,5261757,3062719,1056354,9380830,230
CP02702,Kochi,1737,1154,1,2,1,Standard,Premium,Yes,1544284,598376,328475,2679867,111
CP02703,Bengaluru,3127,7457,3,8,7,Standard,Standard,No,8767706,5099418,2479357,16346481,249
CP02704,Pune,4717,14317,4,8,7,Standard,Standard,No,17163891,9806718,4461995,31432604,318
CP02705,Mumbai,4020,6309,2,8,7,Economy,Standard,Yes,10557107,5576423,2882670,19263330,222
CP02706,Pune,4506,5136,2,8,8,Premium,Basic,No,5183791,4583468,1315376,11082635,241
CP02707,Delhi,4237,2063,1,3,4,Standard,Standard,No,3067026,1611565,846729,5525320,126
CP02708,Pune,3553,1833,1,4,3,Economy,Standard,Yes,2280308,1027652,606118,4149966,116
CP02709,Mumbai,2967,3709,2,7,7,Standard,Standard,No,6464689,3474897,1735263,11674849,200
CP02710,Delhi,4821,7015,2,8,7,Standard,Standard,Yes,10880094,5992810,2981323,20017133,214
CP02711,Pune,876,880,2,2,1,Premium,Standard,Yes,1093490,856244,307218,2467342,161
CP02712,Pune,2599,7078,4,8,8,Premium,Standard,No,8552113,5936828,2484219,16973160,332
CP02713,Kochi,1827,2058,2,3,3,Economy,Standard,No,2091424,1051787,620934,3764145,163
CP02714,Delhi,4352,4956,2,8,8,Standard,Basic,No,6746443,4351022,2004657,13102122,209
CP02715,Pune,4335,5910,2,8,8,Standard,Standard,Yes,7372049,4028227,1841618,13333832,207
CP02716,Bengaluru,1295,1588,2,3,4,Economy,Premium,Yes,2608728,943555,529412,4285829,146
CP02717,Mumbai,1909,2803,2,5,6,Standard,Premium,Yes,5760593,2970003,1394130,10323482,172
CP02718,Mumbai,4752,4795,2,8,8,Standard,Standard,Yes,8319988,4900165,2344630,15699434,200
CP02719,Mumbai,3834,5570,2,8,8,Economy,Standard,Yes,10011685,4412421,2551343,17219047,213
CP02720,Pune,4714,6681,3,8,7,Standard,Premium,No,10586089,4420295,2347204,17353588,245
CP02721,Bengaluru,2911,6030,4,8,7,Standard,Basic,Yes,6584907,3934940,1941972,12585059,301
CP02722,Mumbai,3441,4677,2,8,8,Economy,Standard,Yes,7985862,4081212,2174583,14385982,181
CP02723,Chennai,4808,3602,1,6,6,Standard,Standard,Yes,3653364,2166302,1094156,7026090,140
CP02724,Mumbai,4159,4478,2,8,8,Standard,Standard,Yes,8054469,3885188,2256942,14403098,213
CP02725,Hyderabad,3998,4513,2,8,7,Economy,Standard,Yes,5342161,2119794,1520396,9205785,222
CP02726,Chennai,1141,727,1,1,1,Premium,Basic,Yes,715890,572437,222087,1712919,114
CP02727,Mumbai,3294,5178,3,8,8,Economy,Standard,Yes,8985578,4047276,2300937,15447194,240
CP02728,Pune,1688,4955,4,8,8,Economy,Basic,Yes,5162571,2718162,1739030,9849670,282
CP02729,Mumbai,3963,11425,4,8,8,Economy,Standard,Yes,20375335,9226337,5141249,34920868,318
CP02730,Bengaluru,624,312,1,1,1,Standard,Standard,Yes,368755,229234,104543,930624,91
CP02731,Bengaluru,2172,3990,3,7,8,Standard,Standard,Yes,5204187,2949229,1295194,9551527,237
CP02732,Mumbai,3558,7697,3,8,7,Standard,Basic,Yes,12474502,8214076,3674432,24497081,260
CP02733,Kochi,4836,5494,2,8,8,Standard,Standard,No,6009503,3399072,1469900,10878474,213
CP02734,Pune,2367,3179,2,5,5,Premium,Standard,Yes,3854337,2921652,1078794,8078781,221
CP02735,Pune,2835,3976,3,8,7,Economy,Standard,No,4710894,2074211,1344767,8129872,234
CP02736,Pune,800,1060,2,2,3,Standard,Standard,No,1304773,727657,365621,2398050,133
CP02737,Mumbai,3798,3824,2,6,6,Economy,Standard,Yes,6940470,2874227,1866921,11862734,180
CP02738,Mumbai,856,1268,2,2,3,Economy,Basic,Yes,1915503,1051847,616802,3716777,130
CP02739,Hyderabad,4347,4993,2,8,7,Standard,Basic,No,5175850,2911526,1480271,9567647,205
CP02740,Bengaluru,2841,1558,1,3,3,Economy,Standard,Yes,1991790,1002510,515643,3706976,105
CP02741,Kochi,3775,8429,3,8,8,Standard,Standard,Yes,8977883,4896821,2387653,16443279,266
CP02742,Chennai,4206,3933,2,8,8,Premium,Standard,Yes,4265334,3152913,1178657,8772392,236
CP02743,Chennai,3936,4635,2,8,8,Economy,Standard,Yes,5227190,2310520,1362644,9066424,207
CP02744,Bengaluru,1013,587,1,1,1,Standard,Standard,No,714035,404315,209278,1327628,96
CP02745,Delhi,2614,2873,2,5,5,Standard,Premium,No,6216037,2325582,1374394,9916012,180
CP02746,Hyderabad,1981,1523,1,3,4,Standard,Standard,Yes,1715132,943749,491398,3319832,100
CP02747,Bengaluru,1698,1210,1,2,3,Standard,Standard,Yes,1555616,751236,400655,2891997,105
CP02748,Hyderabad,4026,3803,2,7,8,Standard,Premium,Yes,5584000,2285575,1254111,9359247,211
CP02749,Delhi,4255,5958,2,8,8,Economy,Standard,No,9211282,4006789,2408754,15626826,205
CP02750,Hyderabad,1509,1915,2,3,2,Premium,Standard,Yes,2116341,1671134,616041,4544276,209
CP02751,Pune,787,602,1,1,1,Standard,Basic,No,683783,397985,204313,1286081,87
CP02752,Bengaluru,4644,5196,2,8,8,Premium,Premium,Yes,8265445,5049796,1817469,15223484,240
CP02753,Chennai,4356,2835,1,5,6,Premium,Standard,No,3128678,2248026,820208,6196912,169
CP02754,Mumbai,2615,6540,4,8,8,Economy,Standard,Yes,11480989,5366817,3153306,20112332,268
CP02755,Delhi,2692,3345,2,6,5,Standard,Standard,No,5006721,2524128,1362516,8893365,171
CP02756,Delhi,4244,5174,2,8,7,Economy,Standard,Yes,7156765,3862494,2106927,13326751,215
CP02757,Mumbai,2730,2849,2,5,6,Premium,Premium,No,6794741,3926140,1232142,11953023,198
CP02758,Bengaluru,957,683,1,1,1,Premium,Standard,Yes,868985,656920,233896,1920627,111
CP02759,Kochi,3022,7349,4,8,8,Standard,Standard,Yes,7145104,4004505,2366538,13598847,304
CP02760,Mumbai,4857,7630,2,8,7,Economy,Standard,Yes,12401073,6398512,3112481,22078083,225
CP02761,Hyderabad,2097,2270,2,5,4,Economy,Premium,Yes,3364497,1226251,619626,5399661,165
CP02762,Mumbai,2758,3800,2,6,7,Premium,Premium,Yes,8665720,4442100,1830291,15026459,241
CP02763,Hyderabad,3155,2458,1,4,4,Premium,Standard,Yes,2814579,2220266,809137,5930708,143
CP02764,Hyderabad,2942,6021,3,8,8,Economy,Premium,Yes,9562690,3052163,1743568,14500746,235
CP02765,Chennai,3551,5361,2,8,8,Economy,Basic,Yes,4952948,2812729,1629157,9490899,204
CP02766,Mumbai,1838,2718,2,5,4,Standard,Premium,Yes,6271592,2612987,1291997,10330193,173
CP02767,Kochi,1573,906,1,1,1,Economy,Standard,Yes,971221,468534,248877,1828197,98
CP02768,Chennai,4565,3013,1,6,7,Premium,Premium,Yes,4416213,2335138,924581,7918631,166
CP02769,Kochi,1650,2498,3,4,4,Standard,Standard,Yes,2703743,1387864,668894,4965102,179
CP02770,Mumbai,4301,5483,2,8,8,Standard,Standard,Yes,9695206,5445066,2792562,18025619,216
CP02771,Kochi,3380,1793,1,3,2,Standard,Standard,Yes,1892132,991480,452354,3439317,108
CP02772,Hyderabad,2188,1554,1,3,4,Standard,Basic,No,1594070,1048686,487090,3129846,112
CP02773,Kochi,4478,5685,2,8,8,Standard,Standard,Yes,5582086,3117761,1630670,10514566,211
CP02774,Mumbai,2968,3525,2,8,8,Standard,Standard,Yes,6285593,3483540,1675108,11527276,210
CP02775,Delhi,1036,1127,2,2,1,Standard,Basic,Yes,1536865,946487,458776,3129362,131
CP02776,Delhi,3428,5481,2,8,7,Standard,Premium,No,10646408,4452741,2388882,17488031,228
CP02777,Chennai,2156,1024,1,2,2,Standard,Premium,Yes,1486138,654873,299674,2621969,99
CP02778,Pune,4458,4148,2,8,8,Economy,Premium,No,6645242,2204510,1244184,10093936,185
CP02779,Delhi,1904,4006,4,7,8,Economy,Standard,Yes,5995091,2936282,1613534,10638322,251
CP02780,Kochi,2984,2356,1,5,6,Standard,Standard,Yes,2486641,1175263,675312,4477543,120
CP02781,Chennai,782,1239,2,2,1,Standard,Standard,Yes,1358472,755399,359485,2614481,129
CP02782,Kochi,2189,2973,2,6,5,Standard,Basic,Yes,2817345,1798175,830794,5629114,182
CP02783,Pune,2187,3315,2,6,6,Premium,Premium,Yes,5475964,2931689,1144698,9666262,223
CP02784,Bengaluru,1259,1321,2,3,4,Standard,Premium,Yes,2210838,921164,439422,3739556,119
CP02785,Chennai,759,1799,3,4,5,Standard,Standard,No,2007947,1171471,536621,3716038,202
CP02786,Delhi,4553,4552,2,8,8,Economy,Premium,Yes,8790423,3421960,1889419,14335917,221
CP02787,Delhi,1611,1563,2,2,1,Premium,Standard,Yes,2335353,1575176,698781,4852531,194
CP02788,Mumbai,652,638,2,1,1,Standard,Standard,No,1144509,595806,307135,2047449,131
CP02789,Pune,2907,1891,1,4,4,Economy,Premium,No,2785641,1045647,654030,4485317,101
CP02790,Delhi,1828,1322,1,2,2,Standard,Standard,Yes,2006857,1127823,531262,3805666,87
CP02791,Mumbai,1635,2836,3,5,6,Standard,Standard,No,4838973,2713874,1504461,9057308,216
CP02792,Pune,4302,3408,1,5,4,Premium,Standard,Yes,4100224,2957022,1180690,8380647,170
CP02793,Chennai,4645,5593,2,8,8,Premium,Standard,Yes,6099231,4396890,1844816,12438506,232
CP02794,Chennai,1864,1873,2,4,3,Standard,Standard,Yes,2071061,1042932,568623,3801506,139
CP02795,Mumbai,2484,3045,2,5,5,Standard,Standard,Yes,5458912,2775737,1408473,9878237,158
CP02796,Chennai,2409,3313,2,6,6,Economy,Standard,Yes,3785204,1760648,980309,6773379,187
CP02797,Mumbai,3767,5584,2,8,7,Standard,Standard,Yes,10237385,5079681,2714033,18229757,215
CP02798,Hyderabad,4397,2684,1,6,6,Standard,Standard,Yes,3070617,1623092,855427,5744568,154
CP02799,Kochi,2941,3868,2,8,8,Standard,Premium,Yes,5130476,2044034,1075320,8386127,216
CP02800,Pune,4014,4363,2,7,6,Standard,Basic,No,4601590,2934887,1438579,8975056,184
CP02801,Mumbai,1417,1915,2,4,5,Premium,Basic,Yes,2994242,2600983,933242,6652372,198
CP02802,Pune,3037,4829,2,8,7,Economy,Basic,Yes,5050989,2866598,1515698,9661311,196
CP02803,Hyderabad,1488,1390,2,2,2,Economy,Premium,No,2126293,729858,428174,3284325,137
CP02804,Pune,1267,963,1,2,1,Standard,Standard,No,1212933,633527,343295,2189755,92
CP02805,Mumbai,3224,2085,1,5,5,Premium,Premium,No,4479553,2706047,1072879,8258478,170
CP02806,Kochi,4832,2600,1,6,7,Premium,Standard,Yes,2718031,1958830,705704,5478837,165
CP02807,Kochi,1418,3336,3,6,5,Standard,Standard,Yes,3703090,1932877,1058792,6940568,224
CP02808,Chennai,2788,1726,1,3,3,Premium,Standard,Yes,1786081,1477153,493057,3978640,149
CP02809,Kochi,1706,965,1,2,2,Standard,Basic,Yes,961211,577435,281742,1935504,115
CP02810,Kochi,2824,2900,2,5,6,Economy,Standard,Yes,2926274,1393270,892390,5297909,178
CP02811,Pune,797,426,1,1,1,Standard,Standard,Yes,502941,273645,133856,1079832,112
CP02812,Pune,3271,4850,2,8,8,Economy,Standard,No,6013467,2564090,1492198,10069755,198
CP02813,Delhi,4092,2721,1,5,6,Standard,Standard,Yes,4275417,2087109,1176457,7654923,144
CP02814,Delhi,3048,2345,1,4,4,Standard,Basic,Yes,3236466,2023437,980679,6364053,129
CP02815,Hyderabad,1070,1136,2,2,3,Standard,Basic,Yes,1144811,715651,350392,2431020,128
CP02816,Bengaluru,2548,2509,2,5,4,Standard,Standard,No,3015963,1731941,795214,5543118,180
CP02817,Kochi,4499,6102,3,8,7,Economy,Standard,Yes,6357041,3318010,1876509,11771812,258
CP02818,Chennai,2610,3276,2,7,7,Standard,Basic,Yes,3215699,2121597,997639,6540414,181
CP02819,Kochi,4400,7034,2,8,8,Economy,Standard,No,7117585,3415315,2087396,12620297,198
CP02820,Mumbai,4718,6541,2,8,7,Standard,Basic,No,10255039,6344876,3359156,19959071,214
CP02821,Hyderabad,4396,2452,1,5,5,Standard,Standard,No,2860482,1459089,691851,5011422,125
CP02822,Mumbai,4588,6945,2,8,8,Premium,Standard,No,12746289,9291261,3369402,25406952,249
CP02823,Mumbai,834,1206,2,3,4,Premium,Premium,Yes,2780858,1580874,526226,5123764,175
CP02824,Pune,1528,1391,2,2,1,Standard,Premium,No,2172673,877544,479706,3529924,160
CP02825,Hyderabad,4207,6191,2,8,8,Standard,Standard,Yes,6915081,3949003,2107723,13058305,204
CP02826,Hyderabad,1122,1868,3,4,4,Standard,Basic,Yes,1883962,1238170,585266,3955536,199
CP02827,Delhi,4123,8285,4,8,7,Economy,Basic,Yes,11582428,6527055,3465281,21665553,278
CP02828,Chennai,2229,2359,2,4,4,Standard,Premium,Yes,3409903,1308344,732088,5534091,148
CP02829,Bengaluru,1916,2352,2,4,5,Standard,Standard,Yes,2948830,1530011,834608,5478468,154
CP02830,Mumbai,3457,2069,1,4,4,Premium,Basic,Yes,3395944,2668043,979945,7156630,143
CP02831,Kochi,1724,1900,2,4,5,Standard,Basic,Yes,1791156,1095470,564482,3630452,162
CP02832,Chennai,3187,3252,2,7,7,Economy,Standard,Yes,3507604,1797924,961806,6415931,188
CP02833,Kochi,1623,2326,2,5,5,Premium,Standard,Yes,2366982,1899790,675093,5096625,207
CP02834,Delhi,1978,4726,3,8,8,Standard,Premium,Yes,9188151,3558227,1835571,14761127,227
CP02835,Chennai,3974,5740,2,8,7,Premium,Standard,Yes,6435236,4551108,1840955,13029681,243
CP02836,Mumbai,2119,2346,2,4,5,Standard,Standard,Yes,4026340,2081138,1067147,7362463,151
CP02837,Pune,826,884,2,2,2,Standard,Standard,Yes,1074242,545366,297264,2113479,151
CP02838,Pune,1491,2353,3,4,4,Economy,Standard,Yes,2750500,1358556,723989,4917180,182
CP02839,Mumbai,4672,4651,2,8,8,Economy,Standard,Yes,8131070,3821793,2173090,14326234,183
CP02840,Delhi,2857,3673,2,6,5,Economy,Standard,No,5644080,2840163,1494880,9979124,176
CP02841,Delhi,3388,4484,2,8,8,Standard,Standard,Yes,7558370,3501425,1942292,13236804,190
CP02842,Hyderabad,996,2082,3,3,3,Standard,Standard,Yes,2278982,1309998,713994,4431084,187
CP02843,Bengaluru,2678,1842,1,4,4,Premium,Premium,Yes,3127152,1669427,606373,5573121,159
CP02844,Kochi,3837,6357,3,8,7,Premium,Basic,No,5794956,5276615,1712571,12784142,288
CP02845,Pune,4493,5082,2,8,8,Standard,Standard,Yes,6481214,3203537,1781686,11651234,181
CP02846,Bengaluru,2605,3587,2,7,7,Economy,Standard,Yes,4410861,2126533,1184529,7936605,199
CP02847,Chennai,2616,2994,2,7,8,Standard,Standard,No,3429910,1671437,1023262,6124609,190
CP02848,Kochi,3771,3955,2,8,8,Standard,Basic,Yes,3752670,2417537,1055454,7404938,209
CP02849,Kochi,3268,1898,1,3,3,Economy,Standard,Yes,1877784,1004052,564492,3692629,125
CP02850,Kochi,2478,4053,3,7,7,Premium,Basic,Yes,3842147,3010056,1048605,8040236,251
CP02851,Chennai,1796,1727,2,4,4,Premium,Basic,No,1744991,1341704,486486,3573180,175
CP02852,Mumbai,2372,3513,2,6,5,Standard,Standard,No,6328214,3416967,1587107,11332288,186
CP02853,Mumbai,761,569,1,1,2,Standard,Standard,Yes,991949,523905,263325,1935860,102
CP02854,Mumbai,4576,4822,2,8,8,Economy,Premium,Yes,12177770,4160317,2429572,18906875,190
CP02855,Kochi,2351,2222,2,5,6,Standard,Standard,Yes,2502742,1295433,631796,4671324,168
CP02856,Delhi,1375,1948,2,3,3,Economy,Standard,Yes,3040495,1478989,874206,5620812,143
CP02857,Pune,1539,1612,2,3,3,Economy,Standard,Yes,1847834,855458,557715,3343221,141
CP02858,Bengaluru,3820,4490,2,8,8,Standard,Standard,Yes,5452591,2884991,1456887,10009375,199
CP02859,Chennai,1139,2152,4,4,4,Standard,Basic,Yes,2107559,1314788,641456,4221462,236
CP02860,Bengaluru,2061,2181,2,4,3,Standard,Standard,No,2748369,1632031,807691,5188091,166
CP02861,Pune,955,2084,3,3,3,Standard,Standard,Yes,2438313,1311086,652466,4568612,174
CP02862,Kochi,4204,3075,1,5,6,Standard,Standard,Yes,3143486,1793156,906566,5924895,120
CP02863,Bengaluru,3923,4099,2,8,8,Standard,Premium,No,6204547,2734611,1352632,10291791,214
CP02864,Kochi,834,946,2,1,1,Premium,Premium,Yes,1174038,766479,254200,2421454,167
CP02865,Bengaluru,2148,2135,2,5,5,Premium,Premium,No,3512940,1900833,723403,6137175,211
CP02866,Delhi,2696,3849,3,8,7,Standard,Premium,Yes,8196517,3277622,1509008,13228192,241
CP02867,Mumbai,4813,3837,1,7,6,Standard,Standard,No,6334131,3889916,1979100,12203147,173
CP02868,Delhi,2701,1835,1,3,4,Standard,Standard,No,2801781,1437794,640036,4879611,86
CP02869,Delhi,2273,4362,3,8,8,Economy,Standard,Yes,6712512,3208254,1889225,12023214,236
CP02870,Kochi,2700,1938,1,4,4,Economy,Premium,Yes,2672028,922174,569413,4335384,114
CP02871,Bengaluru,4257,6334,2,8,8,Premium,Standard,Yes,7848935,6150102,2125303,16232664,268
CP02872,Bengaluru,4196,6145,2,8,7,Premium,Standard,Yes,7431340,5829668,1865470,15219047,228
CP02873,Delhi,4348,5945,3,8,7,Standard,Basic,Yes,8452612,4889512,2565065,16105313,230
CP02874,Bengaluru,3773,1944,1,3,3,Standard,Standard,Yes,2266941,1335072,652688,4377622,107
CP02875,Delhi,2415,1640,1,4,5,Economy,Standard,No,2564170,1063382,663030,4290582,114
CP02876,Hyderabad,4441,5165,2,8,8,Standard,Standard,No,5773741,3395497,1743235,10912473,203
CP02877,Delhi,2605,8272,4,8,7,Standard,Premium,No,16722074,7608521,3780172,28110767,305
CP02878,Chennai,1274,1740,2,3,2,Standard,Basic,Yes,1802564,1015630,506063,3501129,166
CP02879,Chennai,986,1547,2,3,4,Premium,Premium,Yes,2151477,1250699,442530,3959966,189
CP02880,Bengaluru,2758,2871,2,6,6,Economy,Basic,No,3220496,1816227,826810,5863533,208
CP02881,Delhi,3261,9814,4,8,7,Standard,Premium,Yes,19317081,7504125,3726338,30745193,318
CP02882,Delhi,2664,4495,3,8,7,Standard,Standard,Yes,7553191,3870885,1799044,13426066,231
CP02883,Mumbai,4451,14178,4,8,7,Premium,Standard,Yes,24825541,19912381,7244560,52226769,356
CP02884,Kochi,3853,1946,1,4,4,Premium,Basic,Yes,1817485,1450290,569647,4054926,162
CP02885,Mumbai,4866,3069,1,5,6,Standard,Standard,Yes,5382753,2866399,1566638,9983018,123
CP02886,Mumbai,1339,1948,2,3,4,Premium,Premium,Yes,4698219,2692301,973991,8543427,176
CP02887,Delhi,2001,3610,3,6,7,Standard,Basic,Yes,4875779,2866948,1516270,9394697,225
CP02888,Delhi,3859,4737,2,8,7,Economy,Basic,Yes,6773826,3527982,2000891,12454740,228
CP02889,Chennai,2877,2287,1,4,5,Standard,Standard,No,2439323,1397963,708245,4545531,125
CP02890,Pune,4504,8091,3,8,8,Standard,Basic,Yes,8519142,5643199,2634275,16979593,261
CP02891,Bengaluru,4523,2991,1,5,6,Standard,Basic,Yes,3455763,2050634,1051531,6665683,142
CP02892,Chennai,4814,4516,2,8,8,Premium,Standard,Yes,5208872,3938853,1384211,10634464,213
CP02893,Mumbai,3827,5700,2,8,8,Standard,Standard,Yes,9878178,5366676,2775932,18198108,206
CP02894,Chennai,3431,4644,2,8,7,Standard,Standard,Yes,5028633,2581106,1345791,9048969,194
CP02895,Chennai,4358,7732,3,8,8,Standard,Premium,Yes,11337704,4281770,2505883,18233964,266
CP02896,Chennai,3112,2836,2,6,5,Economy,Standard,Yes,3118271,1367412,918424,5526883,173
CP02897,Mumbai,2751,3615,2,6,5,Standard,Basic,Yes,5881912,3587751,1603645,11296756,197
CP02898,Pune,4275,3885,2,7,6,Economy,Standard,Yes,4395226,2097637,1126681,7775184,197
CP02899,Hyderabad,3345,3013,2,5,4,Standard,Standard,No,3335338,1896397,923959,6155694,169
CP02900,Bengaluru,4466,5945,2,8,7,Standard,Standard,Yes,7501887,4120681,1952532,13673109,205
CP02901,Bengaluru,4364,4505,2,8,7,Standard,Standard,Yes,5801819,2988041,1400692,10379812,195
CP02902,Kochi,2822,1459,1,3,3,Economy,Premium,No,1971756,712410,406428,3090595,131
CP02903,Chennai,3392,2301,1,4,4,Standard,Standard,Yes,2539184,1445554,749406,4907808,100
CP02904,Pune,2297,1076,1,2,2,Standard,Basic,Yes,1200194,711429,364821,2482740,100
CP02905,Mumbai,4062,4546,2,7,6,Economy,Standard,Yes,7601973,3879889,2289318,13979553,197
CP02906,Hyderabad,4663,7026,3,8,8,Standard,Standard,Yes,8311859,4342905,2388833,15127068,225
CP02907,Hyderabad,2124,4161,3,7,7,Standard,Premium,Yes,6510301,2656238,1371370,10779618,244
CP02908,Chennai,632,1292,3,3,4,Standard,Premium,Yes,1822223,778965,383757,3143510,183
CP02909,Chennai,4625,6497,2,8,7,Premium,Standard,Yes,6900529,5545113,2085724,14618624,253
CP02910,Mumbai,3166,3415,2,5,4,Standard,Standard,No,6224077,3348009,1560625,11132710,182
CP02911,Kochi,3403,3275,2,6,6,Standard,Standard,Yes,3657769,1806826,848291,6465329,192
CP02912,Mumbai,4496,2147,1,4,4,Economy,Standard,Yes,3801057,1794687,1117076,6847650,133
CP02913,Delhi,4309,2581,1,4,4,Premium,Standard,Yes,3834367,2786909,1184036,7986611,166
CP02914,Mumbai,1319,2060,2,4,3,Economy,Standard,Yes,3624752,1714907,964566,6395122,163
CP02915,Chennai,1572,3308,4,5,6,Economy,Standard,Yes,3517446,1684499,960582,6351280,255
CP02916,Pune,4318,2331,1,4,3,Economy,Standard,No,2901301,1317495,795004,5013800,157
CP02917,Chennai,2807,1362,1,2,2,Standard,Standard,Yes,1495167,815564,381723,2831963,93
CP02918,Kochi,4920,9770,3,8,8,Standard,Standard,No,9830683,5399356,2744319,17974358,274
CP02919,Chennai,3630,4994,2,8,8,Premium,Standard,Yes,5537221,3896927,1519286,11123033,246
CP02920,Hyderabad,4175,8454,3,8,8,Standard,Standard,Yes,9508397,5613787,2552567,17799312,242
CP02921,Mumbai,3716,8376,3,8,7,Standard,Standard,Yes,13966308,8797687,4285680,27266475,283
CP02922,Bengaluru,3885,9638,4,8,7,Standard,Standard,Yes,12562357,6740264,3376424,22783655,310
CP02923,Mumbai,1243,1235,2,3,2,Standard,Basic,Yes,1979608,1187484,587953,3964175,149
CP02924,Delhi,794,875,2,2,2,Premium,Basic,Yes,1189992,931329,389167,2751593,161
CP02925,Pune,4596,6267,2,8,8,Standard,Standard,Yes,7968919,3772376,2086912,13988967,223
CP02926,Pune,1088,1446,2,2,3,Standard,Basic,Yes,1527659,877636,456705,3111504,125
CP02927,Mumbai,2804,3565,2,7,6,Standard,Standard,No,6165305,3513204,1841046,11519555,211
CP02928,Mumbai,3257,2244,1,4,4,Standard,Standard,Yes,4008689,1963005,1075451,7245423,137
CP02929,Chennai,3876,5217,2,8,8,Economy,Basic,Yes,5345860,2748255,1253011,9507907,206
CP02930,Bengaluru,1702,2581,2,4,4,Standard,Premium,Yes,4310833,1683180,905434,7108658,178
CP02931,Kochi,1841,3618,3,6,6,Standard,Standard,Yes,3695521,2078718,912396,6826528,197
CP02932,Chennai,1115,2416,3,4,3,Premium,Standard,No,2632369,1917072,815623,5365063,213
CP02933,Hyderabad,992,1065,2,2,2,Standard,Standard,Yes,1198324,635368,342768,2367320,137
CP02934,Hyderabad,1230,845,1,2,2,Premium,Basic,No,866701,668924,271961,1807586,131
CP02935,Pune,4316,9915,3,8,8,Standard,Standard,No,11874003,5980091,3419666,21273760,274
CP02936,Pune,2447,2863,2,5,6,Standard,Premium,Yes,4578489,1787349,843719,7294724,173
CP02937,Bengaluru,3255,7057,3,8,8,Standard,Basic,Yes,7812641,5410783,2492766,15910984,268
CP02938,Pune,1579,3333,3,6,6,Premium,Standard,No,4186958,3163336,1032910,8383204,229
CP02939,Delhi,4002,1884,1,3,4,Standard,Premium,No,3768000,1596951,771916,6136866,91
CP02940,Hyderabad,4471,8765,3,8,8,Standard,Standard,Yes,9777791,5420788,2833190,18148153,245
CP02941,Bengaluru,877,434,1,1,2,Economy,Standard,No,557544,247075,144751,949370,74
CP02942,Hyderabad,832,1312,2,2,2,Standard,Standard,No,1508078,831095,365661,2704834,138
CP02943,Mumbai,2152,3159,2,5,6,Premium,Premium,Yes,7094777,3977216,1559929,12731025,200
CP02944,Mumbai,3870,1890,1,3,2,Standard,Standard,No,3514876,1762004,946113,6222993,118
CP02945,Bengaluru,3009,4446,3,8,8,Premium,Premium,Yes,7220010,4242230,1432172,13087175,273
CP02946,Chennai,4112,2705,1,5,5,Premium,Standard,Yes,2921455,2080468,773156,5944479,168
CP02947,Delhi,625,356,1,1,2,Economy,Premium,Yes,740100,222659,147748,1208111,71
CP02948,Kochi,1060,979,2,2,2,Standard,Premium,Yes,1356777,541709,311182,2409507,134
CP02949,Delhi,4364,8373,3,8,8,Standard,Standard,No,13283535,7543929,3881959,24709423,254
CP02950,Kochi,4031,7083,3,8,8,Economy,Standard,Yes,7235024,3152322,2150584,12743134,268
CP02951,Pune,4083,5945,3,8,8,Standard,Standard,Yes,7256729,3680748,2206185,13241328,251
CP02952,Kochi,2594,3790,2,7,8,Standard,Standard,No,3740916,2091542,1149971,6982430,214
CP02953,Bengaluru,1090,1679,2,3,2,Standard,Premium,Yes,2549012,1065952,588729,4348399,136
CP02954,Delhi,1672,1195,1,3,2,Economy,Basic,Yes,1617121,917374,468591,3251315,107
CP02955,Kochi,3773,2783,1,5,5,Premium,Standard,Yes,2913722,2151992,710840,5979212,176
CP02956,Pune,815,857,2,2,3,Standard,Standard,Yes,1136528,515322,274504,2039665,130
CP02957,Hyderabad,2323,2519,2,5,6,Standard,Standard,No,3054891,1576813,802583,5434287,173
CP02958,Kochi,2192,2292,2,4,3,Standard,Standard,Yes,2290377,1303879,743474,4576083,152
CP02959,Chennai,3206,6903,3,8,8,Economy,Basic,Yes,7073322,3478054,2042823,12783386,266
CP02960,Pune,758,1185,2,2,2,Standard,Standard,Yes,1356678,775627,394635,2721471,121
CP02961,Mumbai,3913,2742,1,5,5,Standard,Premium,Yes,6658408,2615307,1343409,10730536,158
CP02962,Kochi,3441,2610,1,5,4,Standard,Premium,Yes,3474017,1510747,753034,5954192,144
CP02963,Mumbai,2376,4801,3,8,8,Standard,Standard,Yes,8255562,4695010,2550290,15735151,247
CP02964,Hyderabad,2652,4659,3,8,8,Standard,Standard,Yes,5600742,2715471,1584512,10037553,245
CP02965,Bengaluru,2895,5202,3,8,7,Standard,Premium,Yes,8363366,3600180,1795250,13841028,234
CP02966,Pune,2296,1093,1,2,3,Standard,Standard,Yes,1415015,727924,347181,2710977,111
CP02967,Kochi,3593,6625,4,8,8,Standard,Standard,Yes,6765243,3661023,1824365,12360689,280
CP02968,Kochi,3069,2128,1,4,4,Standard,Basic,Yes,2072432,1316425,607674,4189255,99
CP02969,Hyderabad,2546,1536,1,3,2,Standard,Standard,No,1782309,963657,463205,3209171,114
CP02970,Kochi,4409,11344,4,8,8,Standard,Standard,Yes,12176352,6629014,3408682,22320677,303
CP02971,Mumbai,3383,4365,2,7,6,Standard,Standard,Yes,7372733,4096323,2010252,13608864,197
CP02972,Kochi,4244,4643,2,8,8,Economy,Standard,No,4496104,2215324,1446748,8158176,205
CP02973,Kochi,3100,1911,1,3,2,Economy,Standard,No,1922009,941738,567188,3430935,98
CP02974,Mumbai,4245,5219,2,8,7,Standard,Premium,Yes,11748157,4663395,2308764,18879295,227
CP02975,Mumbai,3245,5704,3,8,8,Economy,Standard,Yes,9958757,4827843,2979851,17868872,238
CP02976,Chennai,2949,4348,2,8,8,Standard,Standard,Yes,4690194,2448207,1200858,8555025,216
CP02977,Chennai,2532,3078,2,6,6,Standard,Premium,No,4025371,1928177,1012378,6965927,171
CP02978,Mumbai,3894,2575,1,6,5,Standard,Premium,Yes,5741076,2438829,1291196,9592169,142
CP02979,Delhi,2357,3598,2,7,8,Premium,Premium,No,7214593,4500532,1714438,13429562,224
CP02980,Bengaluru,1716,2584,2,5,5,Standard,Standard,Yes,3236942,1870583,755777,6097513,145
CP02981,Chennai,3167,2412,1,4,5,Standard,Standard,Yes,2613471,1518685,729763,4988451,118
CP02982,Pune,4099,4463,2,8,8,Standard,Standard,No,5300847,2966923,1470510,9738280,207
CP02983,Chennai,1092,504,1,1,1,Premium,Standard,No,555651,428847,145586,1130084,121
CP02984,Pune,3906,6343,3,8,8,Standard,Standard,No,7353534,4345477,2217466,13916478,250
CP02985,Chennai,1219,1334,2,3,3,Premium,Standard,No,1453003,975901,392499,2821403,187
CP02986,Mumbai,3832,2944,1,5,4,Premium,Standard,No,5096970,3649287,1535286,10281543,157
CP02987,Kochi,4423,5990,2,8,8,Standard,Premium,Yes,7730916,3255484,1611855,12734042,213
CP02988,Pune,2980,2852,2,5,5,Standard,Standard,Yes,3425867,1809120,832919,6157390,154
CP02989,Kochi,2146,3202,3,6,6,Premium,Standard,Yes,3080259,2432294,871729,6556955,240
CP02990,Kochi,4163,8400,4,8,8,Standard,Standard,Yes,8539614,4911659,2476370,16121161,310
CP02991,Bengaluru,2205,2957,2,6,6,Standard,Basic,Yes,3411907,2160182,1081489,6775196,179
CP02992,Chennai,4352,9235,3,8,8,Standard,Premium,Yes,13423636,5708880,2611518,21833590,259
CP02993,Chennai,2490,3739,2,7,7,Standard,Standard,Yes,4115069,2382589,1156755,7802301,182
CP02994,Mumbai,1875,1461,1,2,2,Economy,Standard,Yes,2594481,1129210,716067,4666993,87
CP02995,Pune,3343,3480,2,5,4,Standard,Standard,No,4315204,2238953,1162685,7716842,186
CP02996,Delhi,3093,3454,2,6,6,Standard,Standard,Yes,5341423,2863590,1602831,9952319,207
CP02997,Mumbai,956,1021,2,2,2,Premium,Standard,Yes,1881527,1279061,481650,3762399,161
CP02998,Kochi,1469,2536,3,4,4,Standard,Basic,Yes,2182704,1364384,682088,4314080,174
CP02999,Pune,1485,2287,2,4,5,Premium,Standard,Yes,2858567,2077469,758142,5837850,208
CP03000,Chennai,2601,5082,3,8,8,Standard,Standard,Yes,5103936,2941989,1509738,9671911,231
CP03001,Chennai,1883,4001,3,6,6,Standard,Standard,Yes,4290779,2497442,1265396,8224027,224
CP03002,Chennai,1219,1515,2,3,3,Standard,Standard,Yes,1715192,853441,454711,3264367,153
CP03003,Chennai,1482,1363,2,2,1,Standard,Standard,No,1536490,853114,415112,2804716,152
CP03004,Hyderabad,1396,1319,2,2,2,Premium,Basic,No,1317905,1133862,408341,2860108,165
CP03005,Chennai,4242,10830,4,8,8,Standard,Standard,Yes,11890126,6567895,2803443,21346229,314
CP03006,Chennai,4025,5647,2,8,8,Premium,Standard,Yes,6063793,4629845,1712610,12565483,236
CP03007,Delhi,1896,996,1,2,1,Standard,Basic,Yes,1427248,833241,447964,2883011,77
CP03008,Delhi,844,1186,2,3,3,Economy,Standard,No,1820790,844104,515570,3180464,140
CP03009,Pune,3495,5128,2,8,8,Economy,Standard,Yes,6044004,2837949,1538441,10549031,211
CP03010,Kochi,1529,908,1,2,2,Standard,Standard,Yes,963350,525298,253524,1889064,89
CP03011,Chennai,1119,795,1,1,2,Standard,Standard,Yes,894756,490158,234933,1850246,93
CP03012,Chennai,3812,4508,2,8,8,Standard,Premium,Yes,6396113,2643602,1397371,10686470,207
CP03013,Pune,3009,4136,2,7,6,Standard,Standard,Yes,5135348,2919238,1376673,9537730,210
CP03014,Kochi,607,870,2,2,2,Standard,Standard,Yes,965940,486821,203148,1901567,124
CP03015,Chennai,3125,4982,2,8,8,Standard,Premium,No,6531382,2884235,1402309,10817926,209
CP03016,Chennai,4023,2296,1,4,4,Standard,Standard,Yes,2647439,1367173,673778,4793602,111
CP03017,Mumbai,2619,3110,2,5,6,Premium,Standard,Yes,5787141,3876233,1434543,11280538,176
CP03018,Hyderabad,4882,4959,2,8,8,Standard,Standard,No,5830544,3197008,1543074,10570626,200
CP03019,Pune,4267,2224,1,4,5,Economy,Basic,No,2391661,1238848,712994,4343503,117
CP03020,Mumbai,4271,5916,2,8,8,Standard,Standard,Yes,9762995,5887691,2799018,18530930,215
CP03021,Delhi,3401,5244,2,8,8,Standard,Premium,Yes,10516320,4391566,2306770,17387372,222
CP03022,Kochi,685,402,1,1,1,Standard,Standard,Yes,413326,228067,122571,981781,91
CP03023,Bengaluru,3715,1905,1,4,4,Premium,Standard,Yes,2275736,1738302,650924,4884161,144
CP03024,Bengaluru,4832,2656,1,5,5,Premium,Standard,Yes,3271586,2576345,948506,6913917,154
CP03025,Delhi,3068,5607,3,8,8,Standard,Standard,No,8621007,4652589,2414191,15687787,259
CP03026,Hyderabad,4219,6983,3,8,8,Standard,Standard,Yes,8152285,4457475,2380445,15126636,261
CP03027,Kochi,2236,3566,3,6,6,Standard,Standard,Yes,3573734,2138936,1057242,6946594,207
CP03028,Kochi,4183,8879,3,8,8,Premium,Standard,Yes,8395202,6802364,2844256,18172915,276
CP03029,Bengaluru,4609,4173,2,7,6,Standard,Standard,Yes,5224860,2864998,1499952,9724614,183
CP03030,Hyderabad,3926,5015,2,8,7,Standard,Premium,Yes,7253526,3123064,1426385,12018880,218
CP03031,Bengaluru,2818,4101,2,6,6,Premium,Standard,Yes,5097218,3856382,1528888,10569700,204
CP03032,Bengaluru,2817,1530,1,3,3,Standard,Standard,Yes,1776988,1098295,556992,3654666,118
CP03033,Kochi,2969,3925,2,7,7,Standard,Standard,Yes,4048998,2324200,1178943,7740146,213
CP03034,Mumbai,4238,8697,3,8,7,Premium,Standard,Yes,15534701,11548173,3846028,31088312,282
CP03035,Kochi,3103,4215,2,7,6,Premium,Standard,Yes,4326553,3439655,1280117,9226067,219
CP03036,Bengaluru,1543,1870,2,3,4,Standard,Standard,Yes,2375326,1295633,683382,4557125,149
CP03037,Kochi,3437,3927,2,8,8,Standard,Standard,Yes,4055426,2395596,1025233,7615053,181
CP03038,Delhi,3260,4841,2,8,8,Standard,Standard,Yes,6867338,4279907,2119687,13350134,197
CP03039,Hyderabad,3536,5059,2,8,8,Premium,Premium,No,7620708,4162047,1621582,13404337,239
CP03040,Chennai,4547,7672,3,8,8,Premium,Basic,No,7356926,6458982,2302885,16118793,274
CP03041,Kochi,2276,2212,2,4,4,Standard,Standard,No,2189052,1143800,627249,3960101,184
CP03042,Kochi,1796,2560,3,6,5,Standard,Standard,Yes,2747773,1546913,646233,5079592,206
CP03043,Chennai,4705,4544,2,8,8,Economy,Standard,Yes,5052260,2309179,1357581,8849735,202
CP03044,Chennai,3387,6645,3,8,8,Standard,Premium,Yes,9269641,3832103,2086330,15387671,244
CP03045,Hyderabad,2061,1929,2,4,3,Standard,Standard,No,2214170,1109085,577595,3900850,154
CP03046,Hyderabad,3918,4450,2,8,8,Standard,Standard,No,5172732,2784551,1396973,9354256,195
CP03047,Chennai,1266,1806,2,3,3,Standard,Standard,No,1851615,1149449,525272,3526336,124
CP03048,Delhi,2776,4605,3,8,8,Standard,Standard,Yes,6768179,3915148,1884321,12755791,235
CP03049,Bengaluru,4343,12458,4,8,7,Premium,Basic,No,13563471,11374794,3824336,28762601,369
CP03050,Chennai,1200,853,1,1,2,Economy,Premium,No,1244072,430898,266041,1941011,112
CP03051,Pune,3252,1743,1,3,2,Standard,Basic,Yes,2016986,1226877,575855,4006667,101
CP03052,Kochi,4424,12477,4,8,8,Standard,Standard,Yes,13346798,7360394,3381599,24242319,299
CP03053,Hyderabad,4506,6414,2,8,8,Standard,Standard,Yes,7443046,4032410,2165562,13761415,189
CP03054,Pune,1579,1860,2,3,3,Standard,Premium,Yes,2805562,1284960,645348,4885045,137
CP03055,Pune,3051,3195,2,7,7,Economy,Standard,Yes,3980478,1863503,1050124,7006430,182
CP03056,Hyderabad,1228,776,1,1,1,Standard,Standard,No,883284,467148,262769,1613202,97
CP03057,Kochi,2229,5165,3,8,8,Economy,Standard,No,5179058,2459128,1611860,9250046,237
CP03058,Chennai,4296,8684,3,8,7,Economy,Standard,No,9828493,4743153,2458170,17029815,272
CP03059,Delhi,4030,4114,2,7,8,Standard,Standard,Yes,6672574,3572596,1612260,12082878,200
CP03060,Mumbai,4274,5889,2,8,7,Standard,Premium,Yes,13872160,6154471,2448148,22690851,215
CP03061,Pune,4529,8145,3,8,8,Standard,Basic,Yes,9713781,5536734,2573564,17994603,257
CP03062,Chennai,3365,2210,1,4,3,Standard,Standard,Yes,2357241,1278930,647591,4424796,136
CP03063,Mumbai,4969,10538,3,8,8,Standard,Standard,Yes,18199038,10105908,4563165,33006129,280
CP03064,Kochi,715,901,2,1,2,Standard,Standard,No,908377,533788,243868,1686033,110
CP03065,Pune,2603,3825,2,7,7,Standard,Standard,Yes,4464086,2523385,1318260,8461588,198
CP03066,Chennai,1292,3631,4,8,8,Standard,Standard,Yes,4217323,2185201,1106532,7590465,262
CP03067,Pune,3762,5005,2,8,8,Premium,Basic,Yes,5208895,4913212,1576326,11804718,247
CP03068,Chennai,1705,1714,2,4,3,Economy,Standard,No,1844118,863776,552436,3260329,164
CP03069,Kochi,3608,5358,2,8,8,Standard,Standard,Yes,5881477,3103220,1403600,10487024,229
CP03070,Delhi,2761,4293,2,7,6,Standard,Standard,Yes,6713357,3653077,1857203,12401547,170
CP03071,Kochi,753,749,2,1,1,Economy,Standard,No,750901,379459,210492,1340851,130
CP03072,Bengaluru,4299,10676,4,8,7,Standard,Standard,Yes,13461527,7462460,3704319,24837239,300
CP03073,Bengaluru,4386,7113,3,8,7,Standard,Standard,Yes,8386545,4939742,2498260,16060722,279
CP03074,Kochi,1664,2376,2,5,5,Premium,Premium,Yes,3201842,2012582,725798,6042312,161
CP03075,Hyderabad,4800,6744,2,8,8,Economy,Standard,Yes,7813233,3592929,2214776,13724610,221
CP03076,Mumbai,2513,1254,1,2,3,Economy,Standard,Yes,2219485,1060777,641416,4003495,109
CP03077,Kochi,1816,1374,1,2,2,Standard,Standard,No,1543659,732780,367679,2644117,77
CP03078,Kochi,3001,3081,2,5,4,Standard,Standard,Yes,3315362,1756365,862885,6021621,178
CP03079,Pune,2372,5187,3,8,8,Standard,Standard,Yes,5982382,3406939,1614524,11241735,218
CP03080,Pune,2560,3122,2,5,5,Standard,Standard,Yes,3794048,2053093,949463,6961069,163
CP03081,Chennai,3380,5728,3,8,8,Premium,Basic,Yes,5655894,4240514,1811566,11874333,280
CP03082,Mumbai,3471,1754,1,4,3,Premium,Standard,Yes,3317408,2232892,742999,6541351,140
CP03083,Pune,1260,1281,2,2,1,Standard,Standard,Yes,1522646,808746,407919,2914460,139
CP03084,Mumbai,3235,2205,1,4,5,Standard,Basic,Yes,3510930,2231790,1023555,6992747,124
CP03085,Kochi,2929,3764,2,7,7,Standard,Standard,Yes,3975402,2052683,1059077,7273760,198
CP03086,Mumbai,4554,2243,1,4,4,Economy,Standard,Yes,3778754,1887771,1002748,6889524,111
CP03087,Bengaluru,3050,5971,4,8,7,Standard,Basic,Yes,6383472,4259122,1968878,12751547,293
CP03088,Pune,1732,823,1,2,3,Economy,Basic,Yes,888129,447952,301985,1801394,65
CP03089,Pune,1299,3690,4,7,8,Premium,Standard,Yes,4583989,3147993,1198587,9101853,309
CP03090,Hyderabad,2638,3688,2,7,6,Standard,Standard,No,4035930,2290637,1100139,7426707,188
CP03091,Mumbai,2779,5229,4,8,8,Standard,Premium,Yes,11916203,4919921,2545386,19543375,276
CP03092,Chennai,3438,4442,2,7,8,Standard,Basic,No,4279837,2534163,1338649,8152649,199
CP03093,Bengaluru,1473,2826,4,6,7,Standard,Basic,Yes,2968240,1921100,1087574,6194104,250
CP03094,Kochi,683,523,1,1,1,Standard,Basic,No,496469,302760,146611,945840,90
CP03095,Hyderabad,2022,4655,3,8,8,Standard,Standard,Yes,5464530,2758025,1509168,9888975,254
CP03096,Bengaluru,3275,6822,3,8,8,Economy,Standard,No,8861258,3962046,2184142,15007445,233
CP03097,Chennai,3780,2926,1,5,6,Premium,Standard,Yes,3319436,2307839,839950,6706884,154
CP03098,Hyderabad,4916,3608,1,7,8,Premium,Standard,No,4150709,3082927,1094157,8327793,191
CP03099,Bengaluru,4575,6770,2,8,7,Standard,Standard,No,8701230,5111478,2127902,15940609,212
CP03100,Chennai,1991,5171,4,8,8,Economy,Premium,Yes,7450103,2437398,1555712,11678874,293
CP03101,Delhi,3818,4254,2,7,7,Standard,Basic,No,5289183,3554402,1813661,10657246,221
CP03102,Hyderabad,4807,5059,2,8,8,Premium,Basic,Yes,4943342,4362811,1605764,11139625,237
CP03103,Chennai,1214,685,1,1,1,Economy,Standard,Yes,731183,340444,185635,1422073,71
CP03104,Hyderabad,3571,2392,1,5,6,Economy,Basic,Yes,2491694,1304480,709829,4714409,122
CP03105,Pune,4165,6377,3,8,8,Standard,Premium,Yes,10138452,3901703,2054584,16213385,224
CP03106,Pune,4176,2257,1,4,4,Standard,Standard,Yes,2802208,1463544,692661,5042997,131
CP03107,Bengaluru,870,1068,2,2,2,Standard,Standard,No,1387480,638611,323344,2349435,125
CP03108,Mumbai,4666,7440,3,8,7,Standard,Standard,No,13191834,7055689,3776476,24023999,253
CP03109,Delhi,3068,2012,1,4,4,Standard,Standard,No,3159484,1585947,921610,5667040,119
CP03110,Kochi,1990,3076,2,6,7,Economy,Basic,Yes,3070379,1513657,936852,5650266,193
CP03111,Mumbai,3954,2814,1,6,6,Standard,Standard,Yes,5034036,2892442,1374382,9486756,144
CP03112,Kochi,4735,6470,2,8,8,Standard,Standard,Yes,6752076,3738747,1778266,12372104,211
CP03113,Kochi,4207,2751,1,6,7,Standard,Premium,Yes,3805725,1562247,886017,6385170,132
CP03114,Kochi,3183,5927,3,8,8,Economy,Standard,Yes,6395793,2796953,1797818,11166493,254
CP03115,Chennai,4673,4815,2,8,8,Standard,Standard,Yes,5624770,2848563,1373268,10008972,192
CP03116,Hyderabad,3675,5609,2,8,8,Standard,Basic,No,5575213,3486856,1926866,10988935,195
CP03117,Pune,4506,4839,2,8,8,Standard,Premium,Yes,7112585,3196316,1612704,12126190,198
CP03118,Mumbai,889,428,1,1,1,Standard,Basic,Yes,683574,420679,221713,1471468,115
CP03119,Kochi,3080,6583,3,8,8,Economy,Premium,Yes,8425997,3066984,2055592,13663295,249
CP03120,Pune,3852,3940,2,8,7,Premium,Standard,Yes,4719881,3711940,1248553,9829320,230
CP03121,Kochi,878,1018,2,2,2,Standard,Basic,Yes,1026784,574028,287786,2075176,140
CP03122,Delhi,3524,1620,1,3,4,Standard,Standard,Yes,2495145,1361774,690513,4710184,115
CP03123,Chennai,1180,1175,2,2,2,Premium,Premium,Yes,1681219,1012949,354458,3139207,164
CP03124,Delhi,853,435,1,1,2,Standard,Standard,No,659167,326511,171428,1157106,78
CP03125,Delhi,4876,4574,2,8,8,Standard,Standard,Yes,7468020,3353147,1934004,12860732,199
CP03126,Chennai,1424,968,1,2,1,Standard,Basic,No,974547,592110,285302,1851959,98
CP03127,Hyderabad,4432,9878,3,8,7,Premium,Standard,Yes,11195511,8404796,3059964,22758925,281
CP03128,Delhi,1299,1508,2,3,3,Standard,Basic,Yes,2213817,1360828,573532,4298414,144
CP03129,Mumbai,1980,4491,3,8,8,Standard,Standard,No,7962708,4068823,2125559,14157090,241
CP03130,Kochi,4496,7076,3,8,7,Standard,Premium,Yes,9453181,4131250,2275965,16021961,246
CP03131,Chennai,2273,1281,1,3,4,Premium,Premium,Yes,1678825,1018946,394809,3332315,155
CP03132,Chennai,3327,3345,2,6,6,Standard,Basic,Yes,3329752,2102145,984458,6603533,184
CP03133,Kochi,3756,2505,1,4,4,Standard,Standard,No,2570461,1271833,736980,4579274,116
CP03134,Pune,3988,4761,2,8,8,Standard,Basic,Yes,5119457,3100687,1703922,10030950,200
CP03135,Bengaluru,4907,9784,3,8,8,Standard,Standard,Yes,12193121,6996744,3229838,22648625,283
CP03136,Delhi,983,1408,2,3,2,Economy,Premium,Yes,2612411,965380,651187,4309418,139
CP03137,Mumbai,941,1206,2,2,3,Premium,Standard,Yes,2340231,1558711,541772,4661828,158
CP03138,Hyderabad,2587,3464,2,8,8,Economy,Premium,No,5056850,1859592,1065619,7982062,188
CP03139,Delhi,4659,7243,2,8,8,Standard,Premium,No,14888127,6186431,2954983,24029540,220
CP03140,Kochi,3709,2057,1,4,5,Standard,Standard,Yes,2130743,1108632,629072,4014975,126
CP03141,Hyderabad,4682,8086,3,8,8,Standard,Standard,Yes,8316720,4970715,2378019,15837576,267
CP03142,Pune,3398,4765,2,8,8,Standard,Basic,No,5158317,3222685,1672791,10053794,196
CP03143,Delhi,3840,7648,3,8,8,Premium,Standard,Yes,11834195,8995551,3176607,24158913,304
CP03144,Hyderabad,2588,1326,1,3,2,Standard,Standard,No,1498138,842584,421156,2761878,117
CP03145,Delhi,4014,4669,2,8,8,Economy,Premium,Yes,9889823,3276459,2100464,15464130,199
CP03146,Chennai,2449,3006,2,5,4,Standard,Standard,Yes,3543615,1812067,927870,6511150,181
CP03147,Delhi,905,540,1,1,1,Standard,Standard,No,841150,472712,244181,1558044,113
CP03148,Mumbai,4213,4317,2,7,6,Economy,Standard,Yes,7726563,3558176,2201922,13625909,200
CP03149,Delhi,3349,7771,3,8,8,Economy,Standard,No,11415622,5220984,3776796,20413403,278
CP03150,Hyderabad,1735,3731,3,7,6,Economy,Standard,Yes,4109996,1885669,1256587,7390585,214
CP03151,Mumbai,805,995,2,2,1,Standard,Standard,Yes,1705357,956949,481123,3324966,113
CP03152,Hyderabad,4050,5572,2,8,8,Standard,Standard,No,6950551,3219184,1761631,11931365,216
CP03153,Kochi,4411,3370,1,6,5,Economy,Standard,Yes,3444375,1697453,1060475,6363515,160
CP03154,Kochi,4222,6303,3,8,8,Standard,Standard,No,6933637,3426032,1831003,12190672,233
CP03155,Bengaluru,4199,2257,1,5,5,Economy,Basic,No,2495328,1247206,803329,4545863,147
CP03156,Bengaluru,3151,8065,4,8,7,Premium,Standard,No,9809549,8146582,2986108,20942238,318
CP03157,Mumbai,4908,7162,2,8,8,Standard,Premium,No,16058683,6699758,3375467,26133908,226
CP03158,Kochi,909,841,2,2,1,Economy,Standard,Yes,860357,413238,227515,1697849,138
CP03159,Bengaluru,3308,10511,4,8,8,Premium,Standard,Yes,12910546,10084096,3761518,26970794,342
CP03160,Bengaluru,2591,1578,1,3,3,Standard,Basic,No,1908769,1167854,530100,3606723,119
CP03161,Chennai,871,1002,2,2,3,Standard,Basic,Yes,989830,583378,328923,1991980,135
CP03162,Hyderabad,4242,4687,2,7,8,Standard,Standard,Yes,5370401,2978966,1264285,9795821,191
CP03163,Bengaluru,4686,2394,1,4,4,Standard,Standard,Yes,3031484,1642004,803819,5707550,129
CP03164,Mumbai,2422,3521,2,7,7,Standard,Premium,Yes,8350872,3785495,1726732,14028073,187
CP03165,Chennai,3873,6075,2,8,8,Economy,Standard,No,6689205,2784971,1760236,11234411,204
CP03166,Kochi,4949,8830,3,8,8,Economy,Standard,Yes,9340120,4243806,2747933,16437441,266
CP03167,Bengaluru,1120,877,1,2,3,Standard,Standard,Yes,1154566,604603,308740,2240198,93
CP03168,Delhi,1576,4654,4,8,7,Standard,Standard,Yes,6860677,3887679,1890840,12798711,272
CP03169,Kochi,4322,2672,1,5,6,Economy,Premium,No,3508277,1201069,778719,5488065,128
CP03170,Mumbai,4151,2847,1,6,6,Standard,Standard,No,5032457,2479709,1260700,8772866,162
CP03171,Hyderabad,4705,5667,2,8,8,Premium,Standard,Yes,6360079,4448441,1854887,12850692,241
CP03172,Kochi,3373,2177,1,3,3,Standard,Standard,No,2253845,1294401,674659,4222905,97
CP03173,Delhi,3152,1482,1,2,2,Standard,Standard,Yes,2181603,1243826,621816,4294515,119
CP03174,Kochi,3432,9523,4,8,8,Premium,Standard,Yes,9608075,6683366,2734454,19189813,310
CP03175,Bengaluru,4507,4222,2,8,7,Economy,Standard,No,5578046,2653477,1369370,9600893,228
CP03176,Mumbai,752,553,1,1,1,Standard,Basic,Yes,863097,582993,255429,1804829,91
CP03177,Delhi,3564,2632,1,5,5,Premium,Premium,Yes,5172570,3029636,1183864,9632647,157
CP03178,Mumbai,3516,5621,3,8,8,Premium,Premium,Yes,12435385,7440377,2700133,22811087,270
CP03179,Pune,3400,5745,3,8,8,Economy,Basic,Yes,6034736,3237269,2164255,11684795,226
CP03180,Kochi,2352,2909,2,6,7,Standard,Premium,Yes,3787874,1606138,864055,6497165,177
CP03181,Delhi,3210,2114,1,4,4,Economy,Standard,Yes,3087429,1371263,833859,5421268,118
CP03182,Mumbai,4475,2463,1,4,4,Premium,Standard,Yes,4212847,3019263,1354607,8776331,154
CP03183,Delhi,1704,1120,1,2,2,Premium,Basic,Yes,1545139,1266632,433457,3406560,143
CP03184,Pune,3136,1738,1,4,4,Standard,Standard,Yes,2156870,1180087,564446,4099140,125
CP03185,Hyderabad,4799,4505,2,8,8,Standard,Basic,Yes,4667130,2805229,1444059,9042138,190
CP03186,Hyderabad,4454,2008,1,4,5,Premium,Standard,No,2225771,1699699,648973,4574444,141
CP03187,Kochi,4094,3974,2,8,8,Standard,Basic,Yes,3656617,2270172,1098677,7248582,204
CP03188,Chennai,2514,3656,2,7,8,Economy,Standard,No,3924796,1874444,1105392,6904632,197
CP03189,Delhi,3672,11552,4,8,8,Economy,Basic,Yes,15587641,8006099,5275003,28996681,312
CP03190,Pune,1606,2888,3,5,4,Standard,Standard,No,3441539,1945439,1036969,6423947,212
CP03191,Mumbai,1006,1266,2,3,2,Premium,Standard,Yes,2307447,1549490,678536,4751219,177
CP03192,Chennai,766,768,2,1,2,Premium,Basic,No,780811,631614,220048,1632473,159
CP03193,Delhi,1108,1424,2,3,4,Economy,Standard,Yes,2333020,939549,612923,4057883,156
CP03194,Chennai,2261,2263,2,4,3,Standard,Standard,Yes,2400369,1276743,702276,4617471,182
CP03195,Delhi,4264,8492,3,8,7,Standard,Premium,Yes,16241528,6877382,3201402,26418004,264
CP03196,Kochi,4089,6351,2,8,7,Standard,Standard,Yes,6538790,3655281,1789321,12183362,251
CP03197,Kochi,1280,1991,3,3,3,Standard,Standard,No,2177667,1148252,590309,3916228,186
CP03198,Hyderabad,3124,8967,4,8,8,Standard,Standard,No,9484945,5408930,2818947,17712821,300
CP03199,Mumbai,2720,2492,2,5,4,Standard,Standard,Yes,4405908,2222627,1155285,8030012,192
CP03200,Pune,4957,5764,2,8,7,Economy,Basic,No,6192003,3428592,1957949,11578543,209
CP03201,Kochi,1963,959,1,2,1,Standard,Standard,Yes,1027150,548454,295057,2050529,79
CP03202,Hyderabad,1931,1107,1,2,2,Premium,Standard,No,1300077,935044,355141,2590262,119
CP03203,Chennai,2892,2954,2,6,6,Economy,Standard,No,3329871,1533964,777172,5641007,190
CP03204,Bengaluru,2138,1241,1,3,4,Standard,Standard,Yes,1600643,815447,461725,3012905,116
CP03205,Kochi,4008,7167,3,8,8,Standard,Premium,Yes,10827703,4303936,1898417,17244010,242
CP03206,Chennai,1160,644,1,1,2,Standard,Basic,Yes,683064,397529,180694,1479260,68
CP03207,Bengaluru,1699,2310,2,5,5,Standard,Basic,Yes,2716765,1571318,813868,5342185,163
CP03208,Delhi,2503,3862,2,8,8,Standard,Standard,No,5832045,3233991,1657785,10723820,214
CP03209,Hyderabad,774,913,2,2,2,Premium,Premium,Yes,1350266,767199,277981,2623225,164
CP03210,Delhi,2756,2851,2,5,6,Standard,Standard,No,4592353,2554484,1256997,8403834,166
CP03211,Pune,2830,4624,3,8,8,Standard,Basic,Yes,5274798,3117649,1532507,10107084,226
CP03212,Mumbai,4887,7319,2,8,8,Economy,Standard,Yes,12443059,6134269,3206189,21952065,215
CP03213,Kochi,4760,6188,2,8,8,Standard,Premium,Yes,7734195,3539359,1665919,13034228,219
CP03214,Bengaluru,4520,2753,1,4,4,Standard,Basic,No,2904615,1899548,937147,5741310,125
CP03215,Kochi,2097,2106,2,4,5,Premium,Basic,Yes,2073600,1772827,604318,4683729,186
CP03216,Mumbai,4454,8116,3,8,7,Standard,Premium,No,19579845,7650078,3785762,31015685,272
CP03217,Delhi,3771,4129,2,8,8,Economy,Premium,Yes,8271980,2980436,1549268,12896149,192
CP03218,Hyderabad,2167,5071,3,8,8,Economy,Standard,Yes,5932877,2995405,1536452,10685824,247
CP03219,Hyderabad,1751,2659,2,5,5,Premium,Premium,Yes,4277128,2411530,874025,7684791,197
CP03220,Delhi,968,464,1,1,2,Standard,Basic,No,694915,397152,196391,1288458,110
CP03221,Delhi,642,404,1,1,1,Economy,Standard,Yes,639074,266681,179744,1173443,100
CP03222,Hyderabad,2507,2651,2,4,4,Economy,Standard,Yes,3059247,1573553,877488,5678789,177
CP03223,Pune,4090,4857,2,7,6,Standard,Standard,Yes,5775333,3167079,1442215,10470641,205
CP03224,Bengaluru,3135,7118,3,8,8,Economy,Standard,Yes,8902885,4192221,2367010,15674059,247
CP03225,Mumbai,4773,6058,2,8,8,Standard,Premium,Yes,13431251,6115715,3038628,22722981,229
CP03226,Chennai,3473,3938,2,8,7,Standard,Standard,No,4444725,2338461,1220993,8004179,205
CP03227,Kochi,2424,2534,2,4,5,Standard,Basic,Yes,2370703,1459740,746161,4745043,163
CP03228,Delhi,1893,2764,2,5,4,Economy,Standard,No,4117009,1979859,1234456,7331324,160
CP03229,Delhi,3986,2664,1,5,5,Standard,Standard,Yes,4287866,2197078,1208355,7901458,143
CP03230,Kochi,3572,2192,1,4,4,Standard,Standard,Yes,2341302,1271388,561609,4368207,119
CP03231,Hyderabad,4522,2379,1,4,3,Economy,Premium,Yes,3608888,1233566,733144,5817418,118
CP03232,Mumbai,1592,902,1,1,1,Standard,Standard,Yes,1577317,816718,451307,2968736,96
CP03233,Mumbai,2986,2346,1,5,5,Standard,Basic,No,3784015,2313062,1182854,7279931,125
CP03234,Pune,2840,1794,1,4,3,Standard,Standard,No,2140494,1258144,655910,4054548,112
CP03235,Bengaluru,2076,2450,2,5,5,Standard,Standard,Yes,3442537,1627738,923609,6090269,157
CP03236,Pune,4007,5068,2,8,8,Standard,Standard,No,6692181,3256797,1792972,11741950,219
CP03237,Pune,989,2858,4,6,6,Standard,Standard,Yes,3345129,1886736,919449,6344009,266
CP03238,Mumbai,1599,909,1,2,1,Economy,Standard,No,1583221,741964,460105,2785289,123
CP03239,Bengaluru,2455,2516,2,5,6,Standard,Basic,Yes,2761497,1564852,974350,5539749,180
CP03240,Bengaluru,1258,1647,2,3,4,Standard,Basic,Yes,1734427,1112339,621434,3643958,120
CP03241,Bengaluru,3363,2296,1,4,4,Standard,Standard,Yes,3102734,1726444,812944,5854983,128
CP03242,Kochi,4263,8945,3,8,8,Standard,Standard,Yes,9291529,5454904,2780223,17649400,260
CP03243,Hyderabad,2081,1578,1,2,2,Standard,Premium,No,2265662,1078856,505624,3850141,133
CP03244,Bengaluru,4331,10046,4,8,8,Standard,Standard,Yes,11827291,7145796,3527924,22619431,309
CP03245,Mumbai,1051,1502,3,3,3,Economy,Standard,Yes,2667084,1193034,714112,4787472,172
CP03246,Kochi,3075,4830,2,8,8,Premium,Standard,Yes,5119690,3764333,1267548,10244516,227
CP03247,Hyderabad,3822,4603,2,8,7,Economy,Basic,Yes,4863577,2538658,1538867,9133052,183
CP03248,Chennai,2137,2855,2,6,5,Standard,Standard,Yes,3274944,1684803,854888,6013991,178
CP03249,Delhi,3693,5046,2,8,8,Standard,Standard,Yes,8049444,3873167,2146577,14163644,188
CP03250,Pune,1482,1900,2,3,2,Premium,Standard,Yes,2180613,1769543,648850,4750377,155
CP03251,Bengaluru,4668,2435,1,5,6,Economy,Standard,Yes,2946157,1396098,814476,5397980,122
CP03252,Chennai,3166,2261,1,4,4,Standard,Standard,Yes,2584063,1399088,717041,4796890,112
CP03253,Bengaluru,3877,5670,2,8,8,Standard,Basic,Yes,6295777,3603018,1947177,11943716,211
CP03254,Pune,974,1253,2,2,1,Premium,Standard,No,1427199,1080606,412590,2920395,172
CP03255,Mumbai,4297,8005,3,8,8,Premium,Standard,No,13314679,10575710,3126405,27016793,288
CP03256,Mumbai,3662,1793,1,4,3,Economy,Premium,No,4256130,1509251,872269,6637650,120
CP03257,Pune,3850,5536,3,8,8,Standard,Standard,No,6944902,3790513,1732659,12468074,249
CP03258,Chennai,712,405,1,1,1,Standard,Standard,No,447784,242163,119424,809372,104
CP03259,Hyderabad,3797,4243,2,8,7,Economy,Standard,Yes,4715858,2294034,1280587,8456791,190
CP03260,Delhi,2978,4668,2,8,8,Economy,Basic,Yes,6453554,3397893,1885980,11853973,208
CP03261,Delhi,2524,3656,2,6,7,Premium,Standard,No,5594277,4212172,1521518,11327967,213
CP03262,Delhi,739,503,1,1,2,Standard,Standard,Yes,760973,434587,218383,1640335,95
CP03263,Hyderabad,2024,2555,2,4,4,Economy,Standard,Yes,3031754,1289447,880593,5316022,158
CP03264,Bengaluru,3549,5414,3,8,8,Standard,Standard,Yes,6717212,4083682,1893615,12875567,233
CP03265,Pune,3768,5971,2,8,7,Standard,Premium,No,9595338,3904561,1924791,15424690,210
CP03266,Pune,1116,1297,2,3,3,Standard,Premium,No,2067424,851958,421652,3341035,137
CP03267,Hyderabad,3216,4702,3,8,8,Standard,Standard,Yes,5117677,2919153,1571931,9746499,228
CP03268,Chennai,1487,2778,3,6,5,Standard,Standard,No,3299450,1686114,858344,5843908,227
CP03269,Delhi,3704,5599,2,8,8,Economy,Standard,No,8821440,3709381,2184198,14715019,211
CP03270,Kochi,649,987,2,2,2,Standard,Basic,Yes,869136,548883,270635,1938026,112
CP03271,Pune,4551,6196,3,8,7,Economy,Premium,No,9186135,3144331,2055018,14385484,208
CP03272,Mumbai,4160,6324,2,8,7,Premium,Basic,No,10651971,8004141,3006564,21662676,242
CP03273,Mumbai,618,336,1,1,1,Economy,Standard,Yes,595612,276340,156099,1264352,82
CP03274,Kochi,2073,1922,2,3,3,Standard,Standard,Yes,2053542,1126735,542069,3830512,149
CP03275,Pune,4661,10441,3,8,8,Standard,Standard,Yes,12829632,6870649,3507133,23387193,274
CP03276,Delhi,3206,2412,1,4,3,Standard,Standard,Yes,3876039,2055052,1037468,7103729,125
CP03277,Delhi,1051,2769,4,4,4,Standard,Premium,No,5794511,2129889,1167080,9091481,223
CP03278,Delhi,4365,2841,1,5,5,Standard,Basic,Yes,3799405,2405045,1260427,7561672,147
CP03279,Chennai,3038,6695,3,8,7,Premium,Basic,Yes,6761457,5763799,2064852,14723375,267
CP03280,Mumbai,4910,7121,2,8,8,Standard,Standard,No,11828622,6994694,3212600,22035916,233
CP03281,Chennai,2149,3273,2,6,6,Standard,Basic,No,3099264,1890509,962952,5952725,188
CP03282,Hyderabad,4074,7864,3,8,8,Standard,Standard,Yes,8972697,4996196,2458926,16643431,249
CP03283,Bengaluru,727,1146,2,3,3,Economy,Standard,No,1351082,717997,392042,2461121,150
CP03284,Delhi,3361,5368,2,8,8,Standard,Premium,Yes,10412449,4637524,2149745,17340994,204
CP03285,Hyderabad,2015,988,1,2,2,Economy,Standard,Yes,1041980,544861,301289,2027227,117
CP03286,Bengaluru,801,598,1,1,2,Standard,Premium,No,982623,396400,217683,1596706,83
CP03287,Kochi,2969,1855,1,4,4,Standard,Standard,No,2065841,1038191,497861,3601893,131
CP03288,Mumbai,1117,1308,2,2,2,Economy,Premium,No,2996538,1063665,617402,4677605,123
CP03289,Bengaluru,1941,1289,1,2,1,Standard,Basic,Yes,1469574,969764,478515,3158565,107
CP03290,Bengaluru,2588,1215,1,2,1,Standard,Standard,Yes,1514882,800098,417770,2903214,106
CP03291,Pune,4145,5199,2,8,7,Standard,Premium,No,8497565,3475884,1963444,13936893,215
CP03292,Bengaluru,4402,6645,2,8,8,Standard,Standard,Yes,8388504,4739384,2517012,15766336,221
CP03293,Pune,3875,6099,3,8,7,Standard,Premium,Yes,9171861,4174634,1752354,15181141,244
CP03294,Bengaluru,4254,2549,1,5,4,Economy,Basic,No,2921731,1476418,822730,5220878,110
CP03295,Pune,3034,2362,1,4,3,Premium,Premium,Yes,3946148,2070227,783092,6924365,139
CP03296,Mumbai,807,1936,4,4,4,Standard,Standard,Yes,3212813,2037687,912470,6386737,202
CP03297,Mumbai,3233,3720,2,6,6,Economy,Basic,Yes,5670690,2994824,1862545,10713553,180
CP03298,Bengaluru,4717,8549,3,8,8,Premium,Basic,No,9692379,7796845,3066229,20555453,305
CP03299,Kochi,753,1427,3,3,3,Standard,Standard,No,1470308,851178,370134,2691620,173
CP03300,Kochi,3966,7985,3,8,8,Standard,Premium,Yes,11029853,4580666,2436373,18204307,253
CP03301,Chennai,4914,3588,1,6,6,Standard,Standard,Yes,3791616,2012782,1201430,7178868,140
CP03302,Kochi,2118,3864,3,6,5,Standard,Premium,Yes,5138018,2310347,1011534,8588187,222
CP03303,Mumbai,3200,7066,3,8,8,Standard,Standard,No,12462247,6648471,3315495,22426214,255
CP03304,Hyderabad,2795,3559,2,6,6,Standard,Premium,Yes,5362376,2196373,1099602,8739701,177
CP03305,Kochi,4154,4722,2,8,8,Standard,Standard,No,5448343,3049545,1447003,9944892,193
CP03306,Hyderabad,3014,4100,2,7,7,Standard,Standard,Yes,4883871,2552695,1408939,9030506,201
CP03307,Pune,3449,2418,1,4,3,Standard,Basic,Yes,2470937,1601253,777300,5012899,138
CP03308,Chennai,2342,3022,2,5,5,Economy,Premium,No,4145944,1611592,881699,6639235,181
CP03309,Delhi,1906,1790,2,3,2,Standard,Standard,Yes,2606465,1433526,797658,5084357,135
CP03310,Pune,4449,4533,2,7,7,Standard,Basic,No,5255128,3075300,1477205,9807633,168
CP03311,Bengaluru,4768,5243,2,8,7,Premium,Basic,Yes,5713870,5109497,1833563,12758538,235
CP03312,Kochi,4795,5264,2,8,7,Standard,Standard,Yes,5630120,3199489,1586608,10637704,224
CP03313,Mumbai,3155,4326,2,8,8,Standard,Premium,Yes,10090744,4289889,2167751,16673761,179
CP03314,Chennai,2905,3977,3,7,7,Premium,Standard,Yes,4118217,3043394,1213950,8510358,253
CP03315,Pune,1688,1206,1,2,1,Premium,Standard,Yes,1434810,1097985,366702,3104917,152
CP03316,Pune,3242,3519,2,7,8,Standard,Premium,No,5476841,2166344,1203227,8846412,202
CP03317,Hyderabad,1777,992,1,2,3,Economy,Standard,Yes,1073303,563887,331107,2095048,104
CP03318,Bengaluru,3594,4562,2,8,8,Standard,Premium,No,8037866,3316842,1645122,12999830,190
CP03319,Pune,1159,1827,3,3,3,Standard,Standard,Yes,2225735,1219369,553251,4151357,202
CP03320,Hyderabad,3564,10828,4,8,8,Economy,Premium,Yes,17294304,5851753,3578742,26820000,306
CP03321,Chennai,1871,1795,2,4,3,Standard,Basic,Yes,1934003,1076592,515694,3734035,129
CP03322,Pune,2413,5844,4,8,8,Standard,Standard,No,7116385,3851921,1650557,12618864,298
CP03323,Delhi,3515,2626,1,5,5,Standard,Standard,Yes,4104473,2312584,1092704,7709660,122
CP03324,Delhi,1209,1609,2,3,3,Standard,Basic,Yes,2159801,1330515,629310,4363954,186
CP03325,Hyderabad,3061,1690,1,3,2,Standard,Standard,Yes,2056074,1181381,532286,3868715,111
CP03326,Delhi,4720,8457,3,8,7,Standard,Standard,Yes,12998867,7165352,3286035,23591438,266
CP03327,Bengaluru,883,1231,2,2,2,Standard,Basic,Yes,1377759,902117,419315,2881475,138
CP03328,Mumbai,3528,5578,2,8,7,Standard,Standard,Yes,9515821,4911784,2416598,16974660,206
CP03329,Delhi,4996,11429,3,8,8,Standard,Premium,Yes,22947910,9323272,4605592,36997371,287
CP03330,Chennai,1691,963,1,2,1,Standard,Standard,Yes,1085635,604275,294730,2100106,103
CP03331,Pune,1416,1131,1,2,3,Premium,Standard,No,1379658,1023980,412861,2816499,133
CP03332,Hyderabad,682,923,3,2,2,Standard,Basic,No,977208,582317,285865,1845389,158
CP03333,Pune,2520,2316,2,5,5,Economy,Basic,Yes,2500367,1368114,763665,4769662,166
CP03334,Mumbai,4091,3020,1,6,7,Premium,Standard,Yes,5422530,4328863,1519027,11360311,160
CP03335,Pune,3744,3892,2,7,7,Standard,Premium,Yes,6238221,2420283,1315598,10118203,197
CP03336,Pune,2693,2538,2,5,5,Premium,Premium,No,4186272,2374527,860465,7421264,203
CP03337,Hyderabad,775,413,1,1,1,Economy,Standard,Yes,492399,216270,135550,1026012,92
CP03338,Mumbai,3304,3959,2,6,7,Standard,Standard,Yes,7010936,3963084,1856894,13064801,199
CP03339,Chennai,969,683,1,1,2,Economy,Standard,No,763764,340422,195219,1299405,101
CP03340,Hyderabad,2418,3232,2,6,6,Premium,Standard,No,3561045,2821574,1035128,7417747,235
CP03341,Kochi,2701,4320,3,8,8,Premium,Standard,No,4745153,3427336,1059058,9231546,279
CP03342,Mumbai,4090,10243,4,8,7,Standard,Standard,No,17847727,9490831,4310873,31649431,307
CP03343,Mumbai,2379,3683,2,6,6,Economy,Basic,No,5804770,2933924,1926463,10665157,179
CP03344,Pune,1964,1444,1,3,4,Economy,Premium,No,2227946,802430,508981,3539357,95
CP03345,Bengaluru,3942,6659,3,8,8,Standard,Basic,Yes,7312383,4221328,2203672,13965919,267
CP03346,Bengaluru,4276,6788,2,8,8,Standard,Standard,No,8306015,4789978,2169001,15264994,223
CP03347,Chennai,3026,2112,1,4,5,Standard,Premium,No,2889980,1360515,654219,4904714,118
CP03348,Pune,672,1268,4,2,1,Standard,Standard,Yes,1519586,784190,436095,2926386,211
CP03349,Bengaluru,3562,4940,3,8,8,Standard,Basic,Yes,5811668,3520774,1613065,11088556,243
CP03350,Hyderabad,1459,2227,3,4,5,Economy,Standard,Yes,2569852,1213016,696178,4660954,193
CP03351,Chennai,4456,9421,3,8,8,Standard,Standard,No,10638108,5457799,2520698,18616605,277
CP03352,Pune,4738,2436,1,4,3,Standard,Basic,Yes,2703865,1771824,782703,5434541,106
CP03353,Delhi,3024,1902,1,4,4,Premium,Standard,Yes,2876536,2280947,787527,6167336,162
CP03354,Hyderabad,1664,1606,2,3,4,Standard,Standard,Yes,1946799,1074437,510826,3681239,163
CP03355,Bengaluru,2817,2175,1,4,3,Standard,Premium,No,3719751,1503790,850130,6073670,110
CP03356,Bengaluru,4617,5266,2,8,8,Standard,Basic,Yes,6192283,3358764,1688245,11454187,184
CP03357,Bengaluru,2859,6585,3,8,7,Premium,Standard,Yes,8468585,6186446,2476590,17373498,286
CP03358,Bengaluru,4351,10190,3,8,8,Economy,Standard,Yes,12715162,5939026,3392849,22194517,282
CP03359,Mumbai,2686,2428,2,4,4,Standard,Standard,Yes,4214821,2449971,1117667,7992730,149
CP03360,Delhi,968,1778,3,3,2,Premium,Standard,Yes,2734848,1956636,793554,5596883,197
CP03361,Chennai,3404,4683,3,8,8,Standard,Standard,Yes,5435224,2997264,1346050,9957851,217
CP03362,Chennai,750,1152,2,2,1,Standard,Standard,Yes,1323855,669733,327128,2464017,150
CP03363,Bengaluru,1734,1094,1,2,3,Standard,Basic,Yes,1173646,781499,391207,2498333,100
CP03364,Chennai,3384,3223,2,7,7,Premium,Premium,Yes,4656759,2513142,994306,8273950,234
CP03365,Delhi,4764,4655,2,8,8,Standard,Premium,Yes,8392158,3902734,1893008,14332132,171
CP03366,Hyderabad,2946,1721,1,3,3,Standard,Basic,No,1757398,1011980,600559,3369937,114
CP03367,Hyderabad,2850,4440,2,8,8,Economy,Standard,Yes,4989299,2386270,1356510,8885630,217
CP03368,Kochi,660,457,1,1,1,Economy,Standard,Yes,488187,210260,117795,1013624,79
CP03369,Chennai,3610,5441,2,8,8,Premium,Basic,Yes,5152149,4529501,1517380,11393026,248
CP03370,Bengaluru,4501,7808,3,8,8,Standard,Standard,Yes,9273295,5575135,2499078,17466405,244
CP03371,Pune,1937,900,1,1,1,Standard,Premium,Yes,1387451,593662,290315,2363445,81
CP03372,Delhi,1784,4233,3,7,6,Premium,Standard,Yes,6516779,4643374,1930437,13195181,260
CP03373,Bengaluru,2151,1961,2,4,5,Standard,Premium,No,3000558,1380495,602822,4983875,150
CP03374,Mumbai,2229,1742,1,3,3,Economy,Standard,Yes,3205457,1489030,921459,5699093,130
CP03375,Pune,1927,4463,4,8,8,Standard,Basic,Yes,4821068,2920558,1409932,9239983,273
CP03376,Delhi,2126,1928,2,3,3,Standard,Basic,No,2674911,1584742,781141,5040794,166
CP03377,Mumbai,2273,3142,2,6,7,Standard,Standard,Yes,5773816,2826269,1435121,10264434,188
CP03378,Chennai,1961,4666,3,8,8,Economy,Standard,No,4982143,2405579,1354539,8742261,228
CP03379,Mumbai,2173,3424,2,5,4,Standard,Basic,Yes,5744974,3461253,1617270,11059419,176
CP03380,Chennai,3286,3327,2,6,6,Standard,Standard,Yes,3660512,2138927,989004,6998289,171
CP03381,Mumbai,4970,2551,1,5,4,Standard,Premium,Yes,6021589,2478018,1244100,9979102,148
CP03382,Pune,2966,5765,3,8,8,Standard,Standard,Yes,7099527,3538344,1660466,12529782,263
CP03383,Mumbai,4357,5865,2,8,8,Standard,Standard,No,10606059,5498077,2787931,18892067,190
CP03384,Bengaluru,3034,4300,2,7,7,Standard,Standard,Yes,5456041,3140646,1525274,10298805,201
CP03385,Chennai,2593,1331,1,2,2,Standard,Premium,Yes,1867690,831427,397265,3186594,117
CP03386,Hyderabad,1469,2308,2,5,5,Premium,Premium,Yes,3734210,1861497,714395,6451017,208
CP03387,Mumbai,1614,3261,3,5,4,Premium,Standard,Yes,5734737,4643949,1515859,12069554,236
CP03388,Chennai,2511,3748,2,7,8,Standard,Premium,No,5124316,2127101,1194851,8446269,224
CP03389,Hyderabad,1202,1536,2,2,1,Premium,Basic,Yes,1690480,1280936,497232,3662951,172
CP03390,Chennai,4421,5260,2,8,8,Premium,Basic,No,5142668,4367772,1556289,11066729,220
CP03391,Kochi,1290,3065,3,7,8,Standard,Basic,No,2683937,1740111,900100,5324147,231
CP03392,Chennai,1093,1429,2,3,2,Standard,Basic,Yes,1368068,843466,452246,2814814,160
CP03393,Hyderabad,1089,2461,3,5,5,Premium,Premium,Yes,3405773,2094497,711021,6342326,240
CP03394,Hyderabad,3156,7419,3,8,8,Standard,Standard,Yes,8302194,4913607,2406124,15755602,257
CP03395,Pune,894,1227,2,2,2,Standard,Standard,Yes,1589078,887686,384234,3015402,121
CP03396,Delhi,4627,2971,1,5,4,Standard,Premium,Yes,6057136,2533511,1343856,10048904,116
CP03397,Kochi,3443,3107,2,5,5,Standard,Premium,No,4220058,1715324,834269,6769651,160
CP03398,Mumbai,3512,4888,3,8,8,Standard,Basic,Yes,7563759,4717150,2341318,14746162,212
CP03399,Mumbai,2317,1205,1,2,1,Standard,Standard,Yes,2109087,1271002,587645,4193558,121
CP03400,Kochi,3196,3292,2,5,5,Standard,Standard,Yes,3593535,1952638,833242,6526217,174
CP03401,Chennai,2473,4000,3,7,6,Economy,Standard,Yes,4078324,2176632,1049280,7449908,224
CP03402,Kochi,3858,4295,2,8,7,Premium,Standard,Yes,5015993,3442266,1192676,9831181,215
CP03403,Bengaluru,3417,3936,2,7,7,Standard,Basic,Yes,4322924,2843574,1494055,8780245,177
CP03404,Bengaluru,1044,623,1,1,2,Economy,Standard,Yes,780230,366245,212465,1578373,91
CP03405,Delhi,4241,2055,1,4,5,Economy,Premium,Yes,4087814,1572973,887596,6676106,119
CP03406,Chennai,1341,1869,3,3,4,Standard,Premium,Yes,2652780,962642,455562,4171873,185
CP03407,Pune,2641,1811,1,3,4,Premium,Standard,No,2132426,1659511,627402,4419339,128
CP03408,Hyderabad,1279,1632,2,3,3,Economy,Basic,Yes,1755827,894852,529159,3334121,152
CP03409,Chennai,3067,5570,3,8,7,Economy,Premium,No,8328592,2717389,1736667,12782647,260
CP03410,Mumbai,4297,5775,2,8,7,Standard,Standard,Yes,10552384,5639562,2778530,19210442,207
CP03411,Bengaluru,1958,5793,4,8,8,Standard,Standard,No,7354261,4116018,1845121,13315401,290
CP03412,Bengaluru,662,1587,4,3,2,Standard,Standard,Yes,1960230,1000220,522615,3671435,215
CP03413,Bengaluru,3159,4260,2,7,6,Standard,Standard,No,5348902,2993006,1389327,9731234,190
CP03414,Pune,4369,3424,1,6,6,Standard,Standard,No,4128711,2406710,1166717,7702137,152
CP03415,Mumbai,4951,11048,3,8,8,Standard,Standard,No,18681923,11498535,5228455,35408913,269
CP03416,Pune,734,879,2,1,1,Premium,Basic,No,964053,807798,304456,2076306,150
CP03417,Hyderabad,4244,2867,1,5,4,Economy,Premium,Yes,4614665,1529022,936786,7264595,148
CP03418,Chennai,2735,4200,3,7,7,Standard,Premium,Yes,5965215,2643136,1392670,10212336,207
CP03419,Chennai,3878,2505,1,5,5,Premium,Premium,Yes,3653782,1944162,756297,6556230,164
CP03420,Kochi,1422,3384,3,7,7,Premium,Premium,Yes,4476365,2707663,951320,8297303,242
CP03421,Bengaluru,3674,2319,1,4,4,Economy,Standard,Yes,3037470,1357761,804535,5354685,146
CP03422,Kochi,3581,2774,1,6,7,Premium,Standard,Yes,2822558,2261810,663927,5852108,184
CP03423,Bengaluru,720,426,1,1,2,Standard,Basic,Yes,476985,287127,143671,993235,105
CP03424,Hyderabad,2237,7154,4,8,8,Standard,Basic,Yes,7590497,4896916,2335679,14949236,291
CP03425,Pune,1524,1989,2,3,2,Standard,Standard,Yes,2311315,1393186,644548,4516198,157
CP03426,Delhi,1244,1734,3,4,4,Standard,Standard,Yes,2716559,1484194,717172,5076601,194
CP03427,Delhi,2632,3449,2,6,6,Economy,Premium,Yes,7195211,2499213,1421783,11354314,175
CP03428,Delhi,3361,3670,2,6,7,Standard,Standard,Yes,5688632,3347452,1687217,10845242,204
CP03429,Mumbai,2668,1230,1,2,2,Standard,Standard,No,2240023,1308790,599752,4148565,111
CP03430,Hyderabad,841,1240,2,2,3,Premium,Standard,No,1358204,1037359,386717,2782280,157
CP03431,Chennai,3268,3571,2,7,6,Standard,Basic,Yes,3598670,2111949,1226405,7153098,172
CP03432,Chennai,1402,2043,2,4,3,Standard,Premium,Yes,2868183,1306838,564206,4888466,146
CP03433,Pune,4764,5248,2,8,8,Standard,Standard,Yes,6447951,3058916,1659752,11279500,208
CP03434,Kochi,795,1647,4,3,3,Standard,Standard,Yes,1830010,819867,438561,3325027,210
CP03435,Hyderabad,2787,2204,1,3,4,Standard,Premium,Yes,2914185,1338347,661684,4995558,127
CP03436,Mumbai,4115,9490,4,8,8,Standard,Standard,No,16287704,9268874,4892497,30449075,305
CP03437,Hyderabad,2930,1935,1,3,3,Standard,Standard,No,2030127,1154168,572264,3756560,111
CP03438,Hyderabad,2959,3926,2,8,8,Standard,Standard,No,4311244,2324107,1237858,7873209,200
CP03439,Pune,4206,5435,2,8,8,Standard,Standard,Yes,6451328,3509234,1842950,11972535,207
CP03440,Mumbai,876,1349,2,2,2,Economy,Basic,Yes,2210317,1178531,673799,4252350,135
CP03441,Delhi,660,905,2,1,1,Standard,Premium,Yes,1870355,747171,364722,3193999,132
CP03442,Chennai,3990,4718,2,8,8,Standard,Premium,Yes,6956939,2994727,1461797,11533330,199
CP03443,Bengaluru,2513,3778,2,6,6,Premium,Standard,Yes,4886258,3546569,1266199,9838832,199
CP03444,Kochi,4527,6972,3,8,8,Standard,Standard,Yes,6894915,4292182,1986438,13359772,261
CP03445,Delhi,3191,4087,2,7,8,Premium,Premium,No,8444675,4591314,1604282,14640270,214
CP03446,Mumbai,1166,2737,3,6,6,Economy,Standard,No,4686522,2286130,1209227,8181879,228
CP03447,Chennai,4535,3033,1,5,4,Standard,Premium,Yes,4414897,1845083,928348,7408700,134
CP03448,Delhi,2171,3195,2,6,5,Standard,Standard,No,4739620,2672906,1532940,8945466,175
CP03449,Pune,1800,2443,2,5,4,Standard,Standard,Yes,2934691,1681597,789672,5619173,157
CP03450,Kochi,3454,5138,2,8,8,Premium,Standard,Yes,5354671,4101597,1460598,11139631,233
CP03451,Mumbai,3495,5456,2,8,8,Premium,Standard,Yes,9735271,7174141,2713690,19708785,243
CP03452,Mumbai,1836,2003,2,4,4,Standard,Basic,Yes,3066231,1744259,1022234,5987346,148
CP03453,Chennai,736,374,1,1,2,Standard,Standard,Yes,422287,211898,119637,958497,98
CP03454,Chennai,1629,1008,1,2,2,Premium,Standard,Yes,1050560,781160,312082,2362234,118
CP03455,Hyderabad,2756,1917,1,3,4,Standard,Standard,No,2364743,1225650,597501,4187894,125
CP03456,Hyderabad,3194,3382,2,5,4,Premium,Basic,Yes,3409894,2879478,1108764,7576695,205
CP03457,Mumbai,1261,1138,2,2,1,Premium,Standard,No,1846051,1424179,559056,3829287,161
CP03458,Bengaluru,3072,7004,4,8,8,Standard,Standard,Yes,8834508,4648741,2407598,16079859,292
CP03459,Pune,3277,7757,3,8,8,Standard,Premium,Yes,12000739,5312441,2699974,20112284,276
CP03460,Chennai,2908,2015,1,4,4,Standard,Premium,Yes,2775639,1168902,619990,4651931,137
CP03461,Hyderabad,686,1215,3,3,3,Economy,Premium,Yes,1922524,572245,366656,3006014,185
CP03462,Pune,3112,4830,3,7,7,Standard,Standard,Yes,6020771,3222736,1492039,10901230,244
CP03463,Kochi,3542,4070,2,7,7,Economy,Premium,Yes,5631287,1924374,1049234,8731221,188
CP03464,Delhi,3373,3436,2,7,8,Standard,Basic,No,4580301,3004371,1361561,8946233,182
CP03465,Delhi,3104,6049,4,8,7,Premium,Basic,Yes,8206176,6621349,2545260,17497662,321
CP03466,Mumbai,3910,6000,2,8,8,Economy,Basic,Yes,9271705,4853020,3057114,17302531,215
CP03467,Chennai,2300,5514,3,8,8,Economy,Premium,Yes,7308819,2859470,1642656,11936512,241
CP03468,Delhi,4270,2166,1,5,6,Standard,Basic,No,3034668,1624884,925838,5585389,141
CP03469,Kochi,3300,1547,1,2,2,Standard,Basic,Yes,1475003,857646,456806,3005418,105
CP03470,Chennai,4229,4782,2,8,8,Standard,Standard,Yes,5285900,2765892,1329953,9520188,220
CP03471,Hyderabad,2247,2748,2,6,6,Standard,Standard,Yes,3202822,1694221,843170,5884122,152
CP03472,Delhi,3918,6131,3,8,8,Economy,Premium,Yes,11718092,4275012,2395290,18623689,241
CP03473,Bengaluru,4287,9525,4,8,7,Economy,Standard,No,11618028,5599096,3219722,20436846,312
CP03474,Delhi,1196,1244,2,3,3,Premium,Standard,Yes,1891512,1427056,530791,4003571,195
CP03475,Chennai,1084,781,1,2,2,Standard,Basic,No,816006,484372,235403,1535781,116
CP03476,Bengaluru,1245,2612,3,5,6,Standard,Standard,Yes,3457832,1852179,856627,6356518,196
CP03477,Pune,3689,4959,2,8,8,Premium,Basic,Yes,5512028,4691189,1690036,12035161,251
CP03478,Delhi,4984,2918,1,6,6,Premium,Standard,No,4855891,3476825,1244895,9577611,152
CP03479,Chennai,1320,2027,2,4,3,Economy,Standard,Yes,2275165,1107947,623739,4114655,147
CP03480,Delhi,1098,2600,3,5,5,Standard,Standard,No,4105855,2322781,1102196,7530831,201
CP03481,Delhi,2273,3482,3,7,8,Standard,Premium,Yes,7383584,2855909,1396515,11733596,230
CP03482,Chennai,3667,3872,2,7,6,Standard,Premium,Yes,5691035,2292859,1077028,9255311,180
CP03483,Bengaluru,714,905,2,2,1,Standard,Basic,Yes,1098288,618652,319506,2231121,134
CP03484,Hyderabad,3579,6899,4,8,7,Standard,Basic,No,7179690,4612009,2228469,14020168,303
CP03485,Kochi,2336,2816,2,5,5,Economy,Standard,No,2867348,1351993,806262,5025603,156
CP03486,Delhi,4211,5504,2,8,8,Standard,Basic,Yes,7599437,4816401,2603570,15221791,194
CP03487,Mumbai,2853,3610,2,8,8,Standard,Standard,Yes,6414016,3148736,1685114,11402155,189
CP03488,Pune,2894,4912,3,8,8,Standard,Standard,Yes,5728419,2912548,1654363,10513449,269
CP03489,Chennai,4230,2706,1,4,3,Economy,Premium,Yes,3759318,1474198,817258,6216722,132
CP03490,Delhi,746,586,1,1,1,Economy,Standard,Yes,887174,430468,245626,1740248,80
CP03491,Kochi,4582,4784,2,8,8,Premium,Basic,Yes,4301677,3914887,1276343,9575951,246
CP03492,Hyderabad,4053,5505,2,8,8,Economy,Basic,No,5587831,2734217,1706004,10028052,187
CP03493,Chennai,3010,2800,2,4,3,Standard,Basic,No,2853487,1701500,888558,5443545,160
CP03494,Delhi,736,348,1,1,1,Standard,Standard,No,552941,271829,151333,976104,91
CP03495,Pune,3960,5093,2,8,7,Standard,Standard,No,5816791,3526453,1766641,11109885,220
CP03496,Mumbai,3605,3509,2,7,6,Economy,Premium,Yes,8127836,2880196,1622826,12718769,173
CP03497,Chennai,4152,1900,1,4,4,Standard,Standard,No,2084207,1138223,601644,3824074,137
CP03498,Delhi,618,315,1,1,2,Standard,Standard,Yes,505495,277367,123610,1016850,102
CP03499,Bengaluru,2842,7363,4,8,8,Standard,Standard,No,9213893,5080088,2510369,16804350,305
CP03500,Hyderabad,1048,2188,3,4,4,Premium,Basic,Yes,2161657,1857682,647097,4873472,209
CP03501,Mumbai,2548,1327,1,2,3,Standard,Premium,Yes,2977078,1187509,704752,4953365,124
CP03502,Chennai,1545,3169,3,6,6,Standard,Basic,No,2987056,2038350,959905,5985311,193
CP03503,Delhi,4836,4970,2,8,8,Economy,Standard,No,6963424,3584840,2205931,12754196,191
CP03504,Mumbai,2520,6700,4,8,8,Standard,Basic,No,10590168,6631319,3293540,20515028,288
CP03505,Bengaluru,3577,4250,2,8,8,Standard,Standard,No,5487904,2746217,1513182,9747304,198
CP03506,Chennai,4788,6500,2,8,8,Standard,Premium,Yes,9364545,4188941,1827794,15576654,199
CP03507,Mumbai,4615,3684,1,6,6,Standard,Basic,No,5535527,3581059,1761564,10878150,176
CP03508,Chennai,838,1304,2,2,3,Economy,Standard,No,1356796,724997,365820,2447613,117
CP03509,Chennai,804,1452,4,2,2,Economy,Basic,No,1450015,780601,423389,2654005,188
CP03510,Mumbai,3207,4874,2,8,8,Standard,Standard,Yes,9160960,4125614,2342927,15816200,209
CP03511,Chennai,4940,4675,2,7,6,Standard,Standard,Yes,5408863,2924836,1323546,9756746,196
CP03512,Bengaluru,3988,3124,1,6,5,Economy,Standard,Yes,3905443,1923022,993698,6981055,127
CP03513,Mumbai,3572,5879,3,8,7,Premium,Standard,Yes,10434596,7886923,2614568,21146599,302
CP03514,Delhi,4990,5825,2,8,8,Standard,Premium,No,12087626,4960328,2536875,19584828,212
CP03515,Kochi,3287,3169,2,6,6,Economy,Standard,Yes,3292546,1525372,885057,5916102,173
CP03516,Mumbai,4766,9327,4,8,7,Standard,Standard,Yes,15533114,8967132,4125578,28767091,300
CP03517,Bengaluru,1948,1372,1,3,3,Economy,Standard,No,1539820,863444,471033,2874297,92
CP03518,Bengaluru,5000,7805,2,8,8,Economy,Standard,Yes,9945122,4928285,2804219,17807571,235
CP03519,Bengaluru,1416,3759,4,7,6,Standard,Basic,Yes,4245599,2577865,1285372,8190985,265
CP03520,Delhi,1420,1989,2,3,2,Standard,Standard,Yes,2854047,1609980,762292,5417411,147
CP03521,Delhi,792,1135,2,2,2,Standard,Basic,Yes,1483316,1016457,470506,3063886,137
CP03522,Kochi,2376,2575,2,4,4,Premium,Standard,Yes,2662613,2078290,696549,5611384,180
CP03523,Kochi,4245,5932,3,8,8,Standard,Standard,No,6063446,3425179,1711204,11199829,260
CP03524,Chennai,850,383,1,1,1,Economy,Basic,Yes,400892,186383,112007,791923,82
CP03525,Chennai,2388,5470,4,8,8,Standard,Standard,Yes,6358498,3014159,1657130,11229551,272
CP03526,Pune,4300,6895,3,8,8,Standard,Premium,Yes,10477127,4733277,2032550,17467811,254
CP03527,Kochi,3063,1445,1,3,2,Standard,Standard,Yes,1600899,802639,412229,3055813,87
CP03528,Kochi,1767,2718,3,5,4,Standard,Standard,Yes,3024020,1507712,759611,5431975,211
CP03529,Chennai,4493,4435,2,8,8,Standard,Premium,Yes,6416363,2723729,1255053,10541440,203
CP03530,Bengaluru,1696,2612,2,5,5,Standard,Standard,No,3181143,1757548,901288,5839980,175
CP03531,Pune,3279,4909,3,8,7,Standard,Basic,Yes,5371373,3166313,1583815,10323706,238
CP03532,Kochi,2447,6246,4,8,7,Standard,Standard,Yes,5972208,3439482,1766199,11403820,273
CP03533,Bengaluru,4504,2961,1,5,6,Standard,Standard,Yes,3657595,2115538,957209,6828366,137
CP03534,Hyderabad,1104,1413,2,2,3,Economy,Standard,Yes,1649409,721088,447388,2986996,150
CP03535,Kochi,2221,2152,2,4,4,Standard,Standard,Yes,2283518,1136315,542834,4093631,152
CP03536,Delhi,3072,3450,2,6,6,Economy,Standard,Yes,5218482,2346249,1425974,9198196,192
CP03537,Mumbai,3146,2944,2,5,4,Economy,Standard,No,5195978,2575290,1403899,9175166,167
CP03538,Hyderabad,1987,1169,1,2,1,Standard,Standard,Yes,1295157,715097,403657,2524638,97
CP03539,Delhi,3594,3709,2,7,7,Standard,Standard,Yes,6033474,3192192,1525172,10876569,202
CP03540,Delhi,4416,5710,2,8,8,Standard,Premium,No,12093478,4722333,2615233,19431043,214
CP03541,Bengaluru,1317,912,1,2,3,Standard,Standard,Yes,1186467,623076,334445,2259940,84
CP03542,Chennai,4084,7795,3,8,8,Premium,Standard,Yes,8482685,6747787,2308989,17685557,284
CP03543,Mumbai,1258,2271,3,4,4,Standard,Standard,Yes,3865286,2193955,1085296,7290310,180
CP03544,Chennai,4608,5396,2,8,7,Economy,Standard,No,6136415,2981358,1505350,10623124,215
CP03545,Chennai,4834,7198,2,8,8,Standard,Premium,No,10369136,4737502,2071828,17178465,208
CP03546,Kochi,4364,4597,2,7,7,Standard,Basic,Yes,4150208,2827841,1321519,8425774,198
CP03547,Mumbai,3589,5074,2,8,7,Standard,Standard,Yes,9308328,4744431,2376093,16622224,213
CP03548,Mumbai,2704,1933,1,4,4,Standard,Standard,Yes,3341182,1872011,972289,6289333,129
CP03549,Hyderabad,1855,3320,3,6,7,Standard,Standard,Yes,3702116,2246681,1081607,7178147,209
CP03550,Bengaluru,3082,1707,1,3,2,Standard,Standard,Yes,2241122,1224725,596302,4207179,114
CP03551,Chennai,983,604,1,1,1,Standard,Basic,Yes,579098,383492,187701,1301385,82
CP03552,Bengaluru,3207,1547,1,2,1,Premium,Basic,No,1770116,1531094,544617,3845827,129
CP03553,Bengaluru,793,369,1,1,1,Standard,Standard,Yes,490743,271204,127205,1033907,78
CP03554,Kochi,4407,2155,1,5,4,Economy,Standard,Yes,2358521,992882,585671,4054555,132
CP03555,Pune,4319,8905,4,8,8,Economy,Standard,No,10922295,4982878,3258083,19163255,304
CP03556,Hyderabad,3181,3985,2,8,8,Premium,Standard,No,4386785,3280551,1302071,8969407,221
CP03557,Chennai,3165,2364,1,5,6,Standard,Standard,Yes,2548662,1410474,723205,4857999,123
CP03558,Delhi,3363,1790,1,4,4,Standard,Standard,No,3023014,1519882,715522,5258418,141
CP03559,Mumbai,3398,10565,4,8,8,Premium,Standard,Yes,19299298,13766110,5798315,39049872,327
CP03560,Mumbai,2939,4609,2,8,7,Premium,Basic,Yes,7233168,5798418,2115363,15277336,243
CP03561,Bengaluru,4006,6294,2,8,8,Standard,Basic,Yes,6804720,4068727,2175244,13226492,226
CP03562,Hyderabad,1331,2967,3,6,5,Economy,Standard,Yes,3166444,1468045,938392,5659271,217
CP03563,Hyderabad,3472,4009,2,7,7,Economy,Standard,Yes,4855462,2343455,1159586,8581991,197
CP03564,Chennai,3720,3537,2,7,7,Standard,Standard,Yes,4082909,2254022,1088877,7577173,191
CP03565,Chennai,4777,3100,1,6,7,Standard,Standard,Yes,3404794,1891996,948516,6413702,128
CP03566,Bengaluru,3204,4136,2,7,6,Standard,Standard,Yes,5146026,2446250,1334772,9143314,206
CP03567,Bengaluru,2982,4458,2,8,7,Standard,Standard,Yes,5895228,2950005,1605060,10576331,198
CP03568,Bengaluru,1131,1806,2,3,3,Standard,Premium,Yes,2794285,1277404,586645,4806711,159
CP03569,Pune,4916,6173,2,8,8,Economy,Standard,Yes,8066354,3609825,1997234,13851769,213
CP03570,Hyderabad,1234,1408,2,2,1,Economy,Standard,Yes,1674234,742302,422659,2965071,144
CP03571,Bengaluru,2369,1220,1,2,3,Standard,Premium,Yes,1905738,865224,436131,3448930,106
CP03572,Kochi,4404,1989,1,3,3,Economy,Standard,No,2143851,959170,583787,3686808,109
CP03573,Hyderabad,2970,3731,2,6,5,Standard,Standard,No,4191500,2484064,1095334,7770899,193
CP03574,Delhi,602,1551,4,2,1,Standard,Standard,Yes,2260917,1300447,628042,4311681,193
CP03575,Mumbai,805,1189,2,2,1,Premium,Standard,Yes,2158143,1535498,550743,4351144,182
CP03576,Mumbai,4735,5933,2,8,8,Premium,Premium,Yes,12974923,7497405,2958243,23550418,255
CP03577,Hyderabad,3221,4965,2,8,8,Standard,Basic,Yes,4885231,3246162,1496915,9755456,203
CP03578,Delhi,3490,2337,1,4,3,Standard,Premium,Yes,4769384,2003945,974175,7979920,127
CP03579,Mumbai,3793,2822,1,5,4,Economy,Standard,Yes,4946139,2169580,1335486,8649125,132
CP03580,Mumbai,3266,3278,2,6,5,Standard,Premium,Yes,7803522,3207944,1542426,12801088,171
CP03581,Mumbai,3906,2927,1,5,5,Standard,Basic,Yes,4580693,2836172,1550007,9169543,135
CP03582,Chennai,1497,1027,1,2,1,Standard,Premium,Yes,1445696,645888,295576,2516296,104
CP03583,Delhi,1685,2575,3,5,5,Standard,Basic,Yes,3278196,2153285,1066712,6661086,220
CP03584,Chennai,1879,970,1,2,2,Economy,Standard,No,1088439,470610,297337,1856386,98
CP03585,Hyderabad,1270,1966,2,3,4,Premium,Standard,Yes,2269112,1634324,603498,4636403,180
CP03586,Hyderabad,2105,1941,2,3,2,Standard,Standard,Yes,2348412,1334982,589840,4485073,165
CP03587,Pune,4175,5109,2,8,7,Premium,Standard,Yes,6369799,4503720,1720289,12676286,243
CP03588,Chennai,2555,2860,2,5,4,Standard,Basic,Yes,2869012,1804657,898312,5672263,154
CP03589,Hyderabad,849,1159,2,3,3,Standard,Standard,Yes,1299517,680139,393619,2515413,145
CP03590,Chennai,2492,3707,2,8,8,Economy,Standard,Yes,4009955,1927999,1098893,7270022,209
CP03591,Pune,4039,6980,3,8,8,Standard,Standard,Yes,8631359,4253606,2196939,15326761,282
CP03592,Hyderabad,2453,4411,3,8,7,Premium,Standard,No,5084186,3764722,1324642,10173550,270
CP03593,Hyderabad,3454,2741,1,5,5,Premium,Basic,Yes,3010901,2244916,936085,6416875,140
CP03594,Hyderabad,2103,1523,1,2,3,Standard,Standard,Yes,1851564,915138,489102,3337966,82
CP03595,Hyderabad,3985,9133,3,8,8,Standard,Standard,No,10442964,5453732,2735473,18632169,256
CP03596,Bengaluru,4171,5034,2,8,7,Standard,Standard,Yes,6391777,3436323,1665937,11742230,195
CP03597,Delhi,4392,4672,2,8,8,Standard,Premium,Yes,9056132,3551556,1831465,14648320,214
CP03598,Delhi,4026,4784,2,8,7,Standard,Standard,Yes,7337240,3729377,1999753,13260740,228
CP03599,Chennai,643,450,1,1,1,Standard,Basic,Yes,462427,271264,138907,1030213,99
CP03600,Chennai,4212,4113,2,7,7,Premium,Basic,Yes,3983285,3040501,1348336,8549371,234
CP03601,Chennai,3218,3505,2,7,7,Standard,Standard,Yes,3798911,1943001,1119929,7046243,198
CP03602,Pune,3763,1754,1,4,4,Standard,Standard,Yes,2023136,1261056,580089,3965620,126
CP03603,Kochi,1888,2270,2,4,4,Premium,Basic,Yes,2086822,1883994,620086,4718619,180
CP03604,Bengaluru,3542,7859,3,8,8,Standard,Basic,Yes,9167077,5196995,2786008,17330088,267
CP03605,Kochi,819,751,2,1,1,Economy,Standard,No,777238,369846,191306,1338391,122
CP03606,Chennai,2525,1733,1,4,4,Economy,Standard,No,1818495,847416,495321,3161232,131
CP03607,Chennai,3572,5546,2,8,8,Standard,Basic,Yes,5537122,3197535,1727209,10656814,215
CP03608,Hyderabad,4113,6575,3,8,8,Premium,Standard,No,7578525,4715312,2179979,14473815,280
CP03609,Kochi,3048,6334,3,8,8,Premium,Premium,Yes,8990461,5246569,1946913,16314760,270
CP03610,Hyderabad,4071,6442,2,8,8,Standard,Premium,No,9620109,4170994,2015452,15806556,213
CP03611,Kochi,3374,2654,1,5,5,Economy,Premium,Yes,3461956,1333595,815221,5736318,127
CP03612,Kochi,1590,2538,3,4,4,Economy,Premium,No,3580730,1262391,706662,5549783,175
CP03613,Hyderabad,3546,3440,2,7,8,Standard,Standard,No,3819114,2145621,1053493,7018228,176
CP03614,Chennai,2412,1210,1,3,3,Premium,Basic,Yes,1135542,956298,369695,2609340,144
CP03615,Hyderabad,1403,1952,2,4,4,Premium,Standard,Yes,2160772,1657305,657030,4560562,156
CP03616,Chennai,1089,1533,2,3,3,Standard,Standard,No,1645103,987207,485812,3118122,176
CP03617,Kochi,4156,5701,2,8,8,Standard,Premium,Yes,7159188,3253318,1725533,12381457,204
CP03618,Pune,2093,1188,1,3,4,Standard,Standard,Yes,1338200,860179,404430,2763622,120
CP03619,Pune,4245,4324,2,8,8,Economy,Standard,Yes,5395452,2331531,1509031,9374333,177
CP03620,Mumbai,3491,6841,3,8,8,Standard,Standard,Yes,11957734,6078082,3289209,21431146,240
CP03621,Bengaluru,2305,4282,3,8,8,Premium,Standard,Yes,5380952,3804816,1505277,10901610,280
CP03622,Hyderabad,4116,11608,4,8,8,Standard,Standard,Yes,13377022,7254565,4267994,25104394,318
CP03623,Delhi,3940,9526,4,8,8,Premium,Standard,Yes,15001087,11552603,4211855,30992856,327
CP03624,Hyderabad,653,371,1,1,1,Standard,Premium,No,538807,228066,117005,883878,113
CP03625,Bengaluru,3175,3509,2,6,5,Economy,Standard,Yes,4538385,1907992,1268948,7887698,165
CP03626,Kochi,4191,4392,2,7,7,Economy,Standard,Yes,4610332,2129311,1172445,8074423,208
CP03627,Bengaluru,1215,1979,3,4,3,Premium,Standard,Yes,2407534,1956054,669583,5145711,217
CP03628,Kochi,1554,1501,2,3,2,Standard,Standard,No,1606755,855379,422577,2884711,137
CP03629,Mumbai,3033,6932,4,8,8,Standard,Standard,Yes,12228269,6721841,3184183,22288648,263
CP03630,Bengaluru,2229,2063,2,3,2,Standard,Standard,No,2500448,1421545,787322,4709315,128
CP03631,Chennai,3381,5226,3,8,7,Standard,Standard,Yes,5525399,3102588,1612402,10425221,244
CP03632,Hyderabad,1249,888,1,2,2,Premium,Basic,Yes,940790,845880,289539,2160244,131
CP03633,Bengaluru,2947,1661,1,3,3,Standard,Standard,Yes,2186428,1221367,569464,4063346,104
CP03634,Chennai,3878,7956,3,8,8,Premium,Standard,Yes,8850536,7048168,2221706,18299366,285
CP03635,Bengaluru,3240,2270,1,4,4,Economy,Premium,No,3865817,1523384,780188,6169389,122
CP03636,Delhi,4401,8627,3,8,8,Standard,Basic,Yes,12546585,7712803,3531472,24030120,256
CP03637,Chennai,3161,2483,1,4,3,Standard,Basic,Yes,2436028,1454738,699491,4803773,113
CP03638,Pune,3849,3521,2,6,6,Premium,Premium,No,5574990,3275712,1214877,10065579,218
CP03639,Chennai,970,1374,2,2,2,Standard,Basic,Yes,1396677,903180,405616,2882013,153
CP03640,Mumbai,1457,2289,2,5,5,Standard,Basic,Yes,3459387,2256083,981360,6828891,172
CP03641,Kochi,983,1478,2,3,2,Standard,Basic,No,1447565,827923,421249,2696738,152
CP03642,Chennai,4477,4555,2,8,8,Standard,Premium,Yes,6868861,2920719,1368082,11397209,213
CP03643,Bengaluru,3152,1778,1,3,2,Economy,Premium,No,2837589,976387,641161,4455136,111
CP03644,Pune,4934,2518,1,4,4,Economy,Standard,No,3396517,1422589,836930,5656036,118
CP03645,Pune,4890,6459,2,8,8,Premium,Standard,Yes,8063778,5973328,2053100,16260356,221
CP03646,Chennai,3325,4650,2,8,8,Standard,Standard,Yes,5083774,2774979,1436675,9484933,198
CP03647,Bengaluru,4634,7798,3,8,8,Standard,Premium,Yes,11758284,5548900,2585578,20104054,249
CP03648,Pune,3893,4973,2,8,8,Premium,Basic,Yes,5395718,4575505,1710540,11834393,224
CP03649,Delhi,4851,6712,2,8,7,Economy,Premium,No,13664230,4926568,3014527,21605325,219
CP03650,Chennai,4588,5482,2,8,8,Standard,Basic,Yes,5493960,3258203,1399896,10293562,207
CP03651,Chennai,1522,1139,1,2,3,Premium,Standard,Yes,1187216,904004,326338,2571255,137
CP03652,Kochi,3515,5061,2,8,8,Premium,Basic,Yes,4633945,3871972,1482606,10184238,223
CP03653,Chennai,3550,6711,4,8,7,Standard,Standard,Yes,7582947,3750437,2024455,13607742,267
CP03654,Pune,3646,7299,3,8,8,Standard,Standard,Yes,9041153,5148815,2596128,16873119,262
CP03655,Hyderabad,1574,1675,2,3,3,Standard,Standard,No,2007538,1083803,567226,3658566,158
CP03656,Bengaluru,1830,2361,2,4,4,Premium,Standard,Yes,3000851,2217810,859808,6311385,180
CP03657,Mumbai,3035,7146,3,8,7,Standard,Standard,No,12561003,6627803,3082959,22271764,249
CP03658,Mumbai,2414,3658,2,8,8,Standard,Standard,Yes,6569807,3534310,1738663,12006606,202
CP03659,Bengaluru,3534,2090,1,3,2,Economy,Standard,Yes,2653835,1232450,748760,4771287,122
CP03660,Hyderabad,1963,1083,1,2,1,Standard,Standard,Yes,1174310,667432,340604,2396862,80
CP03661,Kochi,4540,4830,2,8,8,Standard,Basic,No,4818886,2897650,1366126,9082662,217
CP03662,Kochi,803,2044,4,3,2,Standard,Standard,Yes,2214733,1099225,625796,4076887,204
CP03663,Kochi,760,744,2,1,1,Standard,Standard,No,790637,404773,216599,1412008,110
CP03664,Kochi,1368,878,1,2,1,Premium,Standard,No,867298,713170,246441,1826909,125
CP03665,Bengaluru,4348,1958,1,4,4,Standard,Standard,No,2559864,1452625,627460,4639949,117
CP03666,Chennai,3181,5376,3,8,7,Standard,Standard,Yes,5809832,3270597,1779282,11069792,244
CP03667,Delhi,1693,2676,3,5,5,Premium,Standard,Yes,4257881,2884794,1144317,8534740,236
CP03668,Bengaluru,1207,1906,2,4,4,Economy,Standard,Yes,2463788,1191776,639163,4408070,177
CP03669,Bengaluru,2140,3015,2,5,4,Standard,Premium,Yes,4890764,2102353,1098300,8316474,160
CP03670,Delhi,3475,1989,1,4,3,Premium,Standard,No,3191949,2269414,755009,6216373,165
CP03671,Pune,3791,5487,3,8,7,Economy,Standard,No,6322744,3315964,2001061,11639769,226
CP03672,Mumbai,2437,4612,3,8,8,Premium,Standard,No,8135371,6226637,2294920,16656928,254
CP03673,Mumbai,1289,1352,2,3,4,Standard,Premium,Yes,3298614,1274021,734402,5534681,135
CP03674,Chennai,4359,8339,3,8,7,Standard,Standard,Yes,9351464,4610516,2596717,16650843,237
CP03675,Delhi,3549,2634,1,4,5,Standard,Standard,Yes,4204574,2177629,1122124,7673290,132
CP03676,Kochi,2703,1798,1,3,2,Standard,Standard,Yes,1884872,1049142,493849,3667692,128
CP03677,Kochi,965,648,1,1,1,Premium,Standard,No,676580,514530,179824,1370934,132
CP03678,Chennai,4175,2669,1,5,5,Standard,Standard,No,2792561,1503233,741094,5036888,116
CP03679,Pune,4799,7434,2,8,8,Standard,Premium,Yes,11620770,4747139,2744278,19281455,247
CP03680,Chennai,4772,7407,2,8,8,Economy,Basic,Yes,7530550,3219498,2239783,13097472,221
CP03681,Delhi,4925,6200,2,8,8,Standard,Standard,Yes,9130180,5298203,2739972,17292975,231
CP03682,Delhi,2978,3317,2,6,7,Standard,Premium,Yes,6384846,2547483,1479199,10572267,179
CP03683,Hyderabad,1805,2205,2,4,3,Standard,Basic,Yes,2330539,1357311,685237,4522317,157
CP03684,Pune,4439,2287,1,4,5,Premium,Standard,Yes,2858779,1946259,718386,5728505,150
CP03685,Delhi,3335,4487,2,8,7,Standard,Premium,Yes,9707032,3895894,1803517,15588987,228
CP03686,Delhi,3947,4934,2,8,8,Standard,Premium,No,9769533,4224112,1879901,15873547,223
CP03687,Pune,2275,2212,2,4,4,Economy,Standard,Yes,2650068,1195408,680960,4607774,158
CP03688,Kochi,898,1398,3,3,4,Premium,Basic,No,1358554,1084058,411222,2853834,207
CP03689,Bengaluru,1556,2884,3,4,5,Economy,Basic,Yes,3358373,1748595,1056057,6292902,206
CP03690,Kochi,1714,3911,3,7,6,Standard,Standard,No,4044776,2263119,1115008,7422904,205
CP03691,Bengaluru,3105,4025,2,8,8,Standard,Basic,No,4577269,2308511,1465574,8351355,175
CP03692,Hyderabad,2074,1428,1,3,3,Standard,Basic,Yes,1447102,1003482,475384,3065069,99
CP03693,Kochi,4326,4920,2,8,8,Standard,Standard,Yes,4903649,2879802,1375768,9397832,210
CP03694,Delhi,4071,2646,1,4,3,Standard,Standard,Yes,4052814,2347480,1183824,7711936,139
CP03695,Pune,3428,4158,2,8,8,Economy,Premium,Yes,6938890,2248369,1358754,10640115,187
CP03696,Pune,3450,2348,1,5,6,Standard,Basic,Yes,2483477,1477320,754906,4944448,151
CP03697,Bengaluru,3106,4358,3,8,8,Standard,Basic,Yes,4676786,2927298,1511285,9212234,231
CP03698,Kochi,4370,2721,1,5,5,Standard,Premium,No,3548071,1706078,709904,5964053,140
CP03699,Mumbai,3564,5919,3,8,8,Economy,Standard,Yes,10638963,4753137,2834870,18318898,240
CP03700,Mumbai,1549,2621,3,6,7,Standard,Premium,Yes,6099703,2508150,1083833,9927738,211
CP03701,Delhi,3450,5425,2,8,7,Standard,Premium,Yes,11412900,4979963,2370833,18880165,230
CP03702,Bengaluru,765,1179,3,2,3,Economy,Premium,No,2021195,679005,375173,3075373,166
CP03703,Delhi,4086,4567,2,8,8,Standard,Standard,Yes,7116897,3839288,1917394,13121426,193
CP03704,Chennai,3109,5861,3,8,7,Standard,Standard,Yes,6614867,3283504,1914897,12033248,254
CP03705,Pune,1519,2284,2,4,3,Economy,Standard,No,2680799,1405936,756946,4843681,171
CP03706,Kochi,713,1274,3,2,3,Standard,Standard,Yes,1368035,698612,321839,2585985,154
CP03707,Kochi,4104,5830,2,8,7,Premium,Standard,Yes,6065830,4447513,1674438,12372741,245
CP03708,Delhi,1591,4771,4,8,8,Premium,Standard,Yes,7597362,4506141,1973094,14312529,311
CP03709,Hyderabad,4439,4958,2,8,8,Premium,Basic,Yes,5240155,4180807,1649080,11205248,257
CP03710,Kochi,1858,2183,2,4,3,Standard,Standard,Yes,2238041,1239508,617928,4290289,154
CP03711,Mumbai,4026,6942,3,8,8,Economy,Basic,No,10512110,5546694,3555132,19613937,268
CP03712,Delhi,1114,2478,3,4,4,Premium,Standard,Yes,3739755,2565765,1067965,7496000,227
CP03713,Chennai,3796,3534,2,7,6,Economy,Premium,Yes,5090944,1851484,1115853,8246131,187
CP03714,Pune,3184,1776,1,3,4,Standard,Basic,Yes,1870932,1060792,582800,3655408,104
CP03715,Kochi,667,917,2,2,3,Standard,Standard,Yes,952406,479391,281471,1881166,142
CP03716,Chennai,2196,5691,4,8,8,Economy,Basic,Yes,5879212,2864666,1654888,10488927,266
CP03717,Delhi,618,1117,3,2,1,Premium,Premium,No,2341328,1343411,417549,4102288,189
CP03718,Pune,3330,6383,3,8,8,Standard,Premium,No,10232502,4202688,1967950,16403141,256
CP03719,Pune,4121,2139,1,4,3,Standard,Premium,Yes,3548125,1432769,710981,5831331,146
CP03720,Bengaluru,1172,1408,2,2,2,Premium,Premium,Yes,2198260,1267524,493651,4167384,151
CP03721,Bengaluru,2858,3575,2,7,8,Standard,Standard,Yes,4757092,2383684,1244874,8623704,182
CP03722,Hyderabad,3502,8041,3,8,8,Standard,Basic,No,7903967,5289043,2718132,15911141,262
CP03723,Hyderabad,1250,676,1,1,2,Standard,Standard,Yes,781093,452120,215355,1659765,85
CP03724,Kochi,3187,7206,3,8,8,Standard,Standard,Yes,7285422,4335518,2094315,13820562,231
CP03725,Chennai,3862,5217,2,8,8,Economy,Standard,No,5908310,2742693,1657135,10308138,197
CP03726,Bengaluru,1938,885,1,2,2,Standard,Standard,Yes,1049402,620659,274611,2069757,106
CP03727,Pune,4234,5958,2,8,8,Premium,Standard,Yes,6700251,4927713,2051425,13761010,238
CP03728,Bengaluru,3427,3169,2,7,7,Economy,Basic,Yes,3513458,1805826,1179652,6721015,193
CP03729,Pune,2817,4502,2,8,8,Economy,Standard,Yes,5289401,2435487,1549626,9433353,187
CP03730,Bengaluru,4139,3126,1,6,6,Economy,Basic,No,3477674,1839957,1098853,6416484,149
CP03731,Pune,1637,907,1,2,1,Standard,Standard,Yes,1067840,621919,313728,2221346,75
CP03732,Chennai,4983,8073,3,8,7,Standard,Standard,Yes,9124439,4762100,2110036,16114533,268
CP03733,Bengaluru,4578,2671,1,5,6,Premium,Standard,Yes,3367363,2177879,914328,6604933,181
CP03734,Mumbai,3561,2046,1,4,5,Standard,Basic,No,3441680,2088114,905577,6435371,106
CP03735,Mumbai,3826,4440,2,8,8,Standard,Premium,No,10252535,4071148,2180210,16503892,196
CP03736,Pune,1698,1906,2,4,3,Standard,Basic,Yes,2148884,1204977,591087,4108730,139
CP03737,Chennai,2924,5854,3,8,8,Standard,Standard,Yes,6588749,3625648,1845751,12252366,247
CP03738,Pune,1539,1562,2,2,2,Standard,Standard,Yes,1822112,1004328,502593,3491211,141
CP03739,Chennai,4316,9660,3,8,7,Standard,Basic,Yes,9364174,5802922,2674203,17994169,251
CP03740,Hyderabad,4014,5895,2,8,7,Standard,Basic,Yes,6371533,3775669,1751697,12133187,204
CP03741,Bengaluru,2048,1263,1,2,2,Economy,Basic,Yes,1335768,746298,401403,2645919,115
CP03742,Chennai,1170,875,1,2,1,Economy,Standard,No,981237,440656,261944,1683836,107
CP03743,Pune,3504,3759,2,6,6,Standard,Premium,Yes,5870748,2496350,1286360,9733593,186
CP03744,Kochi,3105,2832,2,5,6,Standard,Standard,Yes,2871262,1801885,775885,5568646,183
CP03745,Kochi,1517,3034,3,5,6,Standard,Standard,No,3136759,1841402,789000,5767161,228
CP03746,Hyderabad,2474,3019,2,6,5,Standard,Standard,Yes,3712948,1993305,950198,6866944,181
CP03747,Kochi,2278,2954,2,5,4,Premium,Basic,Yes,2586675,2327714,840086,5972976,205
CP03748,Pune,1215,929,1,2,1,Economy,Basic,Yes,962364,565246,297391,2056143,97
CP03749,Mumbai,2349,1854,1,3,2,Standard,Premium,Yes,3913112,1865917,848012,6768584,116
CP03750,Mumbai,4425,5947,2,8,8,Standard,Basic,No,9255000,6106961,3073741,18435701,203
CP03751,Bengaluru,4788,6870,2,8,8,Standard,Premium,Yes,11015447,5079006,2285893,18508282,196
CP03752,Delhi,3077,2949,2,6,7,Standard,Basic,Yes,4113564,2572521,1131485,8057410,188
CP03753,Bengaluru,4105,2078,1,4,4,Premium,Standard,No,2578254,1995898,713114,5287266,161
CP03754,Kochi,4075,5758,2,8,7,Economy,Premium,Yes,7963341,2757214,1692951,12615502,211
CP03755,Hyderabad,1735,3128,3,6,6,Economy,Standard,Yes,3499002,1844783,1012559,6568816,216
CP03756,Kochi,4600,5576,2,8,8,Standard,Standard,Yes,6315785,3183026,1436657,11101114,201
CP03757,Mumbai,974,1087,2,2,1,Standard,Standard,No,1960179,989633,559886,3509698,151
CP03758,Chennai,806,2136,4,4,4,Economy,Standard,Yes,2398066,1113729,648889,4399266,214
CP03759,Mumbai,1919,1975,2,4,4,Economy,Standard,Yes,3563110,1602118,980469,6271682,174
CP03760,Delhi,1741,2330,2,4,4,Standard,Premium,Yes,4469500,1865312,1134289,7635300,166
CP03761,Bengaluru,3290,1680,1,3,3,Standard,Standard,No,2104224,1108158,605991,3818374,116
CP03762,Pune,3855,3641,2,8,7,Premium,Standard,No,4369749,3261029,1242770,8873549,233
CP03763,Kochi,689,389,1,1,1,Standard,Premium,Yes,518479,223563,109362,977284,102
CP03764,Hyderabad,4708,9997,4,8,8,Standard,Standard,No,11386217,5869633,3148065,20403916,297
CP03765,Delhi,3620,8266,3,8,8,Standard,Standard,No,13151898,6824117,3220886,23196901,269
CP03766,Mumbai,2457,3458,3,7,7,Standard,Premium,Yes,7893323,3486088,1668263,13232445,220
CP03767,Chennai,1404,2155,3,4,4,Standard,Standard,Yes,2398906,1128083,709576,4381713,199
CP03768,Delhi,1544,1982,2,4,4,Standard,Standard,Yes,2846082,1644667,853737,5536916,139
CP03769,Chennai,3389,4191,2,8,8,Standard,Premium,Yes,5574018,2518567,1425533,9670081,194
CP03770,Chennai,4475,6256,3,8,7,Standard,Standard,No,6621768,3877727,1936454,12435948,269
CP03771,Hyderabad,2210,4000,4,8,7,Standard,Standard,Yes,4922971,2493706,1281175,8889284,287
CP03772,Chennai,3523,5607,2,8,8,Premium,Standard,Yes,6663232,4453707,1668169,12918428,259
CP03773,Chennai,4482,12201,4,8,7,Standard,Standard,Yes,13948823,7544261,4093228,25743362,330
CP03774,Mumbai,3821,4416,2,7,7,Standard,Basic,No,6884606,4228518,2060596,13173720,187
CP03775,Hyderabad,4991,6135,2,8,7,Economy,Standard,Yes,7206813,3575668,1848224,12855891,206
CP03776,Pune,2987,3245,2,7,8,Standard,Standard,Yes,4124686,2208268,1014199,7593262,200
CP03777,Pune,1541,879,1,2,2,Standard,Standard,No,1142483,603758,329437,2075678,113
CP03778,Chennai,3166,2143,1,3,3,Standard,Standard,No,2248864,1290649,648587,4188099,132
CP03779,Delhi,1575,1195,1,2,3,Economy,Standard,No,1855324,933442,504433,3293200,104
CP03780,Bengaluru,1554,1598,2,3,4,Premium,Standard,Yes,1995385,1446863,568526,4218830,177
CP03781,Hyderabad,1862,2771,2,5,4,Economy,Standard,Yes,3275532,1398613,859691,5691136,184
CP03782,Kochi,1543,1519,2,3,2,Standard,Standard,No,1590674,861771,413079,2865525,129
CP03783,Bengaluru,2802,5886,4,8,7,Economy,Standard,Yes,7147862,3406813,1931763,12714797,279
CP03784,Hyderabad,3927,3636,2,6,7,Standard,Basic,Yes,3839313,2274837,1087230,7295507,180
CP03785,Hyderabad,4874,4867,2,8,7,Premium,Basic,Yes,4918285,4548690,1348948,10953961,233
CP03786,Mumbai,2859,2204,1,4,4,Standard,Standard,No,3873553,2032158,1061654,6967365,140
CP03787,Chennai,2428,1483,1,2,1,Standard,Standard,Yes,1632121,887075,403291,3172292,111
CP03788,Mumbai,1857,2658,3,5,6,Premium,Basic,Yes,4494389,3163505,1317894,9180168,236
CP03789,Delhi,1064,1672,2,3,4,Premium,Standard,Yes,2607907,2075509,737474,5566996,159
CP03790,Kochi,3894,8850,3,8,8,Standard,Premium,Yes,11979825,4458373,2431055,18964775,249
CP03791,Bengaluru,1830,1306,1,2,2,Premium,Basic,No,1529957,1225329,459670,3214956,142
CP03792,Bengaluru,3254,5054,2,8,8,Standard,Standard,Yes,6167203,3253399,1819651,11428885,210
CP03793,Pune,1484,1564,2,3,4,Standard,Standard,Yes,1900082,960394,562715,3529108,162
CP03794,Delhi,4405,3271,1,6,6,Standard,Basic,Yes,4648656,2626263,1341683,8700768,137
CP03795,Kochi,4456,3081,1,5,5,Standard,Standard,Yes,3295475,1659348,803666,5968334,137
CP03796,Delhi,3735,2817,1,6,6,Standard,Premium,No,5520171,2398150,1118849,9037170,141
CP03797,Mumbai,1524,2221,2,4,4,Premium,Basic,No,3569277,2694903,959795,7223976,199
CP03798,Mumbai,2146,1225,1,2,2,Standard,Premium,Yes,2879072,1237174,604814,4810250,127
CP03799,Delhi,1694,4885,4,8,8,Premium,Standard,Yes,7250535,5908742,1655157,15029697,299
CP03800,Mumbai,3011,3263,2,6,5,Standard,Basic,Yes,5043693,3391564,1472032,10151917,156
CP03801,Pune,3217,1817,1,4,4,Standard,Standard,Yes,2170216,1107462,600041,4000076,127
CP03802,Kochi,1362,664,1,1,1,Standard,Basic,Yes,682683,363677,177000,1340576,96
CP03803,Kochi,2923,4543,2,8,7,Standard,Standard,Yes,4605394,2527161,1227924,8601237,182
CP03804,Mumbai,4745,2618,1,6,7,Standard,Basic,No,4200843,2442289,1319155,7962288,130
CP03805,Mumbai,3375,6401,3,8,8,Standard,Standard,No,11106659,6391326,2866036,20364020,244
CP03806,Kochi,3755,8816,4,8,8,Economy,Standard,Yes,8867231,4339262,2443623,15794847,311
CP03807,Delhi,4570,3591,1,8,8,Premium,Standard,No,5684522,3883264,1592266,11160052,181
CP03808,Kochi,2640,2995,2,6,5,Economy,Basic,No,2657839,1430593,834494,4922927,176
CP03809,Delhi,1183,854,1,1,1,Standard,Standard,Yes,1391099,716171,410413,2710089,69
CP03810,Mumbai,4931,7390,2,8,8,Standard,Basic,No,11219108,7033535,3780335,22032978,225
CP03811,Mumbai,2703,3256,2,5,6,Standard,Standard,No,5578005,3010693,1670594,10259292,158
CP03812,Delhi,2542,2960,2,6,5,Standard,Basic,Yes,4196403,2348451,1139652,7812108,205
CP03813,Bengaluru,709,504,1,1,1,Standard,Standard,No,656751,360826,172857,1190434,80
CP03814,Chennai,791,1217,2,2,1,Premium,Standard,Yes,1351193,927482,358874,2794414,179
CP03815,Bengaluru,1503,2146,2,4,4,Standard,Standard,Yes,2656834,1533143,722277,5095160,165
CP03816,Mumbai,1461,773,1,1,1,Standard,Standard,Yes,1273766,750903,359112,2599874,81
CP03817,Hyderabad,1683,2561,2,5,5,Premium,Standard,No,2947315,2084912,800193,5832421,212
CP03818,Hyderabad,1249,1462,2,3,3,Premium,Standard,Yes,1631195,1275155,394160,3462242,152
CP03819,Pune,4734,9255,3,8,8,Premium,Standard,Yes,12279010,7950941,2884287,23240183,295
CP03820,Bengaluru,4211,3120,1,6,6,Standard,Premium,Yes,5158140,2213646,1185085,8717972,153
CP03821,Delhi,1236,1913,3,4,3,Economy,Standard,Yes,2794101,1312118,777633,5116830,189
CP03822,Pune,1636,2370,2,5,5,Economy,Standard,Yes,2829591,1336822,751422,5039125,154
CP03823,Pune,4731,3116,1,6,7,Premium,Premium,Yes,5050073,2769568,1024268,9053415,194
CP03824,Hyderabad,2748,4191,2,7,7,Premium,Premium,Yes,6585395,3454164,1322694,11582707,222
CP03825,Bengaluru,4465,4555,2,8,8,Standard,Standard,No,5690776,3093459,1359099,10143334,197
CP03826,Chennai,3757,8975,4,8,8,Standard,Basic,Yes,8843091,5211746,2715277,16919590,285
CP03827,Kochi,4187,3104,1,6,7,Standard,Standard,No,3316959,1872860,913737,6103556,146
CP03828,Delhi,3894,3557,2,7,6,Standard,Standard,Yes,5272763,2883246,1546642,9803957,188
CP03829,Bengaluru,4861,4756,2,8,8,Standard,Standard,Yes,6099907,3269953,1548420,11027700,201
CP03830,Pune,3030,9655,4,8,8,Standard,Standard,No,11816045,5706142,3480789,21002976,322
CP03831,Mumbai,2479,2717,2,5,6,Premium,Standard,Yes,4883985,3400234,1415872,9884460,219
CP03832,Pune,4566,14454,4,8,8,Standard,Standard,No,17462164,9842434,5153232,32457830,332
CP03833,Bengaluru,4313,6649,3,8,7,Standard,Standard,Yes,7884603,4696753,2402335,15100768,259
CP03834,Hyderabad,4726,5447,2,8,7,Standard,Basic,Yes,5713741,3506492,1679989,11140815,191
CP03835,Kochi,4706,10073,3,8,8,Standard,Basic,Yes,9141689,5733338,2871544,17901593,271
CP03836,Bengaluru,2611,7104,4,8,8,Standard,Standard,Yes,9606954,4963459,2660240,17350623,291
CP03837,Chennai,3973,5191,2,8,8,Premium,Standard,Yes,6110832,4508184,1344153,12103106,235
CP03838,Delhi,2743,3486,2,6,7,Economy,Standard,Yes,5122604,2373972,1399910,8985702,177
CP03839,Delhi,3100,4620,2,8,8,Standard,Basic,Yes,6184318,4118758,1993851,12531086,195
CP03840,Mumbai,1889,2010,2,4,4,Standard,Basic,Yes,2889927,1844536,951624,5776261,158
CP03841,Mumbai,2047,1238,1,2,1,Standard,Standard,Yes,2242978,1206467,579964,4229327,116
CP03842,Pune,3799,1916,1,3,3,Economy,Standard,Yes,2265214,1028844,693970,4134861,130
CP03843,Bengaluru,2543,3349,2,5,4,Standard,Standard,Yes,4282345,2408751,1213327,8083041,173
CP03844,Delhi,3783,4068,2,8,7,Standard,Standard,Yes,6129610,3197027,1807128,11357782,214
CP03845,Hyderabad,3816,2163,1,4,5,Economy,Basic,No,2104347,1100096,649763,3854205,112
CP03846,Chennai,3736,6892,3,8,8,Standard,Basic,Yes,6880567,4111975,1998751,13227492,259
CP03847,Pune,3918,5399,3,8,7,Premium,Basic,Yes,6182607,4621015,1824518,12857596,272
CP03848,Bengaluru,3382,1630,1,3,3,Standard,Standard,Yes,2059640,1084754,576955,3829290,104
CP03849,Hyderabad,1590,2194,2,4,4,Economy,Premium,Yes,3158970,1167951,767820,5266126,185
CP03850,Bengaluru,2753,3304,2,6,7,Standard,Standard,Yes,4154787,2137148,1165257,7643330,175
CP03851,Hyderabad,825,2483,4,4,4,Standard,Basic,Yes,2634073,1574302,859996,5285251,226
CP03852,Kochi,1376,953,1,2,2,Economy,Standard,Yes,987845,470228,282208,1833557,95
CP03853,Bengaluru,3437,1556,1,2,1,Premium,Premium,Yes,2446400,1335311,529440,4451231,138
CP03854,Bengaluru,1287,3427,4,5,6,Standard,Basic,Yes,4216860,2393500,1127164,7824093,260
CP03855,Kochi,1129,2180,4,4,5,Standard,Standard,Yes,2140271,1255221,651267,4174586,215
CP03856,Delhi,4042,8771,3,8,7,Premium,Basic,Yes,13262665,10163517,3602549,27251253,298
CP03857,Pune,2753,6582,3,8,8,Standard,Basic,Yes,7141188,4369260,2157268,13748314,254
CP03858,Bengaluru,1894,1204,1,2,1,Standard,Standard,Yes,1577720,845369,394817,2956719,83
CP03859,Bengaluru,2126,2929,2,6,6,Standard,Premium,Yes,4858207,2056215,1010733,8097942,195
CP03860,Pune,3496,1863,1,3,4,Standard,Standard,Yes,2175090,1244666,636688,4237369,117
CP03861,Pune,3703,2233,1,4,4,Standard,Premium,Yes,3699218,1501222,719000,6086067,133
CP03862,Mumbai,3040,6836,3,8,7,Standard,Standard,Yes,12327784,7068248,3140987,22741605,227
CP03863,Mumbai,4735,2408,1,5,6,Standard,Premium,No,5488438,2463055,1160480,9111973,150
CP03864,Delhi,4402,4780,2,8,8,Standard,Standard,Yes,7575460,3992370,2063931,13851812,230
CP03865,Pune,1444,3499,4,6,7,Standard,Basic,Yes,3789480,2237299,1154003,7380111,250
CP03866,Kochi,1046,731,1,1,1,Standard,Standard,Yes,696637,443138,231996,1547441,83
CP03867,Chennai,4515,10502,4,8,7,Standard,Standard,Yes,10761732,7022165,3169630,21152329,277
CP03868,Delhi,3709,11493,4,8,8,Standard,Standard,Yes,17683588,9640471,4976705,32500578,297
CP03869,Hyderabad,1834,1771,2,4,5,Standard,Standard,Yes,2019514,1143606,587432,3981512,166
CP03870,Pune,826,478,1,1,2,Standard,Standard,Yes,576308,310342,161493,1243615,90
CP03871,Mumbai,4743,6622,2,8,8,Economy,Standard,Yes,11496150,5547033,2994093,20204688,197
CP03872,Bengaluru,3559,3766,2,6,6,Standard,Standard,Yes,4550251,2340978,1234860,8302197,202
CP03873,Pune,2430,3303,2,6,6,Standard,Standard,Yes,3775598,2122820,1017753,7159522,173
CP03874,Pune,4379,4444,2,7,6,Standard,Standard,No,5195319,3039158,1350397,9584874,177
CP03875,Mumbai,786,1476,4,3,4,Standard,Standard,No,2676139,1354970,720093,4751202,217
CP03876,Mumbai,3477,1711,1,3,3,Standard,Basic,No,2621641,1688105,882399,5192144,119
CP03877,Chennai,3135,7293,3,8,8,Premium,Standard,Yes,8356717,6060954,2282150,16895434,268
CP03878,Delhi,2532,1628,1,3,2,Premium,Standard,No,2403162,1899611,712664,5015436,139
CP03879,Mumbai,3524,5136,2,8,8,Premium,Basic,No,8521081,6487402,2313572,17322056,255
CP03880,Mumbai,1448,2460,3,5,4,Premium,Standard,No,4240310,3310146,1215736,8766192,217
CP03881,Mumbai,2632,3460,2,7,7,Standard,Standard,Yes,6014568,3628586,1713560,11527782,194
CP03882,Delhi,1852,1154,1,2,2,Standard,Standard,No,1755879,945574,533407,3234860,98
CP03883,Bengaluru,2481,3875,2,7,6,Economy,Standard,Yes,5016014,2196565,1363921,8819678,198
CP03884,Pune,869,1855,3,3,3,Standard,Standard,Yes,2267182,1213874,676010,4396348,171
CP03885,Pune,2230,3147,2,5,5,Standard,Standard,Yes,3829068,2105597,1046280,7153657,175
CP03886,Mumbai,3803,3546,2,6,6,Standard,Premium,No,8086997,3228822,1747831,13063650,171
CP03887,Kochi,2174,2793,2,5,5,Standard,Basic,Yes,2566989,1555840,851640,5159763,146
CP03888,Kochi,3492,8568,4,8,8,Standard,Standard,Yes,9346408,5239236,2478565,17308314,279
CP03889,Delhi,2295,7112,4,8,8,Standard,Standard,No,10990139,6313397,2715624,20019161,285
CP03890,Chennai,3858,4167,2,8,7,Standard,Standard,Yes,4688973,2376342,1175632,8422338,204
CP03891,Mumbai,3862,6307,3,8,8,Standard,Basic,No,10070263,6619597,3511364,20201225,263
CP03892,Delhi,2045,2429,2,5,5,Premium,Standard,No,3677582,2695275,1026299,7399155,202
CP03893,Delhi,819,876,2,2,2,Premium,Basic,Yes,1330469,1010046,383256,2874866,184
CP03894,Chennai,652,322,1,1,1,Standard,Standard,Yes,371629,193603,90426,866084,87
CP03895,Delhi,2357,3535,2,6,7,Economy,Standard,Yes,5326288,2639921,1515000,9711707,189
CP03896,Pune,2266,2924,2,6,6,Premium,Basic,No,3445670,2456340,1041931,6943942,197
CP03897,Chennai,3385,2543,1,4,4,Standard,Standard,No,2901065,1485587,677376,5064028,129
CP03898,Chennai,1319,1954,2,4,3,Premium,Standard,Yes,2055430,1510193,593548,4355746,183
CP03899,Hyderabad,1005,1654,3,3,4,Economy,Premium,Yes,2571098,838934,527290,4163879,177
CP03900,Chennai,2894,3714,2,7,8,Standard,Basic,Yes,3738068,2145621,1135815,7215849,192
CP03901,Chennai,671,642,2,1,2,Standard,Standard,No,710877,369101,217062,1297040,109
CP03902,Bengaluru,2653,6131,3,8,8,Standard,Standard,Yes,8070517,4366047,2081910,14748482,252
CP03903,Pune,1829,1081,1,2,1,Standard,Premium,Yes,1723596,699641,346649,2957330,110
CP03904,Mumbai,2167,2547,2,5,4,Standard,Standard,No,4122335,2414089,1209757,7746181,160
CP03905,Hyderabad,4282,7141,3,8,8,Standard,Standard,Yes,7801343,4086029,2568976,14625025,255
CP03906,Chennai,3553,4343,2,7,7,Standard,Premium,Yes,5997950,2734559,1315297,10260978,210
CP03907,Bengaluru,1298,1396,2,3,2,Standard,Standard,No,1906903,880762,498344,3286010,155
CP03908,Bengaluru,1426,828,1,2,2,Standard,Standard,Yes,1074723,574047,246332,1981346,99
CP03909,Delhi,948,2076,3,3,3,Standard,Basic,Yes,2939615,1859689,877806,5924370,190
CP03910,Mumbai,4508,6689,2,8,8,Economy,Basic,Yes,10641085,5877777,3177434,19878953,234
CP03911,Mumbai,907,1514,3,3,4,Standard,Standard,Yes,2566416,1352904,730758,4878923,185
CP03912,Kochi,4016,4932,2,8,8,Standard,Premium,Yes,6310542,2786060,1378473,10697891,217
CP03913,Pune,2934,4435,2,7,7,Standard,Standard,No,5580100,3039802,1350011,9969914,205
CP03914,Kochi,3409,4790,3,8,8,Standard,Premium,Yes,6940180,2675009,1342825,11183552,241
CP03915,Delhi,4158,6330,2,8,8,Standard,Standard,Yes,10012392,5604547,2899305,18633056,229
CP03916,Chennai,4077,4294,2,8,8,Premium,Standard,Yes,4630667,3123776,1297771,9221238,220
CP03917,Bengaluru,3286,4518,2,8,7,Premium,Standard,Yes,5621772,4240525,1390691,11348310,239
CP03918,Hyderabad,3585,7032,3,8,8,Standard,Standard,Yes,8347142,4529583,2058997,15016529,246
CP03919,Pune,875,1126,2,2,3,Standard,Standard,Yes,1356108,700582,377842,2606049,147
CP03920,Chennai,3147,4725,2,8,8,Standard,Premium,Yes,6714228,2948515,1327198,11144286,205
CP03921,Delhi,3364,1633,1,4,5,Economy,Standard,Yes,2460650,1106239,695481,4437350,132
CP03922,Mumbai,936,1604,3,3,3,Standard,Basic,Yes,2473321,1664836,827670,5126563,192
CP03923,Delhi,2573,1642,1,3,4,Premium,Premium,No,3271462,1831969,709187,5812618,138
CP03924,Chennai,3579,5253,2,8,8,Standard,Basic,Yes,4871027,3126669,1483115,9697697,214
CP03925,Delhi,4568,4803,2,8,7,Standard,Standard,Yes,7579852,3826011,2037939,13557272,211
CP03926,Mumbai,1510,2207,2,4,5,Standard,Premium,Yes,4672475,2081633,1106529,8074064,156
CP03927,Chennai,2596,3062,2,5,5,Standard,Standard,Yes,3511733,1772262,878564,6290884,182
CP03928,Hyderabad,3729,1924,1,4,4,Economy,Premium,Yes,2827909,1045857,566793,4576311,121
CP03929,Kochi,4804,6875,2,8,7,Standard,Standard,Yes,7150195,3969441,1948860,13153347,207
CP03930,Pune,4357,6297,3,8,8,Standard,Standard,Yes,7789445,4137691,2271303,14446895,252
CP03931,Delhi,927,1752,3,3,4,Standard,Basic,Yes,2400307,1484182,692356,4713645,189
CP03932,Mumbai,2399,1133,1,2,3,Standard,Standard,Yes,1935181,1028190,529586,3579735,66
CP03933,Hyderabad,914,1575,3,3,3,Standard,Standard,Yes,1839967,940997,460679,3417233,211
CP03934,Bengaluru,4145,5474,2,8,8,Standard,Standard,Yes,7533512,4004724,1803171,13440973,243
CP03935,Hyderabad,1734,3353,3,6,7,Standard,Standard,No,3994752,2033626,1047922,7076300,206
CP03936,Hyderabad,3346,3959,2,8,8,Standard,Premium,Yes,5764220,2531238,1236035,9640441,208
CP03937,Hyderabad,2120,2544,2,4,5,Standard,Standard,Yes,2896946,1418161,669001,5217823,148
CP03938,Mumbai,755,1199,3,2,3,Premium,Premium,Yes,2690939,1586980,567546,5054479,182
CP03939,Bengaluru,2324,4249,3,7,6,Economy,Standard,Yes,5153184,2636870,1621125,9580505,224
CP03940,Pune,3943,6179,2,8,8,Economy,Standard,No,7655985,3487374,2056494,13199854,196
CP03941,Hyderabad,1486,2222,2,4,5,Standard,Standard,No,2532940,1411762,689654,4634355,165
CP03942,Mumbai,3673,3679,2,8,8,Standard,Premium,Yes,8524543,3808773,1705691,14144446,209
CP03943,Mumbai,3405,3135,2,6,6,Economy,Basic,Yes,4446446,2594480,1421392,8693502,201
CP03944,Pune,1321,2052,2,4,4,Standard,Standard,No,2551451,1307981,681503,4540935,158
CP03945,Kochi,1512,1918,2,3,3,Standard,Standard,No,1956848,1069268,561442,3587557,160
CP03946,Chennai,3957,7576,3,8,8,Standard,Standard,Yes,7998503,4407452,2509913,15002400,260
CP03947,Bengaluru,1470,1063,1,2,2,Standard,Premium,Yes,1654568,769220,350418,3003539,105
CP03948,Bengaluru,4708,5274,2,8,8,Standard,Standard,Yes,6426134,3873588,1961096,12372612,196
CP03949,Delhi,1097,678,1,1,1,Economy,Premium,No,1334126,509925,306257,2150308,88
CP03950,Hyderabad,2356,3717,2,8,7,Economy,Standard,No,4445748,1917957,1142432,7506137,195
CP03951,Chennai,1717,1176,1,2,2,Standard,Premium,Yes,1651833,708147,337337,2856616,109
CP03952,Kochi,4009,4039,2,8,8,Standard,Standard,Yes,4386669,2382909,1051983,7949186,176
CP03953,Bengaluru,3428,5107,3,8,8,Standard,Standard,No,6535851,3318119,1765371,11619341,254
CP03954,Kochi,2247,3515,3,7,7,Standard,Standard,No,3940483,2094613,984494,7019590,222
CP03955,Delhi,3583,2573,1,4,5,Standard,Standard,Yes,3883025,2253326,1150145,7403181,118
CP03956,Hyderabad,742,821,2,1,1,Standard,Standard,Yes,963948,532750,264092,2004114,131
CP03957,Chennai,3361,3075,2,6,6,Standard,Standard,Yes,3551465,1920782,812798,6414248,179
CP03958,Mumbai,4035,9447,3,8,8,Economy,Basic,Yes,15341348,7676946,4517060,27780977,268
CP03959,Hyderabad,3031,4631,3,8,8,Premium,Standard,Yes,5312371,3774097,1485602,10751668,285
CP03960,Chennai,2448,2219,2,4,3,Standard,Standard,Yes,2393293,1409310,656494,4569466,137
CP03961,Pune,3296,3513,2,7,7,Standard,Standard,No,3920251,2323886,1221241,7465378,173
CP03962,Bengaluru,2317,3699,3,8,8,Standard,Standard,No,4634398,2485706,1232937,8353041,227
CP03963,Kochi,3672,2194,1,4,3,Standard,Premium,Yes,2870575,1258616,664211,4964548,140
CP03964,Hyderabad,1667,2574,2,5,4,Standard,Standard,No,2908546,1631462,783827,5323835,178
CP03965,Delhi,3386,7696,3,8,8,Economy,Standard,Yes,11876335,5367695,3168283,20611835,255
CP03966,Mumbai,4391,8034,3,8,7,Premium,Basic,Yes,11931203,10695331,4307101,27057898,295
CP03967,Delhi,1888,2242,2,4,4,Standard,Standard,No,3315565,2063710,867176,6246450,169
CP03968,Kochi,4471,5760,2,8,7,Economy,Standard,Yes,6112462,2617248,1650841,10527759,217
CP03969,Hyderabad,2406,2575,2,6,5,Economy,Standard,No,2823633,1294843,828064,4946540,190
CP03970,Bengaluru,2104,1970,2,3,2,Standard,Basic,Yes,2238789,1443246,654519,4567644,152
CP03971,Bengaluru,3908,6086,2,8,7,Standard,Standard,Yes,7267140,4364869,2158749,13958958,218
CP03972,Chennai,3551,3659,2,7,7,Standard,Premium,Yes,5342527,2378804,1146202,9062684,197
CP03973,Delhi,671,1045,3,2,3,Premium,Standard,Yes,1651599,1297032,446257,3533371,196
CP03974,Delhi,2290,4227,3,8,8,Standard,Premium,Yes,8880472,3688138,1796134,14534791,235
CP03975,Mumbai,1944,1209,1,2,2,Standard,Premium,No,2903970,1094118,598536,4596624,108
CP03976,Kochi,3903,3563,2,7,8,Standard,Basic,Yes,3387749,2067029,969608,6610198,179
CP03977,Chennai,3713,3726,2,6,6,Premium,Basic,Yes,3428804,2965589,1075481,7648506,205
CP03978,Mumbai,1482,1726,2,3,3,Standard,Standard,Yes,3038014,1698536,851475,5714499,145
CP03979,Hyderabad,4834,3332,1,7,8,Premium,Standard,No,3918951,2730402,1026349,7675702,185
CP03980,Hyderabad,3262,3457,2,5,5,Economy,Standard,Yes,4012149,1902297,1085661,7089438,173
CP03981,Delhi,2104,3774,3,7,7,Standard,Basic,Yes,5578663,3286669,1345061,10418183,226
CP03982,Kochi,3063,3951,2,6,6,Standard,Basic,No,3908797,2285740,1171374,7365911,186
CP03983,Chennai,3153,7198,3,8,8,Premium,Basic,No,7133489,5958057,2331109,15422655,281
CP03984,Kochi,1332,3005,4,5,5,Economy,Premium,No,4204072,1510545,887878,6602496,233
CP03985,Pune,2348,1166,1,2,1,Economy,Premium,Yes,1726536,630053,402458,2898802,102
CP03986,Bengaluru,4524,2810,1,5,5,Economy,Basic,Yes,3223395,1674875,1023282,6132789,143
CP03987,Kochi,1023,2910,4,5,5,Standard,Standard,No,2887223,1653695,820160,5361078,251
CP03988,Chennai,4078,7967,4,8,7,Standard,Basic,No,7830838,5052569,2262390,15145798,269
CP03989,Kochi,2191,1311,1,2,3,Premium,Premium,No,1732641,1049584,385310,3167534,121
CP03990,Chennai,1092,498,1,1,2,Standard,Premium,Yes,693590,290558,158959,1254521,102
CP03991,Hyderabad,791,365,1,1,1,Economy,Standard,No,407875,202529,107498,717902,86
CP03992,Bengaluru,1098,2718,4,5,4,Standard,Standard,Yes,3383239,2006905,978134,6565602,218
CP03993,Kochi,1856,1028,1,2,2,Economy,Standard,Yes,1049687,508628,298046,2045337,116
CP03994,Kochi,2568,3830,2,7,6,Standard,Standard,Yes,4103739,2149700,1084306,7420781,204
CP03995,Kochi,4922,9756,3,8,7,Premium,Standard,No,10087195,7107491,2736482,19931168,284
CP03996,Chennai,2786,1696,1,3,2,Premium,Standard,Yes,1862198,1238707,517132,3699735,129
CP03997,Kochi,1416,1678,2,3,3,Standard,Premium,Yes,2306104,1009961,459787,4021755,184
CP03998,Hyderabad,3820,4767,2,8,7,Economy,Basic,No,5012354,2380410,1774253,9167017,194
CP03999,Hyderabad,2073,2886,3,6,6,Standard,Standard,Yes,3190814,1725900,836630,5965607,228
CP04000,Delhi,1686,2571,2,4,4,Standard,Standard,Yes,3917478,2170883,914807,7090343,179
CP04001,Delhi,4799,7672,2,8,8,Premium,Standard,No,11927001,8836388,3278609,24041997,234
CP04002,Chennai,2474,2540,2,4,5,Economy,Standard,No,2695551,1390705,766077,4852334,150
CP04003,Chennai,1470,723,1,1,1,Economy,Premium,Yes,992790,375530,223846,1785539,104
CP04004,Hyderabad,2642,1321,1,2,3,Standard,Standard,No,1454157,821069,344803,2620028,86
CP04005,Delhi,872,1188,2,2,2,Standard,Standard,Yes,1844304,984598,444071,3392416,124
CP04006,Kochi,1629,2220,2,4,3,Standard,Standard,No,2292633,1169474,615799,4077905,156
CP04007,Kochi,3818,8553,3,8,8,Premium,Standard,No,8883776,7055766,2566101,18505643,290
CP04008,Chennai,4669,9988,3,8,7,Economy,Standard,Yes,10204464,5319733,2669812,18383564,282
CP04009,Bengaluru,1651,2005,2,4,5,Premium,Standard,No,2543519,1893493,710343,5147355,194
CP04010,Hyderabad,4633,6157,2,8,8,Standard,Standard,Yes,7145637,4156805,1910856,13381248,215
CP04011,Hyderabad,2173,3002,2,5,5,Economy,Standard,Yes,3503846,1693988,954642,6392672,169
CP04012,Chennai,3790,7156,3,8,7,Standard,Standard,No,8325679,4409421,2143404,14878504,241
CP04013,Chennai,4988,6149,2,8,8,Economy,Premium,Yes,8525864,3130751,1842723,13670749,227
CP04014,Chennai,4397,5942,2,8,7,Standard,Standard,Yes,6663722,3571949,1780210,12117235,213
CP04015,Kochi,3889,5017,2,8,8,Standard,Premium,Yes,6906780,2648310,1524588,11218699,214
CP04016,Kochi,4347,5871,2,8,7,Standard,Premium,Yes,8121002,3526040,1676724,13454658,214
CP04017,Bengaluru,2705,3594,2,7,7,Standard,Standard,No,4489959,2455502,1315627,8261088,192
CP04018,Hyderabad,907,1272,2,3,3,Standard,Standard,No,1514028,844070,390094,2748192,147
CP04019,Pune,3959,2672,1,5,6,Economy,Basic,Yes,2824917,1553959,940902,5502876,134
CP04020,Bengaluru,3776,7158,3,8,8,Premium,Basic,Yes,7996264,6701564,2434530,17268321,282
CP04021,Bengaluru,1851,1274,1,2,3,Premium,Standard,Yes,1599671,1236641,433614,3456335,125
CP04022,Kochi,3347,2032,1,4,5,Economy,Premium,Yes,2735140,946126,517396,4329256,129
CP04023,Delhi,2117,2263,2,5,5,Standard,Basic,Yes,3183391,1760809,898978,6037829,181
CP04024,Hyderabad,1978,891,1,1,2,Standard,Premium,Yes,1351766,557076,268853,2313912,95
CP04025,Kochi,2561,3308,2,5,5,Economy,Standard,Yes,3494034,1637841,840448,6171989,192
CP04026,Pune,4905,6442,2,8,8,Standard,Premium,Yes,10669012,4434443,2015781,17246343,209
CP04027,Hyderabad,3463,5473,2,8,8,Standard,Premium,No,8149361,3464008,1795053,13408421,235
CP04028,Bengaluru,3256,3754,2,6,5,Standard,Premium,No,6434276,2473530,1357028,10264834,189
CP04029,Chennai,3094,1819,1,3,3,Economy,Standard,No,1915700,988190,490523,3394413,80
CP04030,Hyderabad,4605,2397,1,4,5,Standard,Premium,Yes,3580627,1483094,830372,6032420,148
CP04031,Hyderabad,4163,5928,3,8,7,Standard,Basic,No,6145632,3806982,1961327,11913941,235
CP04032,Chennai,1522,2193,2,4,3,Standard,Standard,No,2286062,1348970,740018,4375049,161
CP04033,Pune,4832,5193,2,8,8,Standard,Standard,No,6294847,3439253,1827462,11561563,213
CP04034,Pune,3559,2360,1,4,3,Standard,Standard,Yes,2868827,1406311,867207,5369082,125
CP04035,Hyderabad,783,1081,2,2,2,Standard,Basic,Yes,1150549,658152,349070,2244929,135
CP04036,Kochi,3958,4867,2,8,7,Premium,Basic,Yes,4665689,3832535,1322478,9908844,228
CP04037,Chennai,1998,3023,2,5,5,Standard,Premium,Yes,4101994,1956507,921119,7191983,165
CP04038,Delhi,3396,6167,3,8,8,Standard,Standard,No,9951503,5355976,2242325,17549804,262
CP04039,Hyderabad,1136,624,1,1,2,Standard,Premium,Yes,919604,402680,194663,1647854,79
CP04040,Chennai,1873,2860,2,4,3,Standard,Basic,Yes,2762899,1545370,855672,5262555,163
CP04041,Bengaluru,3567,8042,3,8,8,Standard,Standard,Yes,10372629,5842220,2935208,19330528,267
CP04042,Delhi,3649,7406,4,8,8,Standard,Standard,Yes,11793503,6508379,3149165,21532858,277
CP04043,Chennai,1696,778,1,1,1,Standard,Basic,No,755674,480097,227220,1462991,97
CP04044,Kochi,1905,1834,2,3,3,Standard,Standard,Yes,1913130,1059487,478857,3532243,161
CP04045,Hyderabad,1515,833,1,1,1,Standard,Standard,Yes,997180,538054,250548,1965584,96
CP04046,Mumbai,3681,2909,1,6,7,Standard,Basic,Yes,4436327,2964109,1377555,8883369,157
CP04047,Pune,4847,6257,2,8,8,Economy,Standard,Yes,6723448,3500916,1977644,12342254,213
CP04048,Hyderabad,1628,945,1,1,2,Standard,Standard,No,1114952,606565,250841,1972358,83
CP04049,Chennai,2577,5883,3,8,7,Standard,Basic,No,6037337,3475688,1763664,11276688,244
CP04050,Delhi,3954,4812,2,8,8,Standard,Standard,Yes,6937889,4045263,1964519,13183971,189
CP04051,Delhi,3111,1743,1,3,3,Standard,Standard,No,2682051,1472507,710764,4865322,142
CP04052,Chennai,870,678,1,1,1,Standard,Premium,Yes,950225,419269,205403,1681072,91
CP04053,Pune,1786,4004,3,7,7,Premium,Standard,Yes,4869768,3478841,1285174,9755907,235
CP04054,Hyderabad,4800,3577,1,6,6,Economy,Premium,No,4926490,1904062,1199591,8030142,140
CP04055,Delhi,4364,5492,2,8,8,Standard,Premium,Yes,10437619,4689755,2204578,17575669,207
CP04056,Delhi,2998,4354,2,8,8,Standard,Standard,Yes,6825512,3633769,1738460,12360817,187
CP04057,Mumbai,4835,4958,2,8,8,Standard,Standard,Yes,8679580,4796891,2271593,15995959,191
CP04058,Bengaluru,4782,6222,2,8,8,Standard,Basic,No,7510051,4037645,2169391,13717087,209
CP04059,Mumbai,2311,1835,1,4,3,Economy,Standard,No,3305631,1538573,889349,5733553,128
CP04060,Bengaluru,2830,1561,1,3,3,Economy,Standard,Yes,1898600,887660,520457,3519854,124
CP04061,Delhi,728,530,1,1,2,Standard,Premium,Yes,1091593,414487,222425,1950738,104
CP04062,Bengaluru,1869,2323,2,4,4,Standard,Standard,Yes,3139410,1626042,819738,5701881,152
CP04063,Hyderabad,4272,3963,2,7,8,Premium,Premium,No,5933241,3427426,1293229,10653897,190
CP04064,Delhi,2201,3156,2,5,5,Standard,Premium,Yes,6420115,2708744,1316278,10643767,193
CP04065,Delhi,4570,2326,1,4,4,Economy,Premium,No,4810392,1698145,930704,7439242,122
CP04066,Bengaluru,4844,6500,2,8,8,Standard,Standard,No,8167632,4579826,2136596,14884054,209
CP04067,Chennai,1227,1177,2,2,1,Economy,Basic,Yes,1066643,644342,358670,2228356,152
CP04068,Bengaluru,4397,13743,4,8,7,Standard,Standard,Yes,17771457,9878797,4947549,32761519,321
CP04069,Bengaluru,2644,2919,2,6,6,Premium,Standard,Yes,3810660,2846646,1016163,7802642,215
CP04070,Pune,4152,4394,2,8,8,Standard,Standard,Yes,5627910,2983134,1416385,10163576,206
CP04071,Pune,2941,2912,2,5,5,Economy,Standard,Yes,3368451,1704351,928109,6174561,156
CP04072,Hyderabad,3814,11916,4,8,8,Standard,Standard,Yes,13182699,7345785,3935206,24608694,302
CP04073,Hyderabad,849,1780,3,3,2,Economy,Basic,Yes,1799310,984104,519404,3456746,181
CP04074,Chennai,3525,5002,2,8,7,Standard,Standard,Yes,5465244,3175650,1457790,10324071,206
CP04075,Pune,1574,983,1,2,3,Standard,Premium,No,1579559,641964,352417,2573940,94
CP04076,Mumbai,1925,2372,2,5,6,Standard,Standard,No,3987509,2433666,1218449,7639624,160
CP04077,Hyderabad,1583,1546,2,3,4,Premium,Standard,No,1853431,1292782,492839,3639052,176
CP04078,Hyderabad,1488,2883,3,6,6,Standard,Basic,Yes,3104622,1859331,881661,6051414,205
CP04079,Pune,3537,3794,2,6,6,Premium,Standard,Yes,4761033,3209312,1232993,9416720,224
CP04080,Pune,2717,2151,1,3,4,Standard,Premium,Yes,3341524,1476596,713507,5728427,119
CP04081,Chennai,3272,7153,3,8,7,Standard,Standard,Yes,7164869,4554700,2417281,14344281,247
CP04082,Pune,1926,3435,3,6,5,Standard,Standard,Yes,4422569,2264232,1203215,7984960,224
CP04083,Kochi,1070,1076,2,2,2,Economy,Standard,Yes,1097754,486627,323072,2030553,152
CP04084,Bengaluru,2587,3750,2,6,7,Standard,Premium,Yes,6343893,2592253,1281700,10426517,185
CP04085,Delhi,690,679,2,1,1,Standard,Basic,Yes,945675,545125,276688,1868735,109
CP04086,Mumbai,1129,1748,3,4,4,Economy,Standard,Yes,3215381,1432932,829132,5709860,210
CP04087,Delhi,4659,7324,3,8,8,Standard,Basic,Yes,10130236,6409215,3259827,19984784,274
CP04088,Bengaluru,3373,4350,2,8,8,Standard,Standard,Yes,5517887,3072388,1647166,10364973,218
CP04089,Kochi,2286,3316,2,7,8,Premium,Standard,No,3490157,2353635,896683,6740475,226
CP04090,Kochi,791,1328,3,3,4,Standard,Premium,Yes,1834222,744647,326324,2986568,187
CP04091,Bengaluru,2586,2480,2,4,5,Standard,Standard,Yes,2982184,1728845,842728,5736371,162
CP04092,Delhi,4223,5173,2,8,7,Premium,Standard,Yes,8564101,6272546,2310973,17374949,238
CP04093,Bengaluru,2785,5947,3,8,8,Standard,Premium,Yes,9752193,4073125,1981471,15986257,233
CP04094,Hyderabad,1608,848,1,1,1,Economy,Standard,No,1001970,465407,274375,1741753,79
CP04095,Kochi,4383,4619,2,8,8,Standard,Standard,Yes,5119527,2656010,1227571,9115901,194
CP04096,Delhi,4898,11483,3,8,7,Premium,Standard,No,17678270,12639541,4737751,35055562,283
CP04097,Bengaluru,4887,11493,3,8,7,Economy,Standard,Yes,13959406,6587707,3777460,24569986,262
CP04098,Hyderabad,2652,4225,2,8,8,Standard,Basic,Yes,4211326,2636296,1318675,8367772,202
CP04099,Pune,3908,2863,1,6,7,Standard,Standard,No,3401910,2009764,956299,6367973,117
CP04100,Kochi,2316,2389,2,5,5,Premium,Standard,No,2529793,1766869,709092,5005753,186
CP04101,Mumbai,910,954,2,2,3,Premium,Standard,Yes,1708451,1225264,446396,3529854,163
CP04102,Mumbai,1860,1058,1,2,1,Standard,Premium,No,2530106,985236,473211,3988554,92
CP04103,Bengaluru,4532,7632,3,8,8,Premium,Standard,Yes,9061068,7573124,2392810,19117174,282
CP04104,Mumbai,3868,6071,2,8,8,Economy,Premium,Yes,14013630,5048972,3103344,22383011,216
CP04105,Hyderabad,1184,1719,2,3,3,Economy,Basic,Yes,1830906,983610,515007,3419559,160
CP04106,Pune,3399,4781,2,8,8,Premium,Premium,No,7694433,3692031,1626542,13013006,226
CP04107,Bengaluru,959,1975,4,3,4,Standard,Standard,Yes,2256846,1425966,616301,4491097,216
CP04108,Chennai,3466,5326,2,8,8,Economy,Premium,No,7502857,2594051,1748307,11845214,182
CP04109,Delhi,2611,1931,1,4,3,Standard,Standard,Yes,3070532,1574210,946479,5768528,129
CP04110,Kochi,4606,2336,1,4,3,Standard,Standard,Yes,2361788,1318908,678920,4573906,114
CP04111,Mumbai,2225,3359,2,6,5,Premium,Standard,No,5631313,4349188,1584324,11564826,215
CP04112,Mumbai,3364,3668,2,7,7,Premium,Standard,Yes,6601294,4749721,1912631,13356312,217
CP04113,Bengaluru,1490,1425,2,3,4,Standard,Premium,Yes,2371455,948314,476992,4015082,173
CP04114,Delhi,1331,1809,2,3,2,Premium,Basic,Yes,2530390,2040656,762076,5539289,201
CP04115,Delhi,4561,3096,1,5,5,Standard,Premium,No,6037957,2588264,1084504,9710725,144
CP04116,Mumbai,3104,2999,2,7,6,Standard,Premium,Yes,6500878,2641136,1432864,10704052,192
CP04117,Mumbai,1214,1363,2,2,3,Standard,Standard,Yes,2489984,1331007,699641,4662406,141
CP04118,Chennai,4406,3513,1,8,7,Standard,Basic,Yes,3942149,2109226,1024791,7214724,157
CP04119,Delhi,2319,1594,1,3,3,Economy,Premium,No,2984371,1149055,651641,4785066,103
CP04120,Hyderabad,2187,1542,1,3,2,Standard,Standard,Yes,1853692,947302,473011,3503789,101
CP04121,Kochi,2211,1159,1,2,1,Standard,Premium,No,1563718,661469,369215,2594402,94
CP04122,Bengaluru,1496,1428,2,3,4,Economy,Premium,No,2378138,746702,499381,3624220,151
CP04123,Bengaluru,877,479,1,1,1,Economy,Basic,Yes,544039,273365,165640,1114333,87
CP04124,Chennai,2236,2401,2,5,4,Standard,Standard,Yes,2873011,1408275,702807,5145720,143
CP04125,Kochi,2758,1467,1,3,3,Economy,Standard,Yes,1483833,708982,443888,2803203,142
CP04126,Chennai,3032,6275,4,8,8,Standard,Premium,Yes,8757373,3759364,1791491,14523535,281
CP04127,Hyderabad,4504,8798,3,8,8,Standard,Standard,Yes,10192654,5807091,2980512,19137076,288
CP04128,Pune,3862,2181,1,4,5,Economy,Standard,No,2698911,1155512,714669,4569092,119
CP04129,Bengaluru,2049,3020,2,6,7,Standard,Premium,Yes,5231578,2158894,1115129,8609491,176
CP04130,Delhi,1832,942,1,2,1,Premium,Basic,Yes,1331288,1175233,386881,3104269,142
CP04131,Kochi,4717,5779,2,8,8,Economy,Standard,Yes,6093526,2731615,1727878,10671316,207
CP04132,Mumbai,1277,580,1,1,1,Standard,Standard,Yes,1002762,577205,287415,2010853,96
CP04133,Kochi,3258,4030,2,8,8,Premium,Standard,Yes,4297674,3323289,1144433,8953512,227
CP04134,Hyderabad,2628,2467,2,5,4,Standard,Standard,No,2768057,1663479,840928,5272463,162
CP04135,Bengaluru,4358,10357,3,8,8,Premium,Standard,Yes,13207502,9506999,3850995,26793890,319
CP04136,Delhi,2637,1916,1,3,4,Standard,Premium,Yes,3802387,1696534,773591,6513482,100
CP04137,Hyderabad,3249,6058,3,8,8,Standard,Basic,No,6049792,3980625,1826182,11856599,241
CP04138,Pune,1256,1809,3,3,3,Standard,Standard,Yes,2325360,1265924,588309,4275798,205
CP04139,Delhi,765,502,1,1,1,Economy,Standard,No,742786,370798,207073,1320656,86
CP04140,Bengaluru,1189,1701,2,3,3,Premium,Standard,Yes,2117858,1677164,623445,4520853,160
CP04141,Kochi,3421,1767,1,3,2,Premium,Standard,No,1729452,1344309,514431,3588191,151
CP04142,Mumbai,4858,6304,2,8,8,Premium,Basic,Yes,9918448,7982547,2862617,20865323,243
CP04143,Delhi,1862,2737,2,5,5,Premium,Premium,Yes,5574504,2765442,1090704,9577552,205
CP04144,Bengaluru,671,964,2,2,3,Premium,Standard,Yes,1175232,878988,334830,2492669,167
CP04145,Hyderabad,4116,6017,2,8,8,Standard,Standard,Yes,6443970,3731935,1993863,12351846,199
CP04146,Pune,4180,12669,4,8,8,Premium,Standard,No,15099532,10270181,4573309,29943022,352
CP04147,Delhi,868,675,1,1,1,Standard,Standard,Yes,1032985,568268,286421,2093011,106
CP04148,Hyderabad,2376,5625,4,8,8,Standard,Basic,Yes,5792180,3733790,1758664,11428602,274
CP04149,Hyderabad,3062,1987,1,3,2,Standard,Basic,Yes,2196457,1194683,617499,4186331,104
CP04150,Chennai,1868,4072,3,7,8,Premium,Basic,Yes,4085288,3607115,1168189,8949290,256
CP04151,Hyderabad,1615,2241,2,4,3,Standard,Basic,Yes,2353413,1438023,702620,4640428,156
CP04152,Kochi,3322,2652,1,5,6,Premium,Standard,Yes,2807916,2126869,733737,5798613,160
CP04153,Delhi,1683,2296,3,5,6,Standard,Standard,Yes,3581606,1923925,940673,6530512,217
CP04154,Pune,4701,5399,2,8,8,Standard,Standard,Yes,6416981,3404828,1845245,11747611,211
CP04155,Mumbai,1006,1103,2,2,1,Premium,Basic,No,1681768,1468266,483706,3633741,187
CP04156,Chennai,3676,3983,2,6,7,Economy,Premium,Yes,6258739,2108504,1057507,9569856,187
CP04157,Hyderabad,1585,1673,2,3,4,Premium,Premium,Yes,2497319,1410678,496915,4559707,182
CP04158,Delhi,4203,5869,2,8,8,Standard,Premium,Yes,11759902,4992913,2582058,19519261,237
CP04159,Kochi,1309,1883,3,3,2,Standard,Standard,No,1971298,1072974,547929,3592202,188
CP04160,Kochi,3218,2283,1,4,5,Premium,Standard,Yes,2313495,1699652,687381,4936582,151
CP04161,Kochi,2011,2786,2,5,4,Standard,Basic,Yes,2638937,1614082,715392,5160887,159
CP04162,Bengaluru,2085,3363,3,6,6,Standard,Premium,Yes,5247522,2238625,1195898,8923129,206
CP04163,Chennai,3550,1911,1,3,4,Standard,Basic,Yes,1946067,1190395,523836,3798362,109
CP04164,Pune,3534,2368,1,4,4,Economy,Standard,Yes,2835919,1482457,730743,5133381,122
CP04165,Bengaluru,4714,10136,3,8,8,Standard,Standard,No,13400696,7378292,3224769,24003757,245
CP04166,Pune,1603,2426,2,5,4,Standard,Standard,Yes,2996208,1586344,746323,5575209,168
CP04167,Bengaluru,3066,4588,2,8,8,Premium,Standard,Yes,5895233,4348415,1833787,12279997,201
CP04168,Mumbai,3066,2415,1,4,3,Economy,Basic,No,3703903,2082311,1196115,6982330,140
CP04169,Pune,2538,3317,2,5,4,Standard,Standard,Yes,4024839,2178653,973236,7335086,150
CP04170,Bengaluru,2539,1950,1,3,4,Premium,Premium,Yes,3303696,1867141,609294,5986108,147
CP04171,Kochi,2235,3276,2,5,5,Premium,Premium,Yes,4471195,2611376,938180,8240045,204
CP04172,Pune,2298,5261,3,8,7,Standard,Standard,No,6020124,3517762,1753646,11291533,259
CP04173,Chennai,2691,2443,2,4,4,Standard,Standard,Yes,2793228,1479735,704933,5091341,162
CP04174,Pune,2495,3932,2,7,8,Standard,Basic,Yes,4411415,2731521,1429062,8749878,191
CP04175,Delhi,4840,11920,4,8,8,Standard,Standard,Yes,17254904,10880290,4739049,33110114,319
CP04176,Pune,3998,5831,2,8,8,Economy,Standard,Yes,7091027,3256621,2031507,12551420,205
CP04177,Bengaluru,1673,2482,3,4,5,Standard,Standard,Yes,3242121,1818790,898055,6183889,189
CP04178,Pune,3002,3533,2,5,4,Standard,Standard,No,4172405,2158379,1334005,7664789,177
CP04179,Mumbai,3812,6232,3,8,8,Standard,Standard,Yes,10386985,6127568,3430369,20110998,245
CP04180,Hyderabad,4637,2559,1,6,5,Standard,Basic,No,2545725,1436337,839652,4821713,149
CP04181,Chennai,1751,863,1,1,1,Standard,Standard,Yes,945165,497771,259461,1873996,82
CP04182,Delhi,3045,2228,1,4,5,Standard,Basic,No,3202958,1774594,955821,5933374,135
CP04183,Kochi,2556,2316,2,4,4,Premium,Standard,No,2314960,1928064,684401,4927425,195
CP04184,Bengaluru,4507,7563,3,8,8,Standard,Basic,Yes,8238587,5144718,2318051,15818304,256
CP04185,Kochi,1407,1438,2,3,4,Standard,Standard,Yes,1484471,817671,372990,2922532,128
CP04186,Kochi,786,1031,2,2,1,Economy,Standard,No,1107029,494018,311021,1912068,146
CP04187,Pune,1907,3083,3,7,6,Economy,Standard,Yes,3992127,1604496,1100810,6926337,246
CP04188,Pune,2884,3118,2,6,7,Standard,Basic,Yes,3407443,2087398,1120763,6768415,174
CP04189,Pune,1357,1685,2,4,3,Economy,Standard,No,1983820,948889,548946,3481655,166
CP04190,Chennai,4831,6555,2,8,7,Economy,Basic,Yes,6282732,3207297,2005132,11710742,214
CP04191,Delhi,4454,4386,2,8,8,Premium,Standard,Yes,7125169,5316854,1791467,14363417,220
CP04192,Hyderabad,4866,2488,1,4,3,Standard,Standard,No,2728479,1673127,870206,5271813,116
CP04193,Mumbai,2806,6021,4,8,7,Economy,Standard,Yes,10679125,4604179,2822722,18235656,281
CP04194,Delhi,4158,3288,1,6,5,Economy,Standard,Yes,5330401,2267018,1316160,9052085,151
CP04195,Mumbai,2180,1284,1,2,1,Economy,Premium,Yes,2919188,1072358,610416,4773157,85
CP04196,Kochi,1561,3089,3,5,6,Standard,Standard,Yes,3088417,1719794,859697,5817405,198
CP04197,Delhi,4447,4754,2,8,8,Standard,Premium,No,9718981,3949910,1988076,15656967,205
CP04198,Bengaluru,4175,5190,2,8,8,Standard,Basic,No,5933386,3398891,1887477,11219754,192
CP04199,Hyderabad,1475,1404,2,2,1,Economy,Standard,Yes,1652133,713960,445632,2891739,143
CP04200,Hyderabad,3018,2789,2,4,5,Standard,Standard,No,3295851,1711381,847342,5854574,183
CP04201,Chennai,4798,5892,2,8,8,Standard,Premium,Yes,8600060,3558339,1698287,14052338,210
CP04202,Delhi,1601,1887,2,3,3,Standard,Basic,Yes,2646351,1600772,767047,5213988,158
CP04203,Pune,3984,3967,2,7,7,Premium,Standard,Yes,4930053,3390251,1156371,9604534,207
CP04204,Hyderabad,4666,9667,3,8,8,Standard,Basic,Yes,10591108,5740384,3210267,19671033,260
CP04205,Delhi,3445,5494,2,8,7,Economy,Premium,Yes,10654311,3679108,2392916,16893012,221
CP04206,Pune,2081,4898,4,8,8,Premium,Standard,Yes,5863602,4579899,1767432,12358386,289
CP04207,Chennai,3901,2608,1,4,5,Standard,Premium,Yes,3847850,1731075,800272,6469689,117
CP04208,Kochi,1257,1978,2,4,3,Standard,Standard,Yes,2060990,1151711,512775,3950190,171
CP04209,Kochi,3380,5009,2,8,8,Standard,Basic,No,4472837,2488679,1440578,8402094,199
CP04210,Delhi,1022,2502,4,4,3,Standard,Standard,No,3904380,2161394,1062467,7128241,206
CP04211,Delhi,4281,3031,1,6,6,Premium,Standard,No,4575988,3640895,1329678,9546561,168
CP04212,Bengaluru,4866,4815,2,8,8,Economy,Premium,Yes,8589848,2732326,1840371,13403534,226
CP04213,Delhi,3310,6248,3,8,8,Standard,Standard,Yes,10004215,5479177,2429710,18151301,265
CP04214,Bengaluru,1052,576,1,1,1,Economy,Premium,Yes,991169,355923,205479,1677626,90
CP04215,Pune,2997,4553,3,8,7,Standard,Standard,Yes,5518316,3198667,1487315,10301240,236
CP04216,Kochi,2575,1542,1,3,3,Standard,Standard,Yes,1631405,853191,507200,3213735,140
CP04217,Pune,2257,3357,3,5,6,Standard,Standard,Yes,4006340,2223940,1166433,7486848,197
CP04218,Kochi,3141,8727,4,8,8,Economy,Standard,Yes,8813993,4266686,2447966,15754575,289
CP04219,Kochi,3675,4481,2,8,8,Economy,Basic,No,4060681,2314172,1381242,7756096,216
CP04220,Hyderabad,3764,4787,2,7,8,Standard,Standard,Yes,6001515,2954047,1485675,10555358,187
CP04221,Chennai,3566,1787,1,3,2,Premium,Basic,Yes,1797214,1515636,557981,4038091,148
CP04222,Bengaluru,2653,5294,4,8,8,Premium,Premium,Yes,8245370,4998571,1784121,15126034,293
CP04223,Kochi,887,1160,2,3,4,Premium,Premium,Yes,1636467,935465,332081,3041414,193
CP04224,Hyderabad,3817,3033,1,6,6,Standard,Standard,Yes,3870688,1983227,1028396,7059271,139
CP04225,Mumbai,4454,4308,2,8,8,Economy,Standard,Yes,7116342,3400092,2022328,12692123,195
CP04226,Hyderabad,2047,2251,2,4,3,Standard,Standard,No,2662332,1437209,579926,4679467,149
CP04227,Pune,1207,910,1,2,2,Standard,Basic,Yes,946488,579865,286678,2048886,87
CP04228,Mumbai,2364,1123,1,2,2,Economy,Premium,Yes,2688184,915306,587008,4289268,98
CP04229,Hyderabad,1825,1380,1,2,1,Standard,Standard,Yes,1457498,945389,476045,3019560,75
CP04230,Delhi,1835,2324,2,5,5,Economy,Standard,Yes,3590250,1624187,934135,6341390,154
CP04231,Chennai,1629,1931,2,4,4,Standard,Standard,Yes,2161802,1123204,523907,4019904,157
CP04232,Bengaluru,3271,3652,2,7,6,Standard,Standard,Yes,4363915,2496599,1224601,8198192,192
CP04233,Delhi,4562,7581,3,8,8,Economy,Basic,Yes,10693902,5595599,3368592,19892101,255
CP04234,Mumbai,3777,6311,3,8,7,Standard,Standard,No,10900840,6260853,2989445,20151138,239
CP04235,Kochi,4322,6566,2,8,8,Standard,Standard,Yes,7334402,3810029,1647899,13038608,233
CP04236,Chennai,2075,1459,1,2,2,Standard,Premium,Yes,1967549,840516,452597,3412724,114
CP04237,Kochi,3496,4785,2,8,8,Standard,Standard,Yes,5182036,2693577,1448180,9413765,204
CP04238,Hyderabad,1408,2054,2,4,4,Economy,Standard,Yes,2362883,1177329,708459,4480928,157
CP04239,Delhi,1578,1704,2,3,3,Standard,Basic,Yes,2483954,1322776,627152,4548538,142
CP04240,Pune,3063,4081,2,8,8,Economy,Standard,Yes,5198071,2319047,1439246,9139756,193
CP04241,Pune,1325,1619,2,3,4,Standard,Standard,No,1939273,1056833,540242,3536349,146
CP04242,Chennai,3101,6734,3,8,7,Standard,Standard,Yes,7394160,4135010,1940179,13613483,262
CP04243,Pune,3962,2211,1,4,5,Premium,Standard,Yes,2772557,1983313,657499,5509223,148
CP04244,Bengaluru,1816,2452,2,4,3,Standard,Standard,Yes,3166540,1564884,751774,5667494,175
CP04245,Kochi,4651,3529,1,8,8,Economy,Standard,No,3670501,1760112,959408,6390021,155
CP04246,Chennai,2797,6609,4,8,7,Standard,Standard,Yes,7027553,3771971,1885721,12780643,303
CP04247,Chennai,3406,1612,1,3,3,Standard,Standard,Yes,1799112,910073,480516,3279563,109
CP04248,Pune,1378,868,1,2,1,Standard,Standard,Yes,1003602,574332,311888,2075016,108
CP04249,Chennai,1572,1795,2,3,2,Economy,Standard,Yes,2025698,896633,536227,3623616,176
CP04250,Hyderabad,3410,4673,2,8,8,Standard,Basic,Yes,5073373,2826494,1335796,9424471,233
CP04251,Mumbai,2723,2131,1,5,5,Economy,Standard,Yes,3626610,1705107,960377,6447447,115
CP04252,Delhi,1198,1485,2,3,3,Standard,Standard,Yes,2248732,1201665,636241,4317778,159
CP04253,Mumbai,3941,4832,2,8,7,Standard,Standard,No,8289800,4997469,2214644,15501912,194
CP04254,Kochi,824,559,1,1,1,Economy,Premium,Yes,791414,275085,158202,1447048,95
CP04255,Delhi,1440,1400,2,3,2,Premium,Basic,Yes,1944646,1575029,628693,4339553,182
CP04256,Pune,2414,3901,3,6,6,Standard,Standard,Yes,4651100,2672337,1337513,8813532,230
CP04257,Bengaluru,1706,2632,2,4,4,Standard,Basic,Yes,3074146,1798938,878141,5916451,146
CP04258,Bengaluru,724,1486,3,3,2,Economy,Premium,Yes,2396734,860221,482474,3851124,168
CP04259,Pune,3846,3497,2,6,5,Standard,Premium,No,5455945,2415724,1290369,9162038,172
CP04260,Kochi,3531,3683,2,6,5,Standard,Standard,Yes,3677089,2026460,1005541,6926843,190
CP04261,Pune,4725,3255,1,7,6,Premium,Premium,No,5291874,2751910,1228270,9272053,187
CP04262,Chennai,3571,5124,2,8,8,Economy,Standard,Yes,5390212,2698945,1686549,10000538,212
CP04263,Bengaluru,2617,5840,3,8,8,Economy,Basic,No,7029936,3453214,2003962,12487112,232
CP04264,Mumbai,3015,6660,4,8,8,Premium,Standard,Yes,11833652,8698039,2962823,23742299,318
CP04265,Pune,3696,5735,2,8,8,Premium,Standard,Yes,6895850,5020342,1896920,13893305,232
CP04266,Kochi,2209,1421,1,3,2,Economy,Standard,Yes,1484167,708981,436989,2714389,104
CP04267,Kochi,1317,913,1,2,1,Standard,Standard,Yes,1019343,484756,254273,1858960,99
CP04268,Mumbai,4161,5483,2,8,7,Standard,Standard,Yes,9130459,4753871,2423802,16522734,191
CP04269,Delhi,1616,1593,2,3,2,Standard,Standard,Yes,2328395,1311554,646619,4433804,154
CP04270,Mumbai,4165,3278,1,7,8,Premium,Standard,No,5990680,4382010,1610282,11982971,167
CP04271,Kochi,2560,5048,4,8,8,Economy,Basic,No,4572674,2597955,1479353,8649982,272
CP04272,Bengaluru,1648,1777,2,3,4,Standard,Standard,No,2181439,1259724,616062,4057225,157
CP04273,Delhi,1957,4313,3,8,8,Economy,Standard,Yes,6524303,2937428,1760795,11378361,219
CP04274,Mumbai,4026,8050,3,8,8,Economy,Basic,No,13325245,6268406,3835653,23429304,241
CP04275,Chennai,715,1594,3,3,3,Economy,Basic,Yes,1629161,862142,464996,3040188,195
CP04276,Chennai,2695,3398,2,8,7,Premium,Standard,Yes,3716692,2876989,1027673,7706045,214
CP04277,Bengaluru,2401,2794,2,5,6,Standard,Standard,Yes,3591033,1980849,979125,6683976,182
CP04278,Chennai,2746,4243,2,7,8,Standard,Premium,Yes,6158825,2662979,1254281,10173455,199
CP04279,Pune,2220,2054,2,3,3,Standard,Basic,Yes,2147108,1367078,643559,4295851,134
CP04280,Delhi,3550,5322,2,8,8,Standard,Basic,Yes,7100566,4423947,2403020,14076307,210
CP04281,Bengaluru,4392,9324,4,8,8,Standard,Standard,Yes,10833959,6382089,3274298,20676217,306
CP04282,Delhi,3541,7935,3,8,8,Economy,Premium,No,16833048,5846148,3475971,26155168,241
CP04283,Kochi,1577,2359,3,4,4,Standard,Standard,No,2399080,1360573,642381,4402034,195
CP04284,Mumbai,3666,7182,3,8,7,Economy,Standard,Yes,12647191,5284581,3428780,21513029,263
CP04285,Pune,1383,1052,1,2,2,Standard,Basic,Yes,1170324,724959,331266,2313041,100
CP04286,Bengaluru,840,517,1,1,1,Standard,Standard,No,628596,367180,193501,1189278,92
CP04287,Mumbai,2153,3062,2,6,6,Standard,Standard,Yes,5206408,2987417,1374293,9707449,178
CP04288,Mumbai,1612,2358,2,5,4,Standard,Standard,No,3997204,2423177,1063376,7483758,180
CP04289,Mumbai,786,1668,3,3,4,Standard,Standard,No,2595515,1536623,803903,4936041,182
CP04290,Mumbai,2481,3839,2,7,7,Standard,Standard,Yes,6739035,3488984,1713684,12113368,183
CP04291,Mumbai,1030,1249,2,2,1,Standard,Basic,Yes,2163371,1229073,650328,4216145,135
CP04292,Bengaluru,838,855,2,2,1,Premium,Standard,No,1058670,766296,270023,2094989,146
CP04293,Chennai,2945,1374,1,3,2,Economy,Standard,No,1481044,759129,406322,2646495,75
CP04294,Mumbai,675,723,2,1,1,Economy,Premium,Yes,1629754,569520,338354,2662970,117
CP04295,Kochi,1956,2934,3,6,5,Standard,Standard,Yes,3104246,1612293,851277,5771348,232
CP04296,Kochi,2930,1890,1,4,3,Premium,Standard,Yes,2044686,1425062,512722,4087877,164
CP04297,Pune,2502,2575,2,5,5,Standard,Basic,Yes,2710573,1674242,862882,5342703,149
CP04298,Bengaluru,4613,4277,2,7,8,Standard,Standard,No,5510514,2896736,1399340,9806589,182
CP04299,Hyderabad,2659,1230,1,2,3,Standard,Standard,No,1415777,764705,363986,2544468,95
CP04300,Chennai,740,548,1,1,1,Economy,Premium,Yes,793009,274417,162170,1399802,88
CP04301,Pune,2389,6278,4,8,8,Standard,Standard,Yes,7733507,3821157,2058751,13805303,271
CP04302,Kochi,4226,4862,2,8,7,Premium,Standard,No,4882679,3835710,1362333,10080722,228
CP04303,Mumbai,616,469,1,1,1,Premium,Standard,Yes,808070,594581,219884,1714345,132
CP04304,Bengaluru,4948,2348,1,4,5,Economy,Standard,Yes,3025153,1366567,876380,5508805,113
CP04305,Bengaluru,1064,1687,2,3,2,Standard,Premium,Yes,2758715,1093368,592551,4622045,155
CP04306,Mumbai,2427,3231,2,7,7,Standard,Standard,Yes,5866764,2865328,1573602,10433263,198
CP04307,Kochi,3628,3731,2,6,7,Economy,Standard,No,3864211,1799171,1131853,6795236,212
CP04308,Pune,1119,769,1,1,1,Standard,Standard,No,968100,546995,233060,1748154,84
CP04309,Bengaluru,689,1482,3,2,2,Economy,Standard,Yes,1727557,935278,575060,3425637,160
CP04310,Delhi,3451,4143,2,8,7,Standard,Premium,Yes,8401563,3322012,1564755,13459731,181
CP04311,Kochi,3443,5175,2,8,8,Standard,Standard,Yes,5128903,2840604,1583846,9730870,215
CP04312,Kochi,2484,2497,2,4,5,Standard,Basic,Yes,2453767,1435401,639923,4732669,166
CP04313,Chennai,4771,5225,2,8,7,Standard,Premium,No,7427111,2717098,1561435,11705643,206
CP04314,Pune,1525,2208,3,4,5,Standard,Premium,Yes,3425879,1414576,701613,5684070,198
CP04315,Kochi,4334,9080,4,8,7,Standard,Standard,No,9175014,5233206,2824939,17233160,300
CP04316,Mumbai,1569,1674,2,3,3,Standard,Basic,Yes,2722011,1588572,840692,5336292,143
CP04317,Kochi,1694,3919,3,6,7,Standard,Standard,Yes,4188425,2021696,1097665,7462723,215
CP04318,Pune,3795,5434,3,8,8,Premium,Basic,Yes,5850987,4398987,1850421,12254608,273
CP04319,Delhi,2004,4806,4,8,8,Standard,Standard,Yes,7598242,3748167,2052652,13569744,305
CP04320,Kochi,3964,2522,1,4,4,Standard,Basic,Yes,2392873,1431972,749033,4792432,136
CP04321,Pune,4890,7477,2,8,8,Standard,Standard,Yes,9078278,4728560,2438291,16363410,206
CP04322,Kochi,4582,7323,2,8,8,Standard,Basic,Yes,7102957,4499100,2000124,13805183,224
CP04323,Hyderabad,4923,10540,3,8,8,Standard,Standard,No,13055732,6196471,2887572,22139775,272
CP04324,Mumbai,4613,3643,1,6,5,Standard,Standard,Yes,6483977,3712008,1712496,12136867,169
CP04325,Chennai,3692,5356,2,8,8,Economy,Standard,Yes,5958395,2567256,1619758,10366519,223
CP04326,Mumbai,4759,7491,2,8,8,Standard,Basic,Yes,12301744,8096007,3379787,24004384,219
CP04327,Hyderabad,2674,3730,2,6,6,Standard,Basic,Yes,3729614,2427706,1169621,7464053,183
CP04328,Mumbai,884,844,2,2,2,Economy,Standard,Yes,1474562,612358,432200,2679342,122
CP04329,Mumbai,1787,3166,3,5,4,Standard,Standard,Yes,5486107,3224295,1527813,10363056,215
CP04330,Chennai,4569,6180,2,8,8,Standard,Standard,Yes,6879684,3622328,1771842,12456143,227
CP04331,Hyderabad,3565,6125,3,8,8,Standard,Basic,Yes,6422187,4037779,2036246,12703035,249
CP04332,Mumbai,4919,5368,2,8,8,Economy,Standard,Yes,10112255,4377887,2610532,17269326,211
CP04333,Delhi,1383,1803,2,4,5,Premium,Standard,Yes,2943127,2008299,765913,5960109,183
CP04334,Kochi,1549,2406,2,4,3,Standard,Standard,No,2361924,1354018,668069,4384011,170
CP04335,Mumbai,4539,2098,1,4,4,Standard,Standard,No,3745248,1896121,930900,6572269,107
CP04336,Bengaluru,644,926,2,2,2,Standard,Premium,No,1565944,624859,324134,2514938,122
CP04337,Mumbai,2410,3388,2,7,7,Standard,Standard,Yes,5982928,3042323,1662111,10769278,200
CP04338,Chennai,2681,4221,2,8,8,Premium,Premium,No,5911450,3338311,1211825,10461585,215
CP04339,Bengaluru,4098,9537,3,8,8,Standard,Standard,No,12729635,6644711,3321045,22695391,259
CP04340,Delhi,1429,2048,2,4,3,Standard,Premium,No,4154243,1811303,908403,6873949,155
CP04341,Kochi,2509,1586,1,3,2,Standard,Basic,Yes,1429377,971214,424449,3001132,118
CP04342,Delhi,3181,1658,1,3,3,Standard,Standard,Yes,2653004,1391853,714002,4998913,115
CP04343,Delhi,1291,1654,2,3,3,Standard,Standard,No,2594817,1311145,690510,4596471,111
CP04344,Hyderabad,4619,6631,2,8,7,Standard,Standard,No,7461618,4166730,2209062,13837410,222
CP04345,Delhi,1531,1168,1,2,2,Standard,Standard,Yes,1743790,973182,522266,3408078,99
CP04346,Pune,4006,5819,2,8,7,Economy,Basic,Yes,6135091,3479541,1927373,11686141,224
CP04347,Chennai,747,774,2,1,2,Standard,Premium,Yes,1159228,484728,232164,1971669,115
CP04348,Hyderabad,1632,2153,2,4,5,Premium,Standard,Yes,2545349,1852427,669092,5315054,207
CP04349,Bengaluru,1911,3246,3,5,5,Standard,Premium,No,5542223,2410039,1048756,9001018,193
CP04350,Pune,987,894,2,2,1,Standard,Basic,Yes,981530,575107,301991,1984499,130
CP04351,Hyderabad,3721,3870,2,8,8,Premium,Standard,Yes,4347993,3394602,1223521,9189693,245
CP04352,Chennai,2473,3632,3,6,5,Economy,Standard,No,3868259,1805559,1040211,6714029,245
CP04353,Bengaluru,4188,6239,2,8,8,Economy,Standard,Yes,8231121,3572900,1898490,13787888,199
CP04354,Chennai,1515,1637,2,3,2,Economy,Standard,Yes,1832841,748537,507324,3245149,178
CP04355,Chennai,2478,2724,2,5,5,Economy,Standard,No,2964555,1396249,799740,5160544,141
CP04356,Bengaluru,4348,3417,1,6,6,Economy,Standard,Yes,4326197,2017013,1227263,7736252,156
CP04357,Delhi,877,1022,2,2,3,Standard,Standard,Yes,1636715,852600,394122,3081829,157
CP04358,Mumbai,2577,2336,2,4,4,Standard,Standard,No,4203978,2293473,1126106,7623557,147
CP04359,Chennai,2459,5403,4,8,8,Standard,Standard,No,5921365,3403815,1617813,10942992,293
CP04360,Delhi,3636,5364,3,8,7,Standard,Standard,No,8245278,4501801,2224524,14971603,237
CP04361,Kochi,3971,3859,2,8,8,Standard,Standard,Yes,3937402,2265997,1204107,7552718,191
CP04362,Bengaluru,2782,2654,2,5,5,Standard,Standard,Yes,3360419,1865472,924470,6305211,153
CP04363,Chennai,1770,1164,1,3,4,Standard,Basic,No,1139092,735987,312935,2188013,109
CP04364,Mumbai,1089,1124,2,2,3,Standard,Standard,Yes,1974273,1107804,526548,3803417,138
CP04365,Kochi,3125,3602,2,6,7,Premium,Standard,Yes,3682550,3024321,927192,7770006,198
CP04366,Bengaluru,1782,2679,2,4,4,Standard,Standard,Yes,3207325,1872999,1002744,6227400,178
CP04367,Hyderabad,4858,5815,2,8,8,Economy,Premium,Yes,9064336,2967994,1858792,14023312,204
CP04368,Hyderabad,3088,2379,1,5,5,Standard,Standard,Yes,2810736,1593327,742191,5335512,132
CP04369,Delhi,2476,6182,4,8,7,Standard,Standard,Yes,9419185,5359426,2376675,17289441,286
CP04370,Hyderabad,3062,1805,1,3,2,Standard,Basic,Yes,1852145,1164174,574470,3731174,149
CP04371,Pune,2230,6356,4,8,8,Standard,Standard,No,7263539,3871339,2229491,13364369,299
CP04372,Chennai,887,1265,3,2,3,Economy,Basic,Yes,1305744,693176,392969,2576213,182
CP04373,Chennai,4882,4699,2,8,8,Premium,Premium,Yes,7056610,3996799,1456405,12697856,229
CP04374,Bengaluru,2507,5100,3,8,8,Economy,Premium,Yes,8357432,3038116,1910910,13483899,246
CP04375,Pune,1761,2185,2,5,5,Economy,Standard,Yes,2678409,1051299,787173,4680287,172
CP04376,Chennai,729,1059,2,2,2,Economy,Standard,No,1118830,530955,319761,1969547,136
CP04377,Bengaluru,2963,4567,2,8,8,Standard,Basic,No,5217332,3452587,1631253,10301172,215
CP04378,Mumbai,743,870,2,1,2,Economy,Premium,No,1935780,726852,460537,3123169,165
CP04379,Chennai,615,810,2,1,2,Standard,Premium,No,1126584,456597,228358,1811539,114
CP04380,Delhi,844,1055,2,2,3,Premium,Standard,No,1605945,1163035,455808,3224788,171
CP04381,Chennai,1526,2421,2,5,6,Standard,Standard,Yes,2617903,1423654,681759,4949832,173
CP04382,Mumbai,3778,5598,2,8,8,Standard,Standard,Yes,9801930,5677507,2626790,18342170,207
CP04383,Mumbai,2776,4270,2,7,6,Economy,Standard,Yes,7832836,3221434,2214153,13481484,186
CP04384,Chennai,1486,800,1,2,2,Standard,Basic,Yes,725093,505370,227849,1624809,91
CP04385,Mumbai,940,677,1,1,1,Standard,Standard,Yes,1166104,675582,346221,2314764,118
CP04386,Bengaluru,2651,2878,2,6,7,Standard,Basic,Yes,3359404,2208457,956731,6675073,180
CP04387,Chennai,3998,2091,1,4,3,Standard,Basic,Yes,2086213,1288029,668678,4219640,135
CP04388,Chennai,4550,3551,1,8,8,Economy,Basic,Yes,3405841,1698794,1158834,6367250,160
CP04389,Hyderabad,905,1240,3,2,2,Premium,Standard,Yes,1552803,1052087,369357,3084957,208
CP04390,Delhi,1507,1187,1,2,1,Standard,Standard,Yes,2025135,947652,517622,3594952,108
CP04391,Chennai,3254,3268,2,7,7,Standard,Standard,No,3592570,1998928,1045667,6637165,186
CP04392,Kochi,4392,6472,2,8,8,Premium,Premium,Yes,8443534,5414205,1796641,15811905,248
CP04393,Hyderabad,4642,7611,3,8,8,Premium,Standard,No,8702405,6195441,2479271,17377117,301
CP04394,Mumbai,1971,2257,2,4,4,Standard,Standard,No,3793197,2267642,1005658,7066496,146
CP04395,Delhi,920,967,2,2,2,Standard,Standard,Yes,1513045,787135,459543,2879894,139
CP04396,Delhi,4659,6102,2,8,8,Standard,Standard,Yes,9613424,4728241,2448287,16996547,219
CP04397,Mumbai,1731,1979,2,3,2,Standard,Basic,Yes,3258285,2051701,933476,6437229,159
CP04398,Bengaluru,3178,4322,2,8,8,Standard,Standard,No,5554681,3016878,1479186,10050745,214
CP04399,Hyderabad,4642,2114,1,4,3,Premium,Premium,Yes,3203216,1842136,669174,5832092,162
CP04400,Chennai,3967,7498,4,8,8,Standard,Standard,Yes,7915398,4692632,2309853,15157536,304
CP04401,Hyderabad,1417,1374,2,3,4,Standard,Premium,Yes,1962179,792010,444018,3363978,141
CP04402,Mumbai,611,729,2,1,2,Standard,Basic,Yes,1061398,690543,326616,2212560,144
CP04403,Mumbai,794,1751,3,3,2,Premium,Standard,No,3091731,2082912,777506,5952148,215
CP04404,Kochi,3137,4773,2,8,8,Economy,Standard,Yes,5160017,2252004,1498919,9005336,215
CP04405,Bengaluru,3442,5531,3,8,8,Standard,Standard,Yes,7319033,4035695,2040753,13625801,229
CP04406,Delhi,2829,3683,2,7,7,Standard,Premium,Yes,7620405,3163255,1425987,12294836,199
CP04407,Delhi,3609,7783,3,8,8,Economy,Premium,No,15352704,5385599,3346542,24084845,259
CP04408,Mumbai,2677,1475,1,2,2,Standard,Basic,No,2510149,1417750,742519,4670418,100
CP04409,Hyderabad,4467,7948,3,8,8,Standard,Standard,Yes,8831545,4970826,2813576,16785297,273
CP04410,Delhi,1043,1981,3,3,3,Economy,Basic,Yes,2636334,1436422,808315,5004286,187
CP04411,Kochi,897,445,1,1,1,Standard,Basic,Yes,431358,245719,134599,945316,92
CP04412,Kochi,1444,662,1,1,1,Premium,Basic,Yes,657633,506287,196896,1486361,104
CP04413,Chennai,1615,1626,2,3,3,Premium,Standard,No,1916853,1327022,467652,3711526,169
CP04414,Chennai,1984,5312,4,8,8,Standard,Standard,Yes,6076252,3255054,1560660,10973983,280
CP04415,Hyderabad,1997,1900,2,3,4,Standard,Standard,Yes,2258983,1210133,571521,4249758,141
CP04416,Bengaluru,1153,1190,2,2,2,Standard,Standard,Yes,1554294,753848,419433,2955203,155
CP04417,Chennai,2950,1676,1,4,5,Premium,Standard,Yes,1823090,1272037,456179,3781506,147
CP04418,Hyderabad,1869,1783,2,4,4,Standard,Basic,Yes,1794024,1158336,554299,3714435,145
CP04419,Hyderabad,1860,1923,2,4,5,Standard,Basic,Yes,2020924,1196087,592753,3952065,144
CP04420,Mumbai,784,2411,4,5,5,Economy,Standard,Yes,3955548,1923654,1015381,7070064,236
CP04421,Delhi,3010,2749,2,5,4,Standard,Standard,No,4181247,2280144,1175951,7637343,180
CP04422,Mumbai,2809,5719,3,8,8,Economy,Basic,Yes,8866587,4607752,2856694,16481394,234
CP04423,Delhi,4272,4994,2,8,8,Standard,Premium,Yes,10231250,3824231,1915090,16194312,194
CP04424,Bengaluru,2481,1700,1,3,2,Standard,Standard,Yes,2169436,1274423,586594,4189252,106
CP04425,Bengaluru,4896,6423,2,8,7,Standard,Standard,Yes,8608204,4406899,2032982,15238688,213
CP04426,Bengaluru,1121,1184,2,2,3,Standard,Standard,Yes,1547023,817554,411474,2905652,124
CP04427,Hyderabad,2487,7426,4,8,8,Premium,Standard,Yes,8357761,6340687,2503288,17347459,321
CP04428,Hyderabad,3152,5883,3,8,8,Economy,Standard,Yes,6977650,3301915,1796691,12283211,265
CP04429,Mumbai,4409,3253,1,7,6,Standard,Standard,Yes,5329717,3229626,1533901,10315855,153
CP04430,Chennai,4755,2815,1,6,6,Standard,Standard,Yes,3187215,1682679,951602,5964463,138
CP04431,Kochi,4079,3241,1,5,6,Premium,Premium,Yes,4271487,2385135,882399,7683853,181
CP04432,Delhi,2009,5783,4,8,7,Standard,Standard,No,8689309,5158097,2292521,16139928,267
CP04433,Delhi,2294,5423,3,8,7,Standard,Standard,Yes,8800050,4568083,2276944,15729630,250
CP04434,Bengaluru,1126,2128,3,3,3,Standard,Standard,Yes,2733864,1511997,840607,5169914,186
CP04435,Delhi,3260,4014,2,7,6,Premium,Standard,Yes,6133813,4305031,1711510,12315095,243
CP04436,Pune,2772,3960,2,8,8,Economy,Standard,Yes,4986406,2293659,1255216,8678208,216
CP04437,Bengaluru,879,1332,2,3,3,Standard,Standard,No,1784277,853589,475968,3113834,122
CP04438,Kochi,3564,5612,2,8,8,Economy,Standard,Yes,5630025,2664997,1670918,10161753,212
CP04439,Delhi,4577,5159,2,8,8,Economy,Basic,Yes,6946231,3708004,2245658,13057418,190
CP04440,Mumbai,3269,2384,1,4,3,Economy,Basic,Yes,3898787,2114327,1198059,7362206,138
CP04441,Delhi,3493,1829,1,4,5,Premium,Premium,Yes,3706564,2142361,811321,6882731,140
CP04442,Hyderabad,2351,4520,3,8,8,Standard,Premium,Yes,6281538,3052258,1412817,10928395,248
CP04443,Mumbai,4581,7049,3,8,8,Premium,Standard,Yes,13290896,9345626,3357421,26147223,296
CP04444,Mumbai,2961,3384,2,7,6,Standard,Standard,Yes,5841066,3068347,1706286,10711287,167
CP04445,Mumbai,4731,7342,2,8,8,Premium,Premium,Yes,16123245,8989863,3007324,28208544,267
CP04446,Pune,2308,2313,2,4,4,Standard,Basic,No,2520026,1584696,644564,4749286,173
CP04447,Pune,3286,6618,3,8,8,Economy,Standard,Yes,8296727,3526738,2105629,14038468,238
CP04448,Delhi,3495,6894,3,8,8,Standard,Standard,Yes,11098618,5343931,2835865,19423579,266
CP04449,Bengaluru,3376,4985,3,8,8,Standard,Standard,Yes,6320445,3271797,1791467,11533967,227
CP04450,Delhi,1719,2909,3,6,7,Standard,Basic,No,4440840,2476326,1186575,8103741,225
CP04451,Delhi,3588,2321,1,4,3,Standard,Standard,Yes,3977963,1872262,1043371,7098583,123
CP04452,Delhi,4859,5009,2,8,8,Standard,Standard,No,7852083,4471617,2121969,14445670,189
CP04453,Kochi,4843,7072,2,8,8,Standard,Premium,Yes,9583455,4117106,1921179,15851969,236
CP04454,Hyderabad,794,1254,2,3,4,Standard,Standard,Yes,1428856,797492,424953,2813544,163
CP04455,Mumbai,1262,1988,3,3,3,Standard,Premium,No,4520745,1945487,970120,7436351,187
CP04456,Chennai,1079,1112,2,2,2,Premium,Premium,No,1685258,927911,307610,2920779,167
CP04457,Kochi,4818,2935,1,5,6,Premium,Standard,Yes,3108272,2328300,874858,6425559,161
CP04458,Bengaluru,2023,2879,2,6,7,Economy,Basic,Yes,3391847,1619556,1038774,6131990,185
CP04459,Bengaluru,3308,7258,4,8,8,Economy,Standard,Yes,9436202,4525136,2312150,16436020,294
CP04460,Mumbai,3775,1725,1,3,3,Standard,Premium,Yes,4042531,1708006,833328,6776622,131
CP04461,Bengaluru,4414,5644,2,8,7,Standard,Basic,No,6705614,3817455,2017836,12540905,212
CP04462,Mumbai,2614,4102,2,8,7,Standard,Standard,Yes,7458504,4090054,1772253,13510511,218
CP04463,Bengaluru,4389,2576,1,4,4,Standard,Basic,Yes,2988695,1659020,945003,5680371,103
CP04464,Delhi,3043,3633,2,8,8,Standard,Basic,Yes,5406923,3182198,1462833,10253335,208
CP04465,Hyderabad,1511,3577,3,7,8,Standard,Standard,Yes,3913412,2285964,1068265,7491515,228
CP04466,Kochi,3813,5285,2,8,8,Economy,Standard,Yes,5585353,2286011,1480551,9520516,212
CP04467,Kochi,2964,6239,3,8,8,Premium,Standard,Yes,6382156,5280492,1852714,13637814,300
CP04468,Bengaluru,4229,5471,2,8,7,Standard,Premium,Yes,9328020,3528277,2000421,15036096,222
CP04469,Kochi,4072,3221,1,6,5,Standard,Basic,No,2831327,1888664,1009698,5729689,141
CP04470,Bengaluru,1280,3538,4,8,8,Standard,Basic,Yes,4065583,2613855,1155190,7963146,258
CP04471,Chennai,1209,1845,2,3,3,Economy,Premium,Yes,2689257,817956,565684,4175295,126
CP04472,Kochi,2756,3829,2,6,7,Standard,Standard,Yes,4197042,2207915,1135915,7697827,189
CP04473,Hyderabad,4466,9476,3,8,8,Economy,Standard,Yes,10759690,5299253,3071758,19241905,281
CP04474,Kochi,971,1071,2,2,2,Economy,Standard,Yes,1244108,547857,287295,2297029,152
CP04475,Delhi,1215,2027,3,4,4,Standard,Premium,No,3962872,1806273,864449,6633595,188
CP04476,Hyderabad,2853,2065,1,4,3,Economy,Standard,No,2276486,1157002,663022,4096511,138
CP04477,Kochi,4738,5248,2,8,8,Standard,Standard,No,5617050,2941108,1439309,9997468,223
CP04478,Hyderabad,1464,947,1,2,3,Standard,Standard,Yes,1088204,610311,306957,2107102,112
CP04479,Kochi,1868,3010,3,7,6,Economy,Standard,No,3377125,1605013,868588,5850727,223
CP04480,Bengaluru,1384,1018,1,2,1,Economy,Premium,Yes,1567639,634779,322706,2743206,101
CP04481,Pune,4778,7004,3,8,8,Standard,Standard,Yes,8486938,4468505,2399159,15556538,259
CP04482,Bengaluru,2837,8400,4,8,8,Economy,Standard,Yes,10973732,5189031,2917897,19163398,303
CP04483,Mumbai,4654,6152,2,8,8,Standard,Standard,Yes,10538811,6306427,2617915,19621680,207
CP04484,Kochi,1535,1582,2,3,4,Standard,Standard,Yes,1561115,862076,442758,2993314,143
CP04485,Chennai,4580,5859,2,8,7,Premium,Standard,Yes,6818229,4740795,1770741,13548133,244
CP04486,Hyderabad,2938,3225,2,6,7,Premium,Standard,Yes,3599805,2703646,972039,7412728,203
CP04487,Mumbai,925,1041,2,2,2,Standard,Basic,Yes,1717793,1045555,509047,3516504,130
CP04488,Delhi,2134,2445,2,5,6,Standard,Standard,Yes,3626115,2011726,1009176,6821424,147
CP04489,Mumbai,4080,7705,4,8,7,Standard,Standard,No,13387821,7164105,3925941,24477867,279
CP04490,Pune,4461,14187,4,8,8,Standard,Basic,No,15917591,9874456,4757864,30549911,336
CP04491,Kochi,2585,3575,3,6,5,Standard,Standard,Yes,3788762,1914959,1135261,6973150,229
CP04492,Hyderabad,3378,6910,3,8,8,Standard,Premium,Yes,9988794,4393683,1988340,16562581,251
CP04493,Bengaluru,1870,2168,2,5,5,Standard,Standard,Yes,2800726,1441393,762314,5202682,176
CP04494,Hyderabad,1240,1676,2,3,2,Economy,Standard,Yes,1767575,946451,528469,3379781,121
CP04495,Chennai,4678,8065,3,8,8,Economy,Standard,No,8445557,3987400,2480557,14913514,263
CP04496,Hyderabad,1967,2697,2,4,3,Standard,Standard,Yes,3332535,1702229,916258,6141225,144
CP04497,Mumbai,4642,13094,4,8,7,Premium,Standard,No,22889010,14941009,5744818,43574837,341
CP04498,Mumbai,3175,4392,2,7,7,Standard,Basic,No,7156711,4216701,2185057,13558469,203
CP04499,Bengaluru,4203,4117,2,8,8,Standard,Standard,Yes,5351526,2815639,1449082,9746960,211
CP04500,Bengaluru,2181,4448,3,7,7,Premium,Standard,No,5549275,4158140,1450799,11158214,237
CP04501,Bengaluru,2586,5668,4,8,8,Standard,Standard,Yes,7203664,4165510,2094933,13648202,260
CP04502,Delhi,2840,1306,1,3,2,Standard,Basic,Yes,1725208,1129850,550516,3642594,103
CP04503,Kochi,4566,8152,3,8,8,Standard,Basic,No,7706789,4738561,2219775,14665125,237
CP04504,Chennai,2705,3255,2,6,6,Economy,Premium,Yes,4563328,1598735,1001614,7380452,176
CP04505,Delhi,728,893,2,2,3,Standard,Premium,Yes,1937370,830272,396570,3318252,146
CP04506,Delhi,4596,9605,3,8,8,Standard,Standard,Yes,14376821,7326604,4110964,25919166,248
CP04507,Delhi,1451,1619,2,3,4,Standard,Standard,No,2544456,1278607,662547,4485610,172
CP04508,Hyderabad,4703,5270,2,8,8,Standard,Standard,Yes,6020250,3193185,1580946,10964494,205
CP04509,Pune,2676,2521,2,5,6,Economy,Basic,No,2834695,1427726,791313,5053734,173
CP04510,Kochi,3594,4962,2,8,8,Premium,Standard,Yes,4903923,3826562,1481615,10431499,224
CP04511,Hyderabad,4344,5636,2,8,8,Economy,Standard,Yes,6475204,2904229,1875811,11492988,222
CP04512,Bengaluru,3356,3841,2,6,5,Standard,Standard,Yes,4974001,2673634,1305145,9140471,187
CP04513,Chennai,2244,1563,1,3,4,Standard,Standard,Yes,1735481,992107,534591,3382707,115
CP04514,Delhi,4971,12687,4,8,8,Standard,Premium,Yes,25903048,10686732,5252356,42078804,324
CP04515,Hyderabad,3744,4599,2,8,7,Standard,Standard,No,5135662,2714954,1442174,9292789,189
CP04516,Kochi,842,1588,3,3,2,Standard,Premium,Yes,2127394,900457,441838,3711654,187
CP04517,Mumbai,4685,6303,2,8,8,Premium,Premium,No,14410386,7834717,3004151,25249253,252
CP04518,Kochi,770,1048,2,2,2,Premium,Premium,Yes,1468121,750069,297988,2716407,148
CP04519,Delhi,1252,1380,2,2,2,Standard,Standard,Yes,2243946,1161443,599789,4192477,135
CP04520,Kochi,4112,4105,2,8,7,Standard,Standard,Yes,3970854,2234016,1156272,7520328,198
CP04521,Hyderabad,2099,2119,2,3,3,Economy,Standard,Yes,2416162,1115956,691774,4426236,151
CP04522,Mumbai,2699,3637,2,7,6,Premium,Standard,Yes,6232405,4813073,1578490,12745342,229
CP04523,Hyderabad,2758,4167,2,7,7,Premium,Standard,Yes,4664007,3600868,1263458,9648708,233
CP04524,Hyderabad,2572,1526,1,3,2,Standard,Premium,No,2315727,1019302,471451,3806481,111
CP04525,Delhi,4525,4609,2,8,8,Standard,Premium,Yes,9239238,3538472,1906168,14808336,216
CP04526,Hyderabad,2858,2042,1,3,3,Standard,Standard,Yes,2252665,1273309,572471,4336720,98
CP04527,Bengaluru,4639,3439,1,7,7,Standard,Standard,No,4146574,2492969,1250166,7889710,158
CP04528,Kochi,2635,7991,4,8,8,Premium,Premium,No,11056328,5632710,2076718,18765756,299
CP04529,Mumbai,3871,5128,2,8,7,Standard,Basic,No,7768095,4880869,2368150,15017115,201
CP04530,Chennai,1457,2189,2,5,6,Standard,Basic,No,2106884,1326580,655595,4089058,172
CP04531,Pune,4423,4028,2,8,8,Standard,Premium,Yes,6570076,2512709,1492105,10667420,209
CP04532,Kochi,1649,2411,3,4,4,Premium,Standard,No,2536867,1792556,684951,5014373,228
CP04533,Delhi,4590,4428,2,8,7,Standard,Standard,No,7241259,3498344,1909795,12649397,222
CP04534,Mumbai,898,1884,3,3,2,Standard,Premium,No,4292146,1833868,823797,6949810,185
CP04535,Bengaluru,1523,1444,2,3,3,Standard,Standard,Yes,1989811,871833,473220,3557431,126
CP04536,Mumbai,4832,12055,4,8,8,Premium,Standard,No,21060884,15025400,5544844,41631128,318
CP04537,Chennai,4906,9058,3,8,8,Standard,Standard,Yes,10441186,5239208,2630393,18464561,252
CP04538,Delhi,3399,5697,3,8,8,Premium,Basic,Yes,7630763,6753574,2538727,17136219,263
CP04539,Mumbai,4662,3518,1,7,7,Premium,Standard,Yes,6030655,4203262,1633054,12053477,185
CP04540,Kochi,4645,4734,2,8,8,Standard,Premium,No,6866334,2873305,1398448,11138087,198
CP04541,Bengaluru,2402,2754,2,5,4,Standard,Basic,Yes,3048227,1971252,906198,6090536,158
CP04542,Delhi,3313,4777,2,8,7,Standard,Basic,No,6563357,4222358,1972688,12758404,198
CP04543,Bengaluru,3453,4771,3,8,7,Standard,Standard,Yes,5875632,3221729,1409071,10632914,236
CP04544,Delhi,3257,2232,1,4,5,Standard,Basic,Yes,3232685,1835517,933452,6159104,114
CP04545,Pune,3946,2903,1,5,4,Standard,Premium,Yes,4345536,1840593,957197,7379005,136
CP04546,Chennai,2071,3215,2,7,7,Standard,Basic,Yes,3349313,1985010,953271,6379517,200
CP04547,Pune,3549,2685,1,5,5,Standard,Standard,Yes,3280652,1740943,990537,6158239,127
CP04548,Kochi,1541,865,1,2,2,Standard,Standard,Yes,910667,473141,245560,1716603,101
CP04549,Kochi,2507,4927,3,8,8,Standard,Premium,Yes,6677924,2758664,1174820,10765152,266
CP04550,Kochi,1843,1758,2,3,3,Standard,Standard,Yes,1929023,1020655,464369,3509983,151
CP04551,Hyderabad,2066,1116,1,2,2,Standard,Standard,Yes,1277676,658665,350631,2395828,115
CP04552,Kochi,4557,4401,2,7,7,Premium,Premium,No,5808725,3225498,1248297,10282520,219
CP04553,Bengaluru,2566,2875,2,6,7,Standard,Basic,Yes,3341327,2117645,943496,6493300,193
CP04554,Pune,975,737,1,1,2,Standard,Standard,Yes,888723,464365,228307,1695241,82
CP04555,Bengaluru,862,985,2,2,2,Standard,Premium,Yes,1746880,728839,368078,2937128,143
CP04556,Delhi,4962,9626,3,8,8,Standard,Standard,No,15364720,7872714,4283014,27520449,280
CP04557,Bengaluru,3988,7198,3,8,7,Standard,Standard,Yes,9231798,4629974,2650960,16742732,272
CP04558,Hyderabad,3995,7318,3,8,8,Economy,Basic,Yes,8043445,4187284,2218280,14536462,256
CP04559,Bengaluru,2544,2008,1,4,4,Premium,Basic,Yes,2153435,2033675,721864,5118179,149
CP04560,Delhi,2493,5521,4,8,8,Standard,Basic,No,7823839,4502969,1961635,14288443,263
CP04561,Delhi,4234,8504,3,8,7,Standard,Premium,Yes,17094516,7533646,3482632,28359374,260
CP04562,Pune,2252,4033,3,7,6,Economy,Premium,Yes,6292300,2274177,1286858,9944662,238
CP04563,Kochi,4741,2234,1,3,2,Premium,Standard,Yes,2308294,1732620,627090,4809922,154
CP04564,Chennai,4492,11162,4,8,8,Standard,Standard,No,12824949,6802292,3371779,22999020,310
CP04565,Mumbai,1199,2642,3,5,4,Premium,Basic,Yes,3873306,3427490,1255133,8797497,239
CP04566,Pune,2512,3651,3,6,6,Standard,Standard,Yes,4501205,2421993,1123319,8133998,238
CP04567,Hyderabad,1892,897,1,1,1,Standard,Standard,Yes,976756,565282,269935,1934274,101
CP04568,Mumbai,1200,1813,3,4,4,Premium,Standard,No,3159660,2281976,897299,6338935,219
CP04569,Bengaluru,980,2812,4,5,5,Economy,Premium,No,4615028,1590871,990779,7196679,240
CP04570,Pune,4813,6770,2,8,8,Standard,Standard,Yes,8721366,4211453,2447609,15505194,224
CP04571,Mumbai,4237,5489,2,8,8,Standard,Standard,Yes,9454460,4772717,2684104,17097021,216
CP04572,Kochi,2763,6784,4,8,7,Standard,Standard,Yes,7104693,3849219,2106058,13291041,313
CP04573,Kochi,4955,7540,2,8,8,Premium,Standard,Yes,7492016,5557511,1962251,15112252,270
CP04574,Pune,1698,2439,2,4,3,Premium,Standard,Yes,3010901,1995204,833396,6003955,178
CP04575,Kochi,965,1416,2,3,4,Economy,Standard,No,1400938,657848,421903,2480689,139
CP04576,Bengaluru,3170,9315,4,8,8,Standard,Standard,Yes,10945361,6256623,3307169,20684380,316
CP04577,Delhi,4019,2712,1,5,4,Standard,Standard,Yes,3924400,2215484,1056985,7282749,125
CP04578,Pune,3076,3754,2,6,5,Economy,Premium,No,5838004,2252646,1262416,9353065,185
CP04579,Hyderabad,1390,2092,2,3,4,Economy,Standard,Yes,2393659,1086928,644704,4364480,170
CP04580,Mumbai,4169,9681,3,8,8,Standard,Premium,No,23155491,9965516,4808162,37929169,271
CP04581,Mumbai,1346,1233,2,2,1,Premium,Basic,Yes,2071987,1537953,588755,4404679,179
CP04582,Mumbai,912,1280,3,3,3,Standard,Standard,No,2387794,1258425,593426,4239645,183
CP04583,Pune,1520,4776,4,8,8,Standard,Premium,No,7858449,2994461,1791842,12644751,274
CP04584,Bengaluru,1677,917,1,2,2,Standard,Standard,No,1256305,687005,302255,2245565,78
CP04585,Pune,3429,5182,2,8,7,Standard,Premium,Yes,8299757,3629695,1738728,13847165,210
CP04586,Pune,2981,1747,1,3,2,Premium,Standard,Yes,2153606,1614844,595599,4445166,137
CP04587,Kochi,4218,4147,2,8,8,Standard,Standard,No,4650321,2597517,1161094,8408932,218
CP04588,Delhi,1397,1335,2,2,2,Economy,Standard,Yes,1964261,994657,599024,3691842,108
CP04589,Mumbai,872,1320,3,3,3,Standard,Standard,No,2410536,1294984,666416,4371937,175
CP04590,Bengaluru,3610,5820,3,8,8,Premium,Premium,Yes,9552934,5053996,1804694,16546631,292
CP04591,Chennai,2373,1473,1,3,2,Standard,Basic,Yes,1536036,779680,458310,2970016,135
CP04592,Bengaluru,3147,2188,1,4,3,Standard,Standard,Yes,2898659,1412009,835157,5389640,137
CP04593,Kochi,3764,5986,2,8,8,Economy,Standard,Yes,6214250,2655665,1628008,10612591,220
CP04594,Pune,1546,1869,2,3,3,Economy,Basic,No,1937256,1006572,565798,3509626,128
CP04595,Hyderabad,3265,4122,2,6,6,Premium,Basic,No,4516120,3697576,1274890,9488586,203
CP04596,Bengaluru,1106,2099,3,4,4,Standard,Standard,Yes,2604984,1371067,722758,4887135,204
CP04597,Mumbai,843,2154,4,4,4,Standard,Standard,No,3809400,2020028,1035871,6865300,213
CP04598,Hyderabad,1105,1394,2,3,3,Standard,Basic,Yes,1384208,880717,466700,2863418,143
CP04599,Chennai,3758,5107,3,8,8,Premium,Basic,No,4983003,4155734,1468303,10607040,268
CP04600,Chennai,4190,3776,2,8,8,Economy,Basic,No,3890209,1868617,1168891,6927717,205
CP04601,Hyderabad,2472,3590,3,6,5,Premium,Standard,Yes,4210333,3234723,1183140,8857451,255
CP04602,Kochi,4393,4265,2,8,8,Standard,Standard,Yes,4322988,2434015,1222996,8174110,172
CP04603,Chennai,1792,1248,1,3,3,Premium,Standard,Yes,1269634,1019512,360382,2773651,144
CP04604,Hyderabad,2064,4307,4,8,7,Premium,Standard,No,5111524,4116522,1262545,10490591,294
CP04605,Pune,990,1511,2,3,3,Standard,Premium,Yes,2337324,1083873,452677,4027399,154
CP04606,Hyderabad,3977,9246,3,8,8,Economy,Premium,No,13979977,4955964,2655625,21591566,244
CP04607,Pune,1272,2013,2,4,4,Economy,Premium,No,3149114,1160150,600136,4909400,170
CP04608,Kochi,3160,2460,1,4,3,Standard,Standard,Yes,2526959,1337564,765235,4755775,117
CP04609,Mumbai,1811,987,1,2,2,Economy,Premium,No,2314253,721269,468609,3504132,96
CP04610,Mumbai,1529,1921,2,3,3,Standard,Standard,Yes,3263522,1907010,1035090,6335207,169
CP04611,Chennai,2139,2187,2,3,3,Standard,Standard,Yes,2420097,1242835,670605,4504125,149
CP04612,Delhi,1512,2214,2,4,4,Standard,Basic,No,3119508,1912240,844158,5875905,171
CP04613,Delhi,1243,1891,2,4,4,Economy,Standard,Yes,3069108,1495163,784780,5457961,157
CP04614,Hyderabad,1101,1646,2,3,2,Premium,Basic,Yes,1714588,1268606,537963,3691013,198
CP04615,Kochi,1329,2398,3,4,3,Premium,Standard,Yes,2386440,1634979,696182,4850063,229
CP04616,Pune,1883,2694,2,4,3,Standard,Standard,Yes,3347727,1696389,865733,6112271,168
CP04617,Mumbai,2718,3947,3,6,6,Standard,Standard,No,6699946,3942606,1995562,12638113,222
CP04618,Kochi,4986,4627,2,7,8,Standard,Premium,No,6117296,2802267,1235382,10154944,193
CP04619,Mumbai,4436,6331,2,8,7,Standard,Standard,Yes,10919767,6323510,3070141,20517164,224
CP04620,Mumbai,1519,909,1,1,1,Standard,Standard,Yes,1588016,885200,456969,3067796,84
CP04621,Chennai,4650,7425,2,8,8,Standard,Standard,No,8589859,4458752,2177283,15225895,228
CP04622,Mumbai,2939,1422,1,2,1,Standard,Standard,Yes,2567987,1373563,702747,4844503,115
CP04623,Delhi,1355,2031,2,4,4,Standard,Standard,Yes,2990118,1807035,846345,5886994,164
CP04624,Bengaluru,2469,1525,1,3,3,Standard,Premium,No,2659602,1018358,532306,4210266,101
CP04625,Chennai,1107,1637,2,3,2,Standard,Standard,No,1877128,984245,503291,3364664,153
CP04626,Hyderabad,2036,4495,3,8,8,Standard,Standard,Yes,5278239,2668369,1390554,9456919,251
CP04627,Bengaluru,3175,4893,2,8,8,Standard,Standard,No,5615887,3436807,1828432,10881126,190
CP04628,Chennai,4026,2231,1,4,3,Standard,Premium,Yes,3082614,1339819,679503,5205367,106
CP04629,Kochi,1158,906,1,2,2,Standard,Premium,Yes,1231246,583204,266737,2231401,111
CP04630,Chennai,3702,5587,3,8,8,Standard,Standard,Yes,6552650,3104497,1790032,11589147,237
CP04631,Pune,4222,2021,1,4,3,Premium,Standard,Yes,2575063,1885115,690478,5275605,162
CP04632,Bengaluru,4999,6009,2,8,8,Economy,Standard,Yes,7307840,3434002,1954625,12816505,232
CP04633,Bengaluru,4657,6891,2,8,8,Standard,Premium,No,10570602,4950786,2480231,18001619,199
CP04634,Delhi,4315,5313,2,8,7,Standard,Standard,No,8122319,4630023,2265285,15017628,189
CP04635,Bengaluru,1901,2814,2,6,7,Standard,Basic,Yes,3221729,1913565,929865,6269852,188
CP04636,Mumbai,2755,5830,3,8,8,Standard,Standard,No,9751366,5308134,2989885,18049385,262
CP04637,Delhi,1292,676,1,1,1,Premium,Standard,Yes,1004774,726087,266381,2203942,142
CP04638,Kochi,4950,7742,2,8,8,Standard,Standard,Yes,8775207,4436139,2133328,15532087,231
CP04639,Mumbai,2078,1958,2,3,3,Premium,Basic,Yes,3055071,2445841,916135,6576027,178
CP04640,Delhi,856,654,1,1,2,Premium,Basic,Yes,895537,733099,253655,2073158,122
CP04641,Hyderabad,3030,3372,2,6,5,Standard,Standard,Yes,4334960,1992499,1061023,7591192,185
CP04642,Kochi,1041,1301,2,2,3,Standard,Premium,No,1743462,760402,356023,2859886,158
CP04643,Delhi,2481,2966,2,5,6,Standard,Premium,Yes,5697728,2380242,1262641,9541220,174
CP04644,Hyderabad,3246,3311,2,7,6,Standard,Standard,Yes,3715724,2042493,1151009,7120268,181
CP04645,Delhi,4420,5086,2,8,7,Premium,Premium,No,10300930,6146985,2131087,18579002,239
CP04646,Hyderabad,2335,3625,3,7,7,Standard,Standard,Yes,4107343,2300682,1174896,7687151,207
CP04647,Mumbai,4335,4520,2,8,8,Economy,Standard,Yes,7913786,3827656,2167078,14016107,197
CP04648,Kochi,3245,3345,2,5,4,Standard,Basic,Yes,3140567,1815582,935273,6018556,169
CP04649,Kochi,618,767,2,1,2,Standard,Standard,Yes,902437,443243,228176,1666318,122
CP04650,Delhi,1724,1257,1,3,3,Economy,Premium,No,2588249,916849,498201,4003299,91
CP04651,Pune,4585,2976,1,6,6,Premium,Premium,Yes,4503163,2523599,1040821,8222827,160
CP04652,Delhi,3254,4963,2,8,8,Standard,Standard,Yes,7589762,4181636,1987676,13977850,206
CP04653,Hyderabad,2680,7212,4,8,7,Premium,Standard,Yes,8597427,6004737,2455560,17154267,329
CP04654,Kochi,2147,4452,3,8,8,Standard,Premium,Yes,6310008,2572156,1240851,10342602,233
CP04655,Chennai,1461,998,1,2,2,Standard,Standard,Yes,1027347,559187,284582,2000905,102
CP04656,Mumbai,754,1373,3,2,2,Economy,Standard,Yes,2279503,1061575,663066,4178538,184
CP04657,Pune,4094,8490,3,8,8,Standard,Standard,Yes,10466017,5213094,2537313,18429538,293
CP04658,Chennai,1504,1426,2,2,2,Standard,Premium,Yes,1987161,806384,400234,3334732,135
CP04659,Chennai,1869,4210,3,8,8,Premium,Basic,Yes,4038160,3303431,1298926,8767171,257
CP04660,Mumbai,1004,1450,2,2,1,Standard,Basic,No,2313987,1427704,745159,4486850,148
CP04661,Delhi,1443,773,1,1,1,Standard,Standard,No,1228074,652310,313212,2193596,102
CP04662,Bengaluru,2382,3424,2,6,6,Standard,Basic,Yes,3860968,2373063,1271657,7696252,166
CP04663,Pune,2164,1966,2,3,3,Economy,Basic,Yes,1974573,1049092,632703,3799146,136
CP04664,Delhi,1784,1876,2,3,3,Standard,Standard,Yes,2827957,1574068,796531,5308697,132
CP04665,Mumbai,1346,1272,2,2,3,Economy,Premium,Yes,2775249,1103163,617544,4608663,129
CP04666,Bengaluru,2325,6724,4,8,8,Premium,Standard,Yes,8696978,6355866,2532840,17709762,326
CP04667,Mumbai,3788,8120,3,8,8,Standard,Premium,Yes,20102371,8111204,4104407,32460724,263
CP04668,Mumbai,870,1917,3,3,3,Standard,Premium,No,4436610,1793818,908936,7139364,186
CP04669,Chennai,4556,6172,3,8,8,Standard,Standard,Yes,6908965,3614446,2122156,12761771,236
CP04670,Kochi,771,1928,4,4,4,Economy,Standard,No,2080280,958470,547612,3586362,214
CP04671,Delhi,873,608,1,1,1,Standard,Basic,Yes,888127,486759,255595,1862206,92
CP04672,Mumbai,2906,2931,2,5,4,Premium,Standard,Yes,5038499,3775655,1434944,10336195,200
CP04673,Delhi,1758,2381,2,4,4,Premium,Standard,No,3658976,2725292,974776,7359044,196
CP04674,Bengaluru,2306,3316,3,5,5,Standard,Basic,Yes,3918494,2243375,1239028,7645461,225
CP04675,Chennai,2371,2434,2,5,6,Standard,Standard,No,2576548,1398710,726012,4701270,154
CP04676,Bengaluru,1021,1888,3,3,3,Standard,Standard,Yes,2244158,1260367,676664,4410413,182
CP04677,Bengaluru,1809,1227,1,2,3,Premium,Standard,No,1523281,1064211,353660,2941153,134
CP04678,Chennai,1490,1493,2,3,2,Premium,Standard,No,1724835,1226102,451433,3402369,179
CP04679,Delhi,3867,5972,3,8,7,Standard,Premium,Yes,12023139,5225767,2457638,19870838,248
CP04680,Bengaluru,2073,1081,1,2,2,Standard,Basic,No,1207765,727057,374543,2309365,101
CP04681,Hyderabad,3843,4100,2,7,6,Premium,Basic,Yes,4435110,3964352,1201772,9686015,226
CP04682,Delhi,2781,2943,2,5,6,Standard,Standard,Yes,4632560,2378364,1222506,8453373,177
CP04683,Kochi,2049,2410,2,4,3,Premium,Basic,Yes,2196163,1785723,694417,4885189,181
CP04684,Kochi,3696,7526,3,8,8,Standard,Standard,Yes,7804952,4454917,2099007,14552093,261
CP04685,Mumbai,3856,4652,2,8,8,Standard,Standard,Yes,7852111,4604575,2312949,14850926,211
CP04686,Chennai,3756,5420,2,8,7,Economy,Standard,Yes,5996195,2856787,1632269,10659729,211
CP04687,Kochi,2190,1536,1,2,2,Standard,Standard,No,1645976,922420,454487,3022883,123
CP04688,Chennai,4839,7175,3,8,8,Premium,Standard,Yes,7116501,5540985,2278635,15174320,286
CP04689,Delhi,4581,4279,2,7,8,Standard,Standard,No,6320756,3661389,1911107,11893252,199
CP04690,Hyderabad,2035,3082,2,5,5,Economy,Basic,Yes,3418850,1534941,948570,6033140,160
CP04691,Hyderabad,823,1180,3,2,1,Standard,Basic,Yes,1210147,783008,362845,2452086,185
CP04692,Hyderabad,819,411,1,1,1,Standard,Standard,No,506201,271819,141928,919948,113
CP04693,Hyderabad,4874,6693,3,8,8,Standard,Basic,No,6602531,4436578,1992179,13031288,253
CP04694,Pune,2254,3019,2,6,6,Standard,Standard,No,3575284,1987289,971158,6533731,154
CP04695,Chennai,864,1129,2,2,2,Economy,Standard,Yes,1252712,605361,335425,2333193,150
CP04696,Bengaluru,1553,1235,1,2,1,Standard,Basic,Yes,1388129,859302,404168,2871790,119
CP04697,Chennai,4333,13179,4,8,7,Premium,Standard,Yes,15230705,11413248,3980459,30714046,354
CP04698,Kochi,3374,6010,3,8,8,Standard,Standard,Yes,6250718,3372806,1837727,11627431,241
CP04699,Chennai,3724,2160,1,4,4,Standard,Basic,Yes,2199309,1275073,573638,4272299,139
CP04700,Chennai,1079,1195,2,3,4,Premium,Basic,Yes,1131373,988647,347394,2632083,190
CP04701,Hyderabad,4114,6212,3,8,8,Standard,Standard,Yes,7250741,3666604,1970799,13106512,251
CP04702,Hyderabad,1953,1946,2,4,4,Standard,Standard,No,2219419,1211475,670536,4101430,171
CP04703,Pune,3922,5839,3,8,8,Standard,Premium,No,8816822,3843927,1754175,14414924,237
CP04704,Delhi,4478,4387,2,8,8,Standard,Premium,Yes,8946680,3438811,1938610,14470497,218
CP04705,Chennai,1489,2386,3,4,4,Standard,Basic,Yes,2490847,1438674,708787,4760546,198
CP04706,Mumbai,4454,4964,2,8,8,Premium,Basic,Yes,7675756,6592474,2405940,16817198,232
CP04707,Delhi,1524,1198,1,2,2,Standard,Standard,Yes,1876120,1048402,540224,3692681,104
CP04708,Kochi,2770,3614,2,7,7,Premium,Premium,No,4867377,2572682,1021852,8461911,230
CP04709,Pune,2502,7962,4,8,8,Standard,Premium,Yes,12577910,5521143,2622315,20901643,296
CP04710,Kochi,2995,3476,2,6,5,Standard,Basic,No,3379004,1775605,998684,6153293,204
CP04711,Hyderabad,628,766,2,1,1,Standard,Standard,Yes,935754,460700,244205,1778110,141
CP04712,Kochi,634,714,2,1,1,Standard,Standard,No,783194,448525,190198,1421917,112
CP04713,Chennai,4189,4306,2,7,8,Premium,Premium,Yes,5972957,3514707,1304350,10934445,236
CP04714,Hyderabad,3270,4906,3,8,8,Standard,Basic,No,4825564,2929246,1585641,9340452,253
CP04715,Delhi,3965,9287,3,8,7,Premium,Standard,Yes,13151301,9814069,3522904,26676780,302
CP04716,Bengaluru,1188,944,1,2,2,Standard,Standard,Yes,1224397,610118,342571,2324784,89
CP04717,Hyderabad,3818,7112,4,8,7,Standard,Basic,Yes,7237290,4268367,2363293,14091077,301
CP04718,Hyderabad,3738,5636,3,8,7,Premium,Standard,Yes,6786190,5026932,1802288,13853034,278
CP04719,Pune,1503,2697,3,5,6,Economy,Basic,Yes,2815479,1554466,818211,5291356,192
CP04720,Bengaluru,4686,4828,2,8,8,Standard,Standard,No,6216425,3509115,1600817,11326358,210
CP04721,Delhi,2769,4796,3,7,6,Economy,Standard,Yes,6862847,3243118,1733243,11972245,246
CP04722,Mumbai,939,464,1,1,1,Premium,Premium,Yes,1083061,541419,217940,1979287,110
CP04723,Mumbai,4870,5939,2,8,8,Standard,Standard,No,10616245,5883608,2694476,19194328,201
CP04724,Mumbai,2314,3784,3,8,8,Premium,Basic,Yes,5730239,4888356,1808914,12516094,273
CP04725,Chennai,1156,662,1,1,2,Premium,Standard,Yes,733800,514876,210534,1565622,126
CP04726,Mumbai,3687,1780,1,3,3,Economy,Standard,No,3392114,1524791,828649,5745554,123
CP04727,Chennai,3866,6957,3,8,8,Economy,Standard,Yes,7863308,3778448,2138582,13996043,253
CP04728,Delhi,4167,9927,3,8,8,Standard,Standard,Yes,17094670,9057363,4147430,30425719,299
CP04729,Delhi,2656,1500,1,2,3,Standard,Standard,No,2324157,1195039,595832,4115028,100
CP04730,Hyderabad,4499,10213,3,8,8,Economy,Standard,Yes,12068806,5805207,3489101,21578505,278
CP04731,Mumbai,1616,2408,2,5,5,Economy,Basic,No,3741620,2003209,1213225,6958054,162
CP04732,Pune,2662,4169,2,8,8,Standard,Standard,Yes,5094187,2665878,1284264,9226158,185
CP04733,Delhi,1438,3134,3,5,5,Economy,Standard,Yes,4637915,2373023,1351699,8541424,205
CP04734,Bengaluru,2237,3046,2,5,6,Premium,Premium,Yes,5190589,2711796,1037784,9094208,198
CP04735,Bengaluru,4921,3689,1,6,6,Premium,Standard,No,4516214,3328446,1311845,9156505,199
CP04736,Delhi,4096,3903,2,8,8,Standard,Basic,No,5770098,3426599,1507354,10704051,205
CP04737,Hyderabad,2413,2953,2,6,6,Economy,Standard,Yes,3227061,1532683,910753,5829761,170
CP04738,Kochi,4079,6495,2,8,7,Economy,Standard,Yes,6704520,3210762,1890361,12042483,215
CP04739,Bengaluru,2051,4426,3,8,8,Standard,Basic,Yes,4988833,2977794,1427317,9507229,227
CP04740,Bengaluru,2913,6875,3,8,8,Premium,Standard,Yes,8307951,6459699,2408729,17359620,279
CP04741,Kochi,2114,3056,2,6,6,Standard,Standard,No,3223492,1763376,853460,5840328,192
CP04742,Hyderabad,1831,4153,3,8,8,Standard,Standard,No,4694366,2490992,1311642,8496999,242
CP04743,Kochi,2245,1565,1,3,3,Economy,Premium,No,2245474,766108,473309,3484892,92
CP04744,Hyderabad,3599,2577,1,5,5,Standard,Standard,Yes,2879738,1580820,943576,5511452,124
CP04745,Hyderabad,4040,7673,3,8,7,Standard,Standard,Yes,9011558,4602851,2428303,16143783,246
CP04746,Pune,4656,3601,1,6,6,Economy,Basic,Yes,3908001,1907649,1174912,7113330,139
CP04747,Hyderabad,905,668,1,1,1,Standard,Basic,Yes,688461,397637,234802,1434795,95
CP04748,Hyderabad,4136,6165,2,8,7,Standard,Standard,Yes,7146630,3766149,2074055,13077581,225
CP04749,Hyderabad,2323,3185,2,6,7,Standard,Standard,No,3782890,2064158,1110205,6957253,176
CP04750,Delhi,2289,3822,3,8,8,Standard,Standard,Yes,5441539,2991553,1628186,10167836,227
CP04751,Mumbai,2117,1958,2,3,3,Premium,Premium,Yes,4488439,2548164,985877,8257049,189
CP04752,Delhi,4517,3511,1,6,5,Standard,Standard,Yes,5228341,3004503,1478897,9831474,151
CP04753,Mumbai,1019,1335,2,3,3,Standard,Standard,No,2279130,1345713,642971,4267814,140
CP04754,Pune,3536,3920,2,6,7,Premium,Standard,No,4789417,3397543,1302177,9489136,210
CP04755,Pune,4462,4481,2,8,8,Premium,Standard,Yes,5660582,4025046,1515675,11343303,230
CP04756,Bengaluru,4829,7150,2,8,8,Standard,Standard,No,9605933,4648515,2477765,16732213,232
CP04757,Kochi,2050,4568,3,7,8,Economy,Standard,Yes,4662466,2069104,1410348,8364427,236
CP04758,Kochi,3696,8150,3,8,8,Premium,Premium,Yes,9810170,6385077,2402961,18783448,311
CP04759,Delhi,3861,5218,2,8,8,Standard,Standard,Yes,8058286,4836470,2218050,15196616,214
CP04760,Mumbai,1764,2039,2,4,3,Premium,Standard,Yes,3327655,2729793,988193,7235335,177
CP04761,Pune,2469,2747,2,5,5,Economy,Standard,Yes,3382544,1447412,883385,5959255,150
CP04762,Pune,2419,4383,4,7,8,Premium,Basic,Yes,4601418,3685021,1352257,9810755,287
CP04763,Delhi,3305,9806,4,8,8,Standard,Standard,Yes,15308034,8490709,4365843,28372755,283
CP04764,Bengaluru,4115,1977,1,4,4,Standard,Standard,Yes,2415538,1413292,722823,4715407,113
CP04765,Hyderabad,1942,3907,3,7,6,Standard,Standard,Yes,4302421,2468149,1148962,8141908,227
CP04766,Chennai,2826,3540,2,5,5,Premium,Standard,No,3716473,2837199,992843,7546515,189
CP04767,Bengaluru,1679,1065,1,2,1,Standard,Premium,Yes,1779205,754039,382857,3088278,111
CP04768,Kochi,4806,3721,1,6,7,Standard,Standard,Yes,3682851,2011593,1040110,6961340,142
CP04769,Kochi,3379,3115,2,5,6,Economy,Premium,Yes,4324138,1586749,835042,6988207,181
CP04770,Chennai,3128,4508,2,8,8,Premium,Standard,Yes,5311320,3716059,1222204,10402338,222
CP04771,Bengaluru,1413,661,1,1,1,Standard,Standard,Yes,892056,437699,221720,1772031,100
CP04772,Bengaluru,2631,2438,2,4,3,Standard,Basic,Yes,2598412,1675124,847701,5227460,154
CP04773,Hyderabad,922,1107,2,2,2,Standard,Basic,Yes,1088716,818423,342792,2470821,134
CP04774,Pune,3569,3369,2,6,6,Premium,Basic,No,3739463,2957727,1023294,7720484,204
CP04775,Mumbai,1503,2182,2,4,5,Standard,Standard,Yes,3676220,2153689,1010388,7079869,157
CP04776,Bengaluru,2141,1360,1,2,3,Standard,Basic,No,1586684,977548,484827,3049058,110
CP04777,Hyderabad,4103,3776,2,7,7,Standard,Standard,No,4062918,2401754,1302415,7767087,175
CP04778,Kochi,3253,1509,1,3,2,Standard,Standard,Yes,1572392,842843,431266,2943588,139
CP04779,Chennai,3076,4087,2,8,8,Economy,Standard,Yes,4665478,2008500,1302080,8202923,228
CP04780,Delhi,3940,2884,1,5,5,Economy,Basic,Yes,3749077,2041194,1263679,7143552,130
CP04781,Kochi,4843,5842,2,8,7,Economy,Standard,Yes,6076340,2810244,1606947,10682656,223
CP04782,Delhi,1741,1121,1,2,3,Standard,Standard,Yes,1717339,1001670,497307,3446336,87
CP04783,Pune,1449,2115,2,5,5,Standard,Standard,Yes,2621227,1507581,745033,5019910,147
CP04784,Delhi,966,1923,3,3,2,Standard,Basic,Yes,2593972,1761603,784198,5363604,207
CP04785,Bengaluru,3497,1848,1,4,4,Premium,Premium,Yes,2865441,1691208,638237,5323699,161
CP04786,Chennai,1689,2244,2,4,3,Standard,Standard,Yes,2219164,1417057,650370,4463547,161
CP04787,Bengaluru,4641,3108,1,6,6,Standard,Standard,Yes,4140029,2174458,991389,7465654,154
CP04788,Delhi,2638,3729,2,7,7,Standard,Standard,Yes,5934432,2963429,1662324,10641526,183
CP04789,Mumbai,3460,4617,2,7,7,Standard,Premium,No,10553392,4103426,2429280,17086098,197
CP04790,Kochi,4870,7687,2,8,8,Standard,Standard,Yes,8016480,4310891,2182714,14724694,224
CP04791,Delhi,2454,2547,2,4,4,Premium,Premium,Yes,5185822,2867785,1035435,9294123,173
CP04792,Mumbai,1094,3425,4,5,5,Economy,Standard,Yes,6260890,2669848,1749345,10783497,257
CP04793,Delhi,3782,4828,2,8,8,Standard,Basic,Yes,6151682,4306257,2170853,12742231,200
CP04794,Pune,2384,3266,2,5,5,Economy,Standard,Yes,3670503,1968523,1021770,6874946,159
CP04795,Chennai,4110,3985,2,8,7,Standard,Standard,Yes,4045820,2368659,1205555,7865257,221
CP04796,Mumbai,4386,10231,4,8,8,Standard,Basic,No,15981637,10573389,5494125,32049151,320
CP04797,Hyderabad,4730,10206,3,8,8,Premium,Standard,Yes,11873716,8864978,3566214,24547091,298
CP04798,Pune,1598,2228,2,5,6,Standard,Standard,Yes,2805067,1326217,694474,4940812,152
CP04799,Bengaluru,2051,2855,3,5,4,Standard,Basic,Yes,2871960,1769875,902742,5735674,212
CP04800,Delhi,2351,3015,2,6,5,Premium,Standard,Yes,4394646,3477311,1292970,9311091,210
CP04801,Chennai,2880,4154,3,7,6,Standard,Standard,Yes,4593282,2473174,1299512,8545922,255
CP04802,Chennai,3534,8466,3,8,8,Standard,Standard,Yes,9407443,4842898,2649418,17073993,277
CP04803,Delhi,4334,3311,1,7,8,Standard,Basic,Yes,4552395,2841965,1436110,9049019,149
CP04804,Hyderabad,3946,5414,3,8,8,Premium,Standard,Yes,5971736,5108490,1734432,12926275,291
CP04805,Kochi,2473,3712,2,7,7,Standard,Basic,Yes,3393431,2123377,1030978,6692074,207
CP04806,Kochi,4403,6796,2,8,8,Premium,Standard,Yes,7062907,5118670,1863276,14157331,225
CP04807,Mumbai,2579,2959,2,5,4,Standard,Standard,No,4850216,2741112,1488843,9080171,178
CP04808,Delhi,1298,2732,3,5,5,Standard,Premium,No,5282798,2158946,1098882,8540626,219
CP04809,Chennai,1912,1156,1,3,2,Standard,Basic,Yes,1081227,721850,312106,2230795,105
CP04810,Hyderabad,3562,2419,1,4,3,Standard,Basic,Yes,2565043,1491456,768564,4948163,110
CP04811,Kochi,3538,6040,3,8,8,Standard,Standard,Yes,6080946,3419154,1750899,11367027,283
CP04812,Hyderabad,2900,1632,1,3,2,Economy,Standard,No,1786394,856070,573416,3215880,132
CP04813,Kochi,3797,2272,1,4,4,Standard,Standard,Yes,2325095,1398924,648822,4549925,128
CP04814,Bengaluru,726,363,1,1,1,Standard,Premium,Yes,614927,232686,115268,1137750,64
CP04815,Hyderabad,1791,2653,2,5,5,Premium,Premium,Yes,3979817,2333730,896836,7425238,195
CP04816,Pune,3239,3705,2,7,6,Premium,Standard,Yes,4680690,3444798,1219033,9534913,245
CP04817,Chennai,4989,2943,1,5,5,Economy,Standard,Yes,3360170,1445541,874433,5850300,152
CP04818,Pune,4516,13781,4,8,8,Premium,Premium,Yes,21027285,12650996,4230299,38071092,352
CP04819,Kochi,1966,3679,3,7,6,Economy,Basic,Yes,3478734,1767345,1080573,6429906,220
CP04820,Hyderabad,1619,2073,2,4,3,Standard,Standard,No,2499448,1359158,659118,4517724,176
CP04821,Hyderabad,4679,7343,2,8,8,Standard,Standard,No,8317379,4401905,2324077,15043361,217
CP04822,Pune,1284,1952,2,4,5,Premium,Standard,No,2384609,1762668,680402,4827679,186
CP04823,Bengaluru,4229,4307,2,7,7,Standard,Premium,Yes,6827354,2982614,1580312,11526304,200
CP04824,Hyderabad,3487,2146,1,4,3,Standard,Standard,No,2456272,1388626,688995,4533894,131
CP04825,Pune,2062,1628,1,3,3,Standard,Standard,No,1949546,946522,554599,3450668,100
CP04826,Pune,4686,8158,3,8,8,Economy,Premium,No,13154477,4412207,2748183,20314867,267
CP04827,Chennai,2861,3319,2,7,7,Standard,Standard,Yes,3594898,2049715,1095587,6878733,178
CP04828,Bengaluru,4780,4954,2,8,8,Standard,Premium,Yes,8217075,3717587,1616149,13737935,222
CP04829,Mumbai,3441,5058,3,8,8,Standard,Standard,Yes,9037799,5110045,2269685,16657325,238
CP04830,Pune,2367,3356,2,7,6,Premium,Standard,No,3932591,3050567,1028509,8011667,223
CP04831,Chennai,4780,6878,2,8,7,Standard,Standard,Yes,7443995,3951918,2127446,13760847,183
CP04832,Mumbai,4160,6565,2,8,8,Standard,Standard,Yes,11768414,6396450,3129763,21499587,226
CP04833,Chennai,2712,1954,1,3,4,Standard,Standard,Yes,2307465,1206724,547291,4251828,127
CP04834,Chennai,1226,1968,3,3,3,Economy,Basic,Yes,1850340,1093051,583546,3766368,179
CP04835,Delhi,4759,4416,2,8,8,Standard,Premium,No,9026608,3545262,2094801,14666671,187
CP04836,Bengaluru,4014,9572,3,8,8,Standard,Premium,Yes,16505611,6479610,3387041,26568569,251
CP04837,Hyderabad,1975,4496,4,8,8,Standard,Standard,Yes,5212735,3117215,1541573,10064730,274
CP04838,Bengaluru,1781,3983,4,6,6,Standard,Premium,No,6313417,2720976,1266681,10301074,242
CP04839,Mumbai,1090,2508,3,5,5,Standard,Premium,Yes,5726270,2466731,1224933,9599879,203
CP04840,Delhi,4329,5669,2,8,7,Standard,Standard,No,8392495,4509748,2454226,15356469,212
CP04841,Bengaluru,4134,4342,2,8,7,Premium,Standard,Yes,5382160,3975338,1560187,11020795,236
CP04842,Hyderabad,3896,5931,2,8,8,Standard,Premium,Yes,9042673,3797258,1839896,14802719,229
CP04843,Bengaluru,2540,4052,2,6,7,Standard,Standard,Yes,5113373,2742689,1480695,9567475,201
CP04844,Bengaluru,2482,3576,3,7,8,Standard,Basic,Yes,4103196,2489815,1270127,8024137,228
CP04845,Bengaluru,3587,2696,1,5,4,Standard,Standard,Yes,3250933,1884002,935038,6295626,143
CP04846,Pune,3759,6615,3,8,8,Standard,Standard,No,7808543,4381393,2126840,14316776,256
CP04847,Pune,1281,2434,3,5,5,Standard,Premium,Yes,3922565,1546233,731637,6336150,221
CP04848,Bengaluru,1673,5154,4,8,8,Premium,Standard,Yes,6083018,4999773,1573642,12757176,310
CP04849,Hyderabad,2987,7085,3,8,8,Standard,Premium,No,10073742,4504009,2141636,16719388,265
CP04850,Kochi,2994,3244,2,6,6,Standard,Standard,Yes,3348543,1787541,915978,6179063,208
CP04851,Hyderabad,3293,1727,1,3,4,Standard,Standard,Yes,1953398,1044197,521945,3666144,119
CP04852,Hyderabad,1970,942,1,2,2,Standard,Standard,Yes,1121496,562885,302862,2089684,96
CP04853,Hyderabad,4940,6388,2,8,8,Standard,Basic,Yes,6004243,4266890,2111578,12532613,210
CP04854,Delhi,2756,2506,2,4,3,Economy,Standard,Yes,3846507,1725471,973543,6643801,152
CP04855,Delhi,3180,5668,3,8,7,Standard,Premium,No,11969604,4544502,2459000,18973106,255
CP04856,Chennai,4991,7122,3,8,8,Standard,Standard,Yes,7936675,4061886,2133177,14275809,258
CP04857,Bengaluru,2759,3265,2,6,7,Economy,Premium,Yes,5039900,1724473,1009952,7971436,177
CP04858,Kochi,3848,1785,1,3,3,Economy,Standard,Yes,2046453,960126,536455,3772478,133
CP04859,Kochi,4331,3215,1,7,6,Standard,Standard,Yes,3286184,1840699,864842,6092897,150
CP04860,Bengaluru,4429,2318,1,4,3,Standard,Standard,No,2646763,1528596,923036,5098395,126
CP04861,Chennai,2227,2516,2,5,4,Standard,Standard,Yes,2857497,1483632,807681,5329240,160
CP04862,Hyderabad,4072,6144,2,8,8,Economy,Standard,No,6866905,3083389,1918818,11869112,212
CP04863,Mumbai,627,445,1,1,1,Standard,Standard,Yes,841818,431139,213579,1636242,81
CP04864,Mumbai,2585,2722,2,4,5,Standard,Basic,Yes,4436108,2593336,1197487,8402077,161
CP04865,Chennai,4753,2258,1,4,3,Economy,Standard,No,2695528,1215700,748804,4660032,112
CP04866,Kochi,2121,2971,2,6,6,Standard,Standard,Yes,2973878,1634277,803592,5641009,174
CP04867,Mumbai,896,1051,2,2,2,Economy,Standard,Yes,1944319,873115,505751,3545504,129
CP04868,Pune,2781,3994,2,6,7,Standard,Standard,No,4675534,2638485,1267240,8581259,178
CP04869,Bengaluru,4002,4849,2,8,8,Standard,Standard,Yes,6218282,3202464,1719187,11324850,195
CP04870,Mumbai,2896,6615,4,8,7,Standard,Premium,Yes,15239494,6464599,3171220,25028318,282
CP04871,Delhi,3197,1943,1,3,3,Economy,Premium,Yes,4105736,1381735,785397,6479186,85
CP04872,Delhi,1501,2137,2,4,4,Standard,Standard,No,3397593,1884435,922546,6204573,167
CP04873,Kochi,1698,3900,3,7,7,Standard,Standard,Yes,3999716,2267707,1211796,7569841,231
CP04874,Kochi,2277,2128,2,4,3,Premium,Standard,No,2320596,1598249,608257,4527102,193
CP04875,Pune,3481,8820,4,8,8,Premium,Basic,Yes,9569644,8207919,2528006,20419718,326
CP04876,Bengaluru,1978,1825,2,3,3,Economy,Standard,No,2372672,1085851,643815,4102338,164
CP04877,Pune,1848,2269,2,5,4,Standard,Standard,Yes,2777959,1458585,682431,5101392,159
CP04878,Bengaluru,4335,3293,1,5,6,Standard,Standard,Yes,4130133,2379716,1042735,7742557,118
CP04879,Bengaluru,4841,5582,2,8,8,Economy,Standard,Yes,6687377,3415828,1755549,12018630,213
CP04880,Kochi,1864,2894,2,4,5,Standard,Standard,Yes,3048831,1575023,859740,5630440,186
CP04881,Mumbai,2507,1681,1,3,3,Economy,Basic,Yes,2590809,1321790,736569,4821700,131
CP04882,Delhi,1658,2576,2,5,5,Standard,Premium,Yes,4903395,2177258,1146009,8414870,180
CP04883,Chennai,3349,4789,2,8,7,Standard,Premium,No,7075759,2822586,1506603,11404949,233
CP04884,Mumbai,2648,1287,1,2,3,Standard,Premium,Yes,2870349,1215569,585775,4848218,98
CP04885,Kochi,4848,5147,2,8,8,Premium,Standard,No,4990227,3803289,1509064,10302579,232
CP04886,Hyderabad,3076,3617,2,6,6,Standard,Basic,Yes,3760208,2298332,1219893,7376384,180
CP04887,Pune,4616,2352,1,4,4,Standard,Basic,Yes,2545754,1569573,749040,4969925,95
CP04888,Kochi,3797,4732,2,8,8,Standard,Standard,No,4932726,2504134,1448319,8885179,223
CP04889,Hyderabad,4153,7662,3,8,7,Economy,Standard,No,8827344,4023758,2437979,15289080,256
CP04890,Bengaluru,2361,3705,2,7,7,Standard,Premium,Yes,5847693,2484478,1225364,9733899,184
CP04891,Kochi,820,986,2,2,2,Premium,Premium,Yes,1318086,769234,294935,2606595,164
CP04892,Mumbai,3488,5057,2,8,7,Standard,Premium,Yes,12051403,4993462,2321577,19527943,195
CP04893,Hyderabad,2264,3530,2,6,7,Premium,Standard,Yes,4216584,3110863,1204418,8687097,213
CP04894,Hyderabad,4586,13885,4,8,8,Economy,Standard,No,15810401,7297775,4071394,27179571,320
CP04895,Delhi,3577,3741,2,7,7,Standard,Standard,Yes,5895990,3226537,1694659,10938872,186
CP04896,Kochi,2471,1540,1,3,2,Economy,Premium,Yes,2099876,690157,444642,3380278,102
CP04897,Hyderabad,2062,2357,2,4,4,Standard,Standard,Yes,2686429,1583813,774187,5177349,160
CP04898,Delhi,944,1670,3,3,3,Standard,Basic,Yes,2430041,1354071,684840,4603567,177
CP04899,Delhi,644,371,1,1,1,Standard,Basic,Yes,495800,290646,159483,1088554,106
CP04900,Bengaluru,2668,7889,4,8,8,Premium,Standard,No,10101947,7095474,2308589,19506010,329
CP04901,Delhi,2114,5143,4,8,7,Standard,Standard,Yes,7393236,4632558,2188380,14444295,261
CP04902,Bengaluru,3198,2025,1,3,3,Standard,Premium,Yes,3378134,1441612,643574,5704970,122
CP04903,Delhi,1601,5083,4,8,8,Standard,Standard,No,7621152,4651951,2230680,14503782,281
CP04904,Delhi,1633,1538,2,3,3,Economy,Standard,Yes,2332356,1114660,625232,4282577,148
CP04905,Kochi,2640,4916,3,8,8,Standard,Basic,No,4569652,2992246,1355310,8917208,239
CP04906,Kochi,873,1258,2,3,3,Standard,Standard,Yes,1197951,704218,333489,2454837,160
CP04907,Bengaluru,3247,3265,2,6,6,Standard,Standard,Yes,3863562,2105600,1138864,7333760,167
CP04908,Hyderabad,2379,3159,2,6,5,Standard,Standard,Yes,3769797,2026582,944512,6844883,179
CP04909,Pune,1078,1726,3,3,3,Premium,Standard,No,2097198,1543589,567776,4208563,193
CP04910,Mumbai,1115,840,1,2,3,Standard,Premium,No,2034034,826574,395292,3255900,107
CP04911,Mumbai,4886,5516,2,8,7,Standard,Standard,Yes,9176963,5515718,2484912,17330118,208
CP04912,Bengaluru,1791,1012,1,2,1,Standard,Standard,Yes,1323767,712325,341000,2497602,89
CP04913,Hyderabad,3268,4309,2,8,8,Standard,Premium,Yes,6589189,2701783,1309242,10749266,205
CP04914,Kochi,2011,2068,2,4,3,Premium,Premium,Yes,2940240,1587423,623694,5293503,204
CP04915,Kochi,3880,4265,2,8,8,Standard,Basic,No,3993971,2489593,1298433,7781997,204
CP04916,Pune,871,1037,2,2,1,Economy,Premium,Yes,1638681,539191,315123,2661276,117
CP04917,Chennai,742,425,1,1,1,Standard,Basic,Yes,405982,246049,128980,889045,90
CP04918,Kochi,3932,2491,1,4,4,Standard,Standard,Yes,2574919,1568875,698002,5088546,129
CP04919,Bengaluru,1387,915,1,2,1,Standard,Basic,Yes,1021253,616289,299023,2157924,92
CP04920,Chennai,2281,2957,2,5,5,Standard,Standard,No,3080242,1834307,894858,5809407,198
CP04921,Mumbai,1222,3318,4,6,5,Economy,Standard,Yes,5871486,2654168,1637462,10349896,234
CP04922,Mumbai,4441,2476,1,4,5,Standard,Standard,Yes,4521947,2352661,998665,8003046,95
CP04923,Kochi,4276,8453,4,8,8,Standard,Standard,Yes,9250291,4295003,2554335,16224432,284
CP04924,Pune,3172,6816,3,8,8,Standard,Standard,Yes,7979944,4638854,2345221,15096823,228
CP04925,Pune,3860,5772,2,8,8,Standard,Standard,Yes,6973948,3707243,1901753,12686558,222
CP04926,Chennai,666,719,2,1,2,Standard,Premium,No,1022633,387580,204339,1614553,139
CP04927,Kochi,4886,8684,3,8,7,Economy,Standard,Yes,9610047,3911973,2547618,16284632,242
CP04928,Mumbai,1740,1086,1,2,2,Standard,Standard,Yes,2047930,1048250,500797,3756354,88
CP04929,Pune,2914,3710,2,8,7,Standard,Premium,No,5531228,2364452,1317587,9213267,185
CP04930,Pune,3132,4264,2,7,7,Standard,Standard,Yes,5259839,2699897,1482926,9540617,194
CP04931,Mumbai,4180,3883,2,8,8,Standard,Standard,Yes,6979269,3647120,1866028,12703820,206
CP04932,Kochi,1787,3766,3,7,8,Standard,Standard,Yes,3903907,1810295,1021452,6852093,244
CP04933,Mumbai,3939,1857,1,4,4,Premium,Basic,Yes,2792893,2212353,917899,6026369,157
CP04934,Hyderabad,1148,1409,2,3,3,Standard,Standard,Yes,1673315,916085,464931,3221528,142
CP04935,Delhi,4687,6933,2,8,7,Economy,Premium,Yes,14555118,5077629,2853466,22596669,212
CP04936,Pune,672,817,2,2,3,Standard,Standard,Yes,966941,554317,276265,1900959,136
CP04937,Chennai,798,801,2,1,1,Premium,Standard,Yes,923266,668530,233379,2023741,159
CP04938,Kochi,3801,6041,2,8,8,Standard,Standard,Yes,6313864,3518696,1541733,11550325,211
CP04939,Bengaluru,2381,5437,3,8,7,Premium,Standard,Yes,7268997,5428809,1688605,14612389,275
CP04940,Bengaluru,1171,1686,2,4,4,Standard,Standard,Yes,2253927,1198317,587116,4120757,156
CP04941,Mumbai,1390,2477,3,4,5,Premium,Premium,No,5662036,3216085,1297623,10175744,208
CP04942,Delhi,2238,2302,2,4,5,Premium,Standard,No,3604263,2811486,910734,7326483,191
CP04943,Kochi,2431,1894,1,3,4,Standard,Standard,Yes,1923620,1108449,513725,3659288,104
CP04944,Kochi,2455,1562,1,3,3,Economy,Standard,No,1526287,778503,453193,2757983,115
CP04945,Chennai,1774,1327,1,2,1,Standard,Standard,Yes,1474340,776247,398981,2895924,109
CP04946,Hyderabad,4340,4945,2,8,8,Premium,Premium,No,6989434,4212407,1584370,12786211,250
CP04947,Pune,3877,4399,2,8,8,Premium,Premium,Yes,7498960,3696025,1496777,12865439,233
CP04948,Hyderabad,778,1855,3,3,3,Economy,Standard,Yes,2240095,918134,583686,3847257,176
CP04949,Kochi,2844,5397,3,8,8,Standard,Standard,No,5605671,2812005,1550772,9968448,254
CP04950,Chennai,4686,2339,1,5,5,Premium,Standard,No,2847407,1873677,654259,5375344,163
CP04951,Hyderabad,1334,702,1,1,1,Standard,Standard,Yes,790367,472520,215581,1664050,115
CP04952,Mumbai,1398,1729,2,3,3,Premium,Premium,No,3893853,2289487,892766,7076106,161
CP04953,Bengaluru,1387,1289,2,2,1,Premium,Standard,Yes,1604200,1252777,457282,3501350,161
CP04954,Mumbai,3395,2077,1,3,3,Premium,Standard,Yes,3646163,2575245,1013652,7395915,136
CP04955,Pune,4904,2925,1,5,5,Economy,Standard,Yes,3495359,1665732,914724,6260346,158
CP04956,Mumbai,3684,10650,4,8,8,Economy,Standard,Yes,19086312,9573752,4865312,33671725,313
CP04957,Chennai,3518,6060,3,8,8,Economy,Standard,No,6399688,3214041,1700809,11314538,225
CP04958,Kochi,1331,1056,1,2,3,Premium,Standard,No,1109166,797394,267821,2174382,110
CP04959,Chennai,1729,1774,2,3,2,Standard,Standard,Yes,1909052,974275,523607,3518227,159
CP04960,Pune,4046,5315,2,8,7,Economy,Basic,Yes,5802546,2785916,1712955,10506256,195
CP04961,Pune,2205,3184,3,5,4,Standard,Standard,No,3685757,2170433,1062371,6918560,207
CP04962,Bengaluru,4378,6189,2,8,8,Standard,Standard,Yes,7558349,4317564,2267902,14362143,210
CP04963,Hyderabad,3345,2669,1,6,7,Premium,Standard,Yes,3344746,2473921,809135,6845783,196
CP04964,Bengaluru,3770,8332,3,8,7,Standard,Standard,Yes,10151603,5767676,3089975,19185719,257
CP04965,Mumbai,3533,4554,2,8,8,Standard,Standard,Yes,8182864,4047323,2253405,14664299,199
CP04966,Hyderabad,1815,2249,2,4,5,Economy,Basic,No,2287637,1190632,768877,4247146,166
CP04967,Pune,924,1371,2,3,4,Premium,Standard,Yes,1591403,1224160,421503,3361348,189
CP04968,Chennai,2450,3810,2,6,7,Standard,Standard,Yes,4201747,2241989,1223437,7796649,185
CP04969,Mumbai,2090,3328,2,6,7,Standard,Standard,No,5653703,3194370,1532773,10380847,153
CP04970,Bengaluru,1493,879,1,1,2,Economy,Basic,Yes,1021477,525146,288783,1983227,102
CP04971,Kochi,1990,3171,2,5,5,Economy,Standard,Yes,3297161,1380691,900534,5683276,156
CP04972,Delhi,3989,2012,1,4,4,Economy,Standard,Yes,3264073,1388355,802018,5698923,104
CP04973,Delhi,4839,7820,3,8,8,Standard,Premium,Yes,14838039,6983307,3368987,25440022,251
CP04974,Pune,2863,1377,1,2,2,Standard,Premium,No,2189942,982095,477342,3649379,105
CP04975,Kochi,4032,2197,1,4,3,Economy,Premium,Yes,3028837,996511,644699,4757301,141
CP04976,Hyderabad,2971,4270,2,7,7,Standard,Standard,No,4735250,2518648,1340505,8594403,170
CP04977,Delhi,3686,8277,3,8,8,Premium,Standard,Yes,12408019,9744449,3722361,25978429,291
CP04978,Hyderabad,4912,10648,3,8,8,Economy,Standard,Yes,11598190,6279889,3440331,21437795,290
CP04979,Chennai,2115,2837,2,5,6,Standard,Premium,Yes,3803752,1720905,843686,6579108,169
CP04980,Pune,3517,2215,1,4,3,Standard,Premium,No,3467669,1469854,725353,5662876,133
CP04981,Pune,2952,6181,3,8,8,Premium,Standard,Yes,7720385,5312116,1931514,15067104,286
CP04982,Mumbai,1767,2073,2,5,4,Standard,Standard,Yes,3629274,2090854,937483,6849296,159
CP04983,Mumbai,710,528,1,1,1,Premium,Standard,Yes,925941,673929,246522,1951431,128
CP04984,Kochi,4927,10154,3,8,8,Standard,Standard,Yes,10059872,6242085,2711094,19142184,271
CP04985,Hyderabad,4255,2953,1,6,6,Standard,Standard,Yes,3123994,1893937,866005,6107470,140
CP04986,Delhi,4393,11203,4,8,8,Economy,Premium,Yes,22735273,8102542,4446381,35426979,330
CP04987,Delhi,2355,5368,3,8,7,Standard,Standard,No,8048251,4323739,2399946,14771936,241
CP04988,Bengaluru,2177,2343,2,4,3,Standard,Standard,No,2750387,1553077,769119,5072584,178
CP04989,Hyderabad,1896,4424,4,8,7,Standard,Premium,Yes,6498082,2701007,1462529,10789660,269
CP04990,Delhi,4374,9476,3,8,8,Standard,Standard,Yes,14738586,7922892,3827015,26672584,265
CP04991,Mumbai,2820,1755,1,3,2,Standard,Standard,Yes,3138539,1777904,851972,5872837,110
CP04992,Mumbai,1572,2393,2,4,4,Premium,Standard,Yes,4245187,3228774,1092549,8803793,202
CP04993,Mumbai,1630,931,1,2,2,Standard,Basic,Yes,1433676,872763,452139,2896628,90
CP04994,Hyderabad,3193,3699,2,7,6,Economy,Standard,Yes,4373930,1773617,1324414,7568350,197
CP04995,Pune,4592,10484,3,8,8,Standard,Standard,No,12675272,6668650,3314867,22658789,276
CP04996,Kochi,1513,1853,2,4,3,Standard,Basic,Yes,1681664,1064322,518799,3495435,162
CP04997,Bengaluru,2781,3507,2,7,8,Economy,Standard,Yes,4238119,2080678,1123705,7619908,215
CP04998,Bengaluru,3797,4301,2,8,8,Standard,Standard,No,5483484,3239684,1581733,10304901,200
CP04999,Mumbai,2062,3382,3,6,7,Standard,Standard,No,6159215,3478965,1745994,11384175,249
CP05000,Chennai,2978,2023,1,3,3,Standard,Basic,Yes,2050329,1262002,572960,4110941,128
